{"center": [39, 99, 30], "label": [0, 2, 2, 2, 0, 0, 0, 0, 2, 2, 0, 0, 2, 2, 0, 0, 0, 0, 0, 0, 0, 0, 0, 0, 0, 2, 0, 0, 0, 2, 2, 0, 0, 0, 2, 0, 0, 2, 2, 0, 0, 2, 2, 0, 0, 2, 0, 2, 0, 0, 1, 1, 1, 1, 1, 1, 1, 1, 1, 1, 1, 1, 1, 1, 1, 1, 1, 1, 1, 1, 1, 1, 1, 1, 1, 1, 1, 1, 1, 1, 1, 1, 1, 1, 1, 1, 1, 1, 1, 1, 1, 1, 1, 1, 1, 1, 1, 1, 1, 1, 1, 1, 1, 1, 1, 1, 1, 1, 1, 1, 1, 1, 1, 1, 1, 1, 1, 1, 1, 1, 1, 1, 1, 1, 1, 1, 1, 1, 1, 1, 1, 1, 1, 1, 1, 1, 1, 1, 1, 1, 1, 1, 1, 1, 1, 1, 1, 1, 1, 1], "davies_bouldin": 0.68225, "calinski_harabasz": 195.28447, "silhouette_coefficient": 0.501226, "cluster_acc": 0.553333, "rand_index": 0.726085, "adjusted_rand_index": 0.453058, "mutual_info": 0.636514, "normalized_mutual_info": 0.653235, "adjusted_mutual_info": 0.648254, "homogeneity": 0.57938, "completeness": 0.748671, "v_measure": 0.653235, "h_c_v_m": [0.57938, 0.748671, 0.653235], "fowlkes_mallows_index": 0.685573}