{"center": [30, 96, 145], "label": [0, 0, 0, 0, 0, 0, 0, 0, 0, 0, 0, 0, 0, 0, 0, 0, 0, 0, 0, 0, 0, 0, 0, 0, 0, 0, 0, 0, 0, 0, 0, 0, 0, 0, 0, 0, 0, 0, 0, 0, 0, 0, 0, 0, 0, 0, 0, 0, 0, 0, 1, 1, 1, 1, 1, 1, 1, 1, 1, 1, 1, 1, 1, 1, 1, 1, 1, 1, 1, 1, 1, 1, 1, 1, 1, 1, 1, 2, 1, 1, 1, 1, 1, 1, 1, 1, 1, 1, 1, 1, 1, 1, 1, 1, 1, 1, 1, 1, 1, 1, 2, 1, 2, 2, 2, 2, 1, 2, 2, 2, 2, 2, 2, 2, 2, 2, 2, 2, 2, 2, 2, 1, 2, 2, 2, 2, 1, 2, 2, 2, 2, 2, 2, 1, 1, 2, 2, 2, 1, 2, 2, 2, 1, 2, 2, 2, 2, 2, 2, 1], "davies_bouldin": 0.80642, "calinski_harabasz": 337.502629, "silhouette_coefficient": 0.48285, "cluster_acc": 0.933333, "rand_index": 0.919463, "adjusted_rand_index": 0.818358, "mutual_info": 0.900231, "normalized_mutual_info": 0.822634, "adjusted_mutual_info": 0.820405, "homogeneity": 0.819426, "completeness": 0.825868, "v_measure": 0.822634, "h_c_v_m": [0.819426, 0.825868, 0.822634], "fowlkes_mallows_index": 0.878641}