{"center": [30, 99, 140], "label": [0, 0, 0, 0, 0, 0, 0, 0, 0, 0, 0, 0, 0, 0, 0, 0, 0, 0, 0, 0, 0, 0, 0, 0, 0, 0, 0, 0, 0, 0, 0, 0, 0, 0, 0, 0, 0, 0, 0, 0, 0, 0, 0, 0, 0, 0, 0, 0, 0, 0, 1, 1, 1, 1, 1, 1, 1, 1, 1, 1, 1, 1, 1, 1, 1, 1, 1, 1, 2, 1, 2, 1, 2, 1, 1, 1, 1, 2, 1, 1, 1, 1, 1, 2, 1, 2, 1, 2, 1, 1, 1, 1, 1, 1, 1, 1, 1, 1, 1, 1, 2, 2, 2, 2, 2, 2, 1, 2, 2, 2, 2, 2, 2, 2, 2, 2, 2, 2, 2, 2, 2, 2, 2, 2, 2, 2, 2, 2, 2, 2, 2, 2, 2, 1, 1, 2, 2, 2, 2, 2, 2, 2, 2, 2, 2, 2, 2, 2, 2, 2], "davies_bouldin": 0.869759, "calinski_harabasz": 310.132586, "silhouette_coefficient": 0.450884, "cluster_acc": 0.933333, "rand_index": 0.919463, "adjusted_rand_index": 0.817753, "mutual_info": 0.885833, "normalized_mutual_info": 0.807104, "adjusted_mutual_info": 0.804688, "homogeneity": 0.80632, "completeness": 0.80789, "v_measure": 0.807104, "h_c_v_m": [0.80632, 0.80789, 0.807104], "fowlkes_mallows_index": 0.877819}