{"center": [2, 99, 147], "label": [0, 0, 0, 0, 0, 0, 0, 0, 0, 0, 0, 0, 0, 0, 0, 0, 0, 0, 0, 0, 0, 0, 0, 0, 0, 0, 0, 0, 0, 0, 0, 0, 0, 0, 0, 0, 0, 0, 0, 0, 0, 0, 0, 0, 0, 0, 0, 0, 0, 0, 1, 1, 1, 1, 1, 1, 1, 1, 1, 1, 1, 1, 1, 1, 1, 1, 1, 1, 1, 1, 1, 1, 1, 1, 1, 1, 1, 2, 1, 1, 1, 1, 1, 1, 1, 1, 1, 1, 1, 1, 1, 1, 1, 1, 1, 1, 1, 1, 1, 1, 2, 2, 2, 2, 2, 2, 1, 2, 2, 2, 2, 2, 2, 2, 2, 2, 2, 2, 2, 1, 2, 2, 2, 2, 2, 2, 2, 2, 2, 2, 2, 2, 2, 1, 2, 2, 2, 2, 2, 2, 2, 2, 2, 2, 2, 2, 2, 2, 2, 2], "davies_bouldin": 0.819391, "calinski_harabasz": 335.404714, "silhouette_coefficient": 0.476585, "cluster_acc": 0.973333, "rand_index": 0.965638, "adjusted_rand_index": 0.922177, "mutual_info": 0.989743, "normalized_mutual_info": 0.901122, "adjusted_mutual_info": 0.899884, "homogeneity": 0.900903, "completeness": 0.901341, "v_measure": 0.901122, "h_c_v_m": [0.900903, 0.901341, 0.901122], "fowlkes_mallows_index": 0.947784}