{"center": [2, 99, 147], "label": [0, 0, 0, 0, 0, 0, 0, 0, 0, 0, 0, 0, 0, 0, 0, 0, 0, 0, 0, 0, 0, 0, 0, 0, 0, 0, 0, 0, 0, 0, 0, 0, 0, 0, 0, 0, 0, 0, 0, 0, 0, 0, 0, 0, 0, 0, 0, 0, 0, 0, 2, 1, 2, 1, 1, 1, 1, 1, 1, 1, 1, 1, 1, 1, 1, 1, 1, 1, 1, 1, 1, 1, 1, 1, 1, 1, 2, 2, 1, 1, 1, 1, 1, 1, 1, 1, 1, 1, 1, 1, 1, 1, 1, 1, 1, 1, 1, 1, 1, 1, 2, 2, 2, 2, 2, 2, 1, 2, 2, 2, 2, 2, 2, 2, 2, 2, 2, 2, 2, 1, 2, 1, 2, 2, 2, 2, 2, 2, 2, 2, 2, 2, 2, 1, 2, 2, 2, 2, 2, 2, 2, 2, 2, 2, 2, 2, 2, 2, 2, 1], "davies_bouldin": 0.811139, "calinski_harabasz": 339.465967, "silhouette_coefficient": 0.473822, "cluster_acc": 0.94, "rand_index": 0.926711, "adjusted_rand_index": 0.833983, "mutual_info": 0.897195, "normalized_mutual_info": 0.816711, "adjusted_mutual_info": 0.814418, "homogeneity": 0.816662, "completeness": 0.816761, "v_measure": 0.816711, "h_c_v_m": [0.816662, 0.816761, 0.816711], "fowlkes_mallows_index": 0.888587}