{
    "center": [
        34,
        96,
        143
    ],
    "label": [
        0,
        0,
        0,
        0,
        0,
        0,
        0,
        0,
        0,
        0,
        0,
        0,
        0,
        0,
        0,
        0,
        0,
        0,
        0,
        0,
        0,
        0,
        0,
        0,
        0,
        0,
        0,
        0,
        0,
        0,
        0,
        0,
        0,
        0,
        0,
        0,
        0,
        0,
        0,
        0,
        0,
        0,
        0,
        0,
        0,
        0,
        0,
        0,
        0,
        0,
        2,
        1,
        2,
        1,
        1,
        1,
        1,
        1,
        1,
        1,
        1,
        1,
        1,
        1,
        1,
        1,
        1,
        1,
        2,
        1,
        1,
        1,
        2,
        1,
        1,
        1,
        1,
        2,
        1,
        1,
        1,
        1,
        1,
        2,
        1,
        1,
        2,
        1,
        1,
        1,
        1,
        1,
        1,
        1,
        1,
        1,
        1,
        1,
        1,
        1,
        2,
        2,
        2,
        2,
        2,
        2,
        1,
        2,
        2,
        2,
        2,
        2,
        2,
        2,
        2,
        2,
        2,
        2,
        2,
        1,
        2,
        2,
        2,
        2,
        2,
        2,
        2,
        2,
        2,
        2,
        2,
        2,
        2,
        2,
        2,
        2,
        2,
        2,
        2,
        2,
        2,
        2,
        2,
        2,
        2,
        2,
        2,
        2,
        2,
        2
    ],
    "davies_bouldin": 0.826524,
    "calinski_harabasz": 327.390776,
    "silhouette_coefficient": 0.462276,
    "cluster_acc": 0.94,
    "rand_index": 0.926711,
    "adjusted_rand_index": 0.834259,
    "mutual_info": 0.904304,
    "normalized_mutual_info": 0.824386,
    "adjusted_mutual_info": 0.822184,
    "homogeneity": 0.823133,
    "completeness": 0.825642,
    "v_measure": 0.824386,
    "h_c_v_m": [
        0.823133,
        0.825642,
        0.824386
    ],
    "fowlkes_mallows_index": 0.888954
}