{"center": [49, 78, 147], "label": [0, 0, 0, 0, 0, 0, 0, 0, 0, 0, 0, 0, 0, 0, 0, 0, 0, 0, 0, 0, 0, 0, 0, 0, 0, 0, 0, 0, 0, 0, 0, 0, 0, 0, 0, 0, 0, 0, 0, 0, 0, 0, 0, 0, 0, 0, 0, 0, 0, 0, 1, 1, 2, 1, 1, 1, 1, 1, 1, 1, 1, 1, 1, 1, 1, 1, 1, 1, 1, 1, 1, 1, 1, 1, 1, 1, 1, 2, 1, 1, 1, 1, 1, 1, 1, 1, 1, 1, 1, 1, 1, 1, 1, 1, 1, 1, 1, 1, 1, 1, 2, 2, 2, 2, 2, 2, 1, 2, 1, 2, 2, 2, 2, 1, 2, 2, 2, 2, 2, 1, 2, 1, 2, 2, 2, 2, 1, 1, 2, 1, 2, 2, 2, 1, 1, 2, 2, 2, 1, 2, 2, 2, 2, 2, 2, 2, 2, 2, 2, 1], "davies_bouldin": 0.805177, "calinski_harabasz": 335.093069, "silhouette_coefficient": 0.47942, "cluster_acc": 0.906667, "rand_index": 0.89226, "adjusted_rand_index": 0.757606, "mutual_info": 0.845514, "normalized_mutual_info": 0.774351, "adjusted_mutual_info": 0.771507, "homogeneity": 0.76962, "completeness": 0.77914, "v_measure": 0.774351, "h_c_v_m": [0.76962, 0.77914, 0.774351], "fowlkes_mallows_index": 0.838465}