{"center": [9, 99, 120], "label": [0, 0, 0, 0, 0, 0, 0, 0, 0, 0, 0, 0, 0, 0, 0, 0, 0, 0, 0, 0, 0, 0, 0, 0, 0, 0, 0, 0, 0, 0, 0, 0, 0, 0, 0, 0, 0, 0, 0, 0, 0, 0, 0, 0, 0, 0, 0, 0, 0, 0, 1, 1, 1, 1, 1, 1, 1, 1, 1, 1, 1, 1, 1, 1, 1, 1, 1, 1, 1, 1, 2, 1, 1, 1, 1, 1, 1, 2, 1, 1, 1, 1, 1, 1, 1, 1, 1, 1, 1, 1, 1, 1, 1, 1, 1, 1, 1, 1, 1, 1, 2, 1, 2, 2, 2, 2, 1, 2, 2, 2, 2, 2, 2, 2, 2, 2, 2, 2, 2, 1, 2, 1, 2, 2, 2, 2, 1, 2, 2, 2, 2, 2, 2, 1, 1, 2, 2, 2, 2, 2, 2, 2, 1, 2, 2, 2, 2, 2, 2, 2], "davies_bouldin": 0.799902, "calinski_harabasz": 343.044235, "silhouette_coefficient": 0.482928, "cluster_acc": 0.933333, "rand_index": 0.919463, "adjusted_rand_index": 0.818006, "mutual_info": 0.891263, "normalized_mutual_info": 0.813043, "adjusted_mutual_info": 0.810697, "homogeneity": 0.811262, "completeness": 0.814831, "v_measure": 0.813043, "h_c_v_m": [0.811262, 0.814831, 0.813043], "fowlkes_mallows_index": 0.878158}