{"center": [49, 91, 99], "label": [0, 0, 0, 0, 0, 0, 0, 0, 0, 0, 0, 0, 0, 0, 0, 0, 0, 0, 0, 0, 0, 0, 0, 0, 0, 0, 0, 0, 0, 0, 0, 0, 0, 0, 0, 0, 0, 0, 0, 0, 0, 0, 0, 0, 0, 0, 0, 0, 0, 0, 1, 1, 1, 2, 1, 1, 1, 2, 1, 2, 2, 1, 2, 1, 2, 1, 1, 2, 2, 2, 1, 1, 1, 1, 1, 1, 1, 1, 1, 2, 2, 2, 2, 1, 1, 1, 1, 1, 1, 2, 2, 1, 2, 2, 1, 1, 1, 1, 2, 2, 1, 1, 1, 1, 1, 1, 1, 1, 1, 1, 1, 1, 1, 1, 1, 1, 1, 1, 1, 1, 1, 1, 1, 1, 1, 1, 1, 1, 1, 1, 1, 1, 1, 1, 1, 1, 1, 1, 1, 1, 1, 1, 1, 1, 1, 1, 1, 1, 1, 1], "davies_bouldin": 0.713183, "calinski_harabasz": 275.421917, "silhouette_coefficient": 0.429345, "cluster_acc": 0.793333, "rand_index": 0.808591, "adjusted_rand_index": 0.593487, "mutual_info": 0.739308, "normalized_mutual_info": 0.718028, "adjusted_mutual_info": 0.71422, "homogeneity": 0.672947, "completeness": 0.769581, "v_measure": 0.718028, "h_c_v_m": [0.672947, 0.769581, 0.718028], "fowlkes_mallows_index": 0.747645}