{"center": [7, 22, 78], "label": [0, 0, 0, 0, 0, 0, 0, 0, 0, 0, 0, 0, 0, 0, 0, 0, 0, 0, 0, 0, 0, 0, 1, 0, 0, 0, 0, 0, 0, 0, 0, 0, 1, 0, 0, 0, 0, 0, 0, 0, 0, 0, 0, 0, 0, 0, 0, 0, 0, 0, 2, 2, 2, 2, 2, 2, 2, 2, 2, 2, 2, 2, 2, 2, 2, 2, 2, 2, 2, 2, 2, 2, 2, 2, 2, 2, 2, 2, 2, 2, 2, 2, 2, 2, 2, 2, 2, 2, 2, 2, 2, 2, 2, 2, 2, 2, 2, 2, 2, 2, 2, 2, 2, 2, 2, 2, 2, 2, 2, 2, 2, 2, 2, 2, 2, 2, 2, 2, 2, 2, 2, 2, 2, 2, 2, 2, 2, 2, 2, 2, 2, 2, 2, 2, 2, 2, 2, 2, 2, 2, 2, 2, 2, 2, 2, 2, 2, 2, 2, 2], "davies_bouldin": 1.183768, "calinski_harabasz": 176.901251, "silhouette_coefficient": 0.426425, "cluster_acc": 0.653333, "rand_index": 0.767696, "adjusted_rand_index": 0.548971, "mutual_info": 0.636514, "normalized_mutual_info": 0.710749, "adjusted_mutual_info": 0.705717, "homogeneity": 0.57938, "completeness": 0.91916, "v_measure": 0.710749, "h_c_v_m": [0.57938, 0.91916, 0.710749], "fowlkes_mallows_index": 0.757211}