{"center": [9, 99, 120], "label": [0, 0, 0, 0, 0, 0, 0, 0, 0, 0, 0, 0, 0, 0, 0, 0, 0, 0, 0, 0, 0, 0, 0, 0, 0, 0, 0, 0, 0, 0, 0, 0, 0, 0, 0, 0, 0, 0, 0, 0, 0, 0, 0, 0, 0, 0, 0, 0, 0, 0, 2, 1, 2, 1, 1, 1, 2, 1, 1, 1, 1, 1, 1, 1, 1, 1, 1, 1, 2, 1, 2, 1, 2, 1, 1, 1, 2, 2, 1, 1, 1, 1, 1, 2, 1, 2, 1, 2, 1, 1, 1, 1, 1, 1, 1, 1, 1, 1, 1, 1, 2, 2, 2, 2, 2, 2, 1, 2, 2, 2, 2, 2, 2, 2, 2, 2, 2, 2, 2, 2, 2, 2, 2, 2, 2, 2, 2, 2, 2, 2, 2, 2, 2, 2, 2, 2, 2, 2, 2, 2, 2, 2, 2, 2, 2, 2, 2, 2, 2, 2], "davies_bouldin": 0.82448, "calinski_harabasz": 316.763989, "silhouette_coefficient": 0.452222, "cluster_acc": 0.92, "rand_index": 0.905503, "adjusted_rand_index": 0.787402, "mutual_info": 0.876873, "normalized_mutual_info": 0.80307, "adjusted_mutual_info": 0.800589, "homogeneity": 0.798164, "completeness": 0.808037, "v_measure": 0.80307, "h_c_v_m": [0.798164, 0.808037, 0.80307], "fowlkes_mallows_index": 0.858332}