{"center": [30, 99, 140], "label": [0, 0, 0, 0, 0, 0, 0, 0, 0, 0, 0, 0, 0, 0, 0, 0, 0, 0, 0, 0, 0, 0, 0, 0, 0, 0, 0, 0, 0, 0, 0, 0, 0, 0, 0, 0, 0, 0, 0, 0, 0, 0, 0, 0, 0, 0, 0, 0, 0, 0, 1, 1, 1, 1, 1, 1, 1, 1, 1, 1, 1, 1, 1, 1, 1, 1, 1, 1, 1, 1, 1, 1, 1, 1, 1, 1, 1, 1, 1, 1, 1, 1, 1, 1, 1, 1, 1, 1, 1, 1, 1, 1, 1, 1, 1, 1, 1, 1, 1, 1, 2, 2, 2, 2, 2, 2, 1, 2, 2, 2, 2, 2, 2, 2, 2, 2, 2, 2, 2, 1, 2, 2, 2, 1, 2, 2, 2, 2, 2, 2, 2, 2, 2, 1, 1, 2, 2, 2, 2, 2, 2, 2, 2, 2, 2, 2, 2, 2, 2, 1], "davies_bouldin": 0.814965, "calinski_harabasz": 336.054266, "silhouette_coefficient": 0.478387, "cluster_acc": 0.96, "rand_index": 0.94953, "adjusted_rand_index": 0.88595, "mutual_info": 0.971492, "normalized_mutual_info": 0.886231, "adjusted_mutual_info": 0.884804, "homogeneity": 0.88429, "completeness": 0.88818, "v_measure": 0.886231, "h_c_v_m": [0.88429, 0.88818, 0.886231], "fowlkes_mallows_index": 0.92365}