{"center": [9, 96, 120], "label": [0, 0, 0, 0, 0, 0, 0, 0, 0, 0, 0, 0, 0, 0, 0, 0, 0, 0, 0, 0, 0, 0, 0, 0, 0, 0, 0, 0, 0, 0, 0, 0, 0, 0, 0, 0, 0, 0, 0, 0, 0, 0, 0, 0, 0, 0, 0, 0, 0, 0, 2, 1, 2, 1, 1, 1, 1, 1, 1, 1, 1, 1, 1, 1, 1, 1, 1, 1, 2, 1, 2, 1, 2, 1, 1, 1, 1, 2, 1, 1, 1, 1, 1, 2, 1, 1, 1, 2, 1, 1, 1, 1, 1, 1, 1, 1, 1, 1, 1, 1, 2, 2, 2, 2, 2, 2, 1, 2, 2, 2, 2, 2, 2, 2, 2, 2, 2, 2, 2, 2, 2, 2, 2, 2, 2, 2, 2, 2, 2, 2, 2, 2, 2, 2, 2, 2, 2, 2, 2, 2, 2, 2, 2, 2, 2, 2, 2, 2, 2, 2], "davies_bouldin": 0.847489, "calinski_harabasz": 314.627391, "silhouette_coefficient": 0.452052, "cluster_acc": 0.94, "rand_index": 0.926711, "adjusted_rand_index": 0.834534, "mutual_info": 0.912821, "normalized_mutual_info": 0.833372, "adjusted_mutual_info": 0.831279, "homogeneity": 0.830886, "completeness": 0.835873, "v_measure": 0.833372, "h_c_v_m": [0.830886, 0.835873, 0.833372], "fowlkes_mallows_index": 0.889329}