{"center": [49, 78, 94], "label": [0, 0, 0, 0, 0, 0, 0, 0, 0, 0, 0, 0, 0, 0, 0, 0, 0, 0, 0, 0, 0, 0, 0, 0, 0, 0, 0, 0, 0, 0, 0, 0, 0, 0, 0, 0, 0, 0, 0, 0, 0, 0, 0, 0, 0, 0, 0, 0, 0, 0, 1, 1, 1, 2, 1, 1, 1, 2, 1, 2, 2, 1, 2, 1, 1, 1, 1, 2, 1, 2, 1, 1, 1, 1, 1, 1, 1, 1, 1, 2, 2, 2, 1, 1, 1, 1, 1, 2, 1, 2, 2, 1, 1, 2, 2, 1, 1, 1, 1, 1, 1, 1, 1, 1, 1, 1, 1, 1, 1, 1, 1, 1, 1, 1, 1, 1, 1, 1, 1, 1, 1, 1, 1, 1, 1, 1, 1, 1, 1, 1, 1, 1, 1, 1, 1, 1, 1, 1, 1, 1, 1, 1, 1, 1, 1, 1, 1, 1, 1, 1], "davies_bouldin": 0.719269, "calinski_harabasz": 249.834943, "silhouette_coefficient": 0.405785, "cluster_acc": 0.766667, "rand_index": 0.796421, "adjusted_rand_index": 0.57494, "mutual_info": 0.714699, "normalized_mutual_info": 0.708699, "adjusted_mutual_info": 0.704654, "homogeneity": 0.650547, "completeness": 0.778268, "v_measure": 0.708699, "h_c_v_m": [0.650547, 0.778268, 0.708699], "fowlkes_mallows_index": 0.742307}