{"center": [2, 99, 104], "label": [0, 0, 0, 0, 0, 0, 0, 0, 0, 0, 0, 0, 0, 0, 0, 0, 0, 0, 0, 0, 0, 0, 0, 0, 0, 0, 0, 0, 0, 0, 0, 0, 0, 0, 0, 0, 0, 0, 0, 0, 0, 0, 0, 0, 0, 0, 0, 0, 0, 0, 1, 1, 2, 1, 1, 1, 1, 1, 1, 1, 1, 1, 1, 1, 1, 1, 1, 1, 1, 1, 1, 1, 1, 1, 1, 1, 1, 2, 1, 1, 1, 1, 1, 1, 1, 1, 2, 1, 1, 1, 1, 1, 1, 1, 1, 1, 1, 1, 1, 1, 2, 2, 2, 2, 2, 2, 1, 2, 2, 2, 2, 2, 2, 1, 2, 2, 2, 2, 2, 1, 2, 1, 2, 2, 2, 2, 2, 2, 2, 2, 2, 2, 2, 1, 1, 2, 2, 2, 1, 2, 2, 2, 2, 2, 2, 2, 2, 2, 2, 1], "davies_bouldin": 0.795899, "calinski_harabasz": 346.325038, "silhouette_coefficient": 0.48318, "cluster_acc": 0.926667, "rand_index": 0.912394, "adjusted_rand_index": 0.80188, "mutual_info": 0.873061, "normalized_mutual_info": 0.795904, "adjusted_mutual_info": 0.793345, "homogeneity": 0.794694, "completeness": 0.797117, "v_measure": 0.795904, "h_c_v_m": [0.794694, 0.797117, 0.795904], "fowlkes_mallows_index": 0.867259}