{"center": [7, 32, 63], "label": [0, 0, 0, 0, 0, 0, 0, 0, 0, 0, 0, 0, 0, 0, 0, 1, 0, 0, 0, 0, 0, 0, 0, 0, 0, 0, 0, 0, 0, 0, 0, 0, 1, 1, 0, 0, 0, 0, 0, 0, 0, 0, 0, 0, 0, 0, 0, 0, 0, 0, 2, 2, 2, 2, 2, 2, 2, 2, 2, 2, 2, 2, 2, 2, 2, 2, 2, 2, 2, 2, 2, 2, 2, 2, 2, 2, 2, 2, 2, 2, 2, 2, 2, 2, 2, 2, 2, 2, 2, 2, 2, 2, 2, 2, 2, 2, 2, 2, 2, 2, 2, 2, 2, 2, 2, 2, 2, 2, 2, 2, 2, 2, 2, 2, 2, 2, 2, 2, 2, 2, 2, 2, 2, 2, 2, 2, 2, 2, 2, 2, 2, 2, 2, 2, 2, 2, 2, 2, 2, 2, 2, 2, 2, 2, 2, 2, 2, 2, 2, 2], "davies_bouldin": 0.56287, "calinski_harabasz": 184.279651, "silhouette_coefficient": 0.511345, "cluster_acc": 0.646667, "rand_index": 0.763669, "adjusted_rand_index": 0.539922, "mutual_info": 0.636514, "normalized_mutual_info": 0.703027, "adjusted_mutual_info": 0.697882, "homogeneity": 0.57938, "completeness": 0.893767, "v_measure": 0.703027, "h_c_v_m": [0.57938, 0.893767, 0.703027], "fowlkes_mallows_index": 0.750473}