{"center": [9, 34, 37], "label": [2, 1, 1, 1, 2, 2, 1, 2, 1, 0, 2, 2, 2, 1, 2, 2, 2, 2, 2, 2, 2, 2, 1, 2, 1, 1, 2, 2, 2, 1, 1, 2, 2, 2, 1, 2, 2, 2, 1, 2, 2, 1, 1, 2, 2, 1, 2, 1, 2, 2, 1, 1, 1, 1, 1, 1, 1, 1, 1, 1, 1, 1, 1, 1, 1, 1, 1, 1, 1, 1, 1, 1, 1, 1, 1, 1, 1, 1, 1, 1, 1, 1, 1, 1, 1, 1, 1, 1, 1, 1, 1, 1, 1, 1, 1, 1, 1, 1, 1, 1, 1, 1, 1, 1, 1, 1, 1, 1, 1, 1, 1, 1, 1, 1, 1, 1, 1, 1, 1, 1, 1, 1, 1, 1, 1, 1, 1, 1, 1, 1, 1, 1, 1, 1, 1, 1, 1, 1, 1, 1, 1, 1, 1, 1, 1, 1, 1, 1, 1, 1], "davies_bouldin": 0.63765, "calinski_harabasz": 47.537043, "silhouette_coefficient": 0.237989, "cluster_acc": 0.546667, "rand_index": 0.571096, "adjusted_rand_index": 0.222861, "mutual_info": 0.313229, "normalized_mutual_info": 0.378435, "adjusted_mutual_info": 0.367592, "homogeneity": 0.285114, "completeness": 0.56257, "v_measure": 0.378435, "h_c_v_m": [0.285114, 0.56257, 0.378435], "fowlkes_mallows_index": 0.59577}