{"center": [7, 91, 147], "label": [0, 0, 0, 0, 0, 0, 0, 0, 0, 0, 0, 0, 0, 0, 0, 0, 0, 0, 0, 0, 0, 0, 0, 0, 0, 0, 0, 0, 0, 0, 0, 0, 0, 0, 0, 0, 0, 0, 0, 0, 0, 0, 0, 0, 0, 0, 0, 0, 0, 0, 1, 1, 2, 1, 1, 1, 1, 1, 1, 1, 1, 1, 1, 1, 1, 1, 1, 1, 1, 1, 1, 1, 1, 1, 1, 1, 1, 1, 1, 1, 1, 1, 1, 1, 1, 1, 1, 1, 1, 1, 1, 1, 1, 1, 1, 1, 1, 1, 1, 1, 2, 2, 2, 2, 2, 2, 1, 2, 2, 2, 2, 2, 2, 1, 1, 2, 2, 1, 2, 1, 2, 1, 2, 1, 2, 1, 1, 1, 2, 1, 2, 1, 2, 1, 1, 2, 2, 2, 1, 2, 2, 2, 2, 2, 2, 2, 2, 2, 2, 1], "davies_bouldin": 0.892036, "calinski_harabasz": 282.761225, "silhouette_coefficient": 0.448219, "cluster_acc": 0.886667, "rand_index": 0.873736, "adjusted_rand_index": 0.718358, "mutual_info": 0.826509, "normalized_mutual_info": 0.762899, "adjusted_mutual_info": 0.759885, "homogeneity": 0.752321, "completeness": 0.77378, "v_measure": 0.762899, "h_c_v_m": [0.752321, 0.77378, 0.762899], "fowlkes_mallows_index": 0.814089}