{"center": [2, 96, 104], "label": [0, 0, 0, 0, 0, 0, 0, 0, 0, 0, 0, 0, 0, 0, 0, 0, 0, 0, 0, 0, 0, 0, 0, 0, 0, 0, 0, 0, 0, 0, 0, 0, 0, 0, 0, 0, 0, 0, 0, 0, 0, 0, 0, 0, 0, 0, 0, 0, 0, 0, 1, 1, 1, 1, 1, 1, 1, 1, 1, 1, 1, 1, 1, 1, 1, 1, 1, 1, 1, 1, 1, 1, 1, 1, 1, 1, 1, 2, 1, 1, 1, 1, 1, 1, 1, 1, 1, 1, 1, 1, 1, 1, 1, 1, 1, 1, 1, 1, 1, 1, 2, 1, 2, 2, 2, 2, 1, 2, 2, 2, 2, 2, 2, 2, 2, 2, 2, 2, 2, 2, 2, 1, 2, 2, 2, 2, 2, 2, 2, 2, 2, 2, 2, 1, 1, 2, 2, 2, 1, 2, 2, 2, 1, 2, 2, 2, 2, 2, 2, 2], "davies_bouldin": 0.815096, "calinski_harabasz": 335.379104, "silhouette_coefficient": 0.47752, "cluster_acc": 0.946667, "rand_index": 0.934139, "adjusted_rand_index": 0.851169, "mutual_info": 0.926133, "normalized_mutual_info": 0.844853, "adjusted_mutual_info": 0.842906, "homogeneity": 0.843003, "completeness": 0.846711, "v_measure": 0.844853, "h_c_v_m": [0.843003, 0.846711, 0.844853], "fowlkes_mallows_index": 0.900363}