{"center": [30, 96, 112], "label": [0, 0, 0, 0, 0, 0, 0, 0, 0, 0, 0, 0, 0, 0, 0, 0, 0, 0, 0, 0, 0, 0, 0, 0, 0, 0, 0, 0, 0, 0, 0, 0, 0, 0, 0, 0, 0, 0, 0, 0, 0, 0, 0, 0, 0, 0, 0, 0, 0, 0, 1, 1, 1, 1, 1, 1, 1, 1, 1, 1, 1, 1, 1, 1, 1, 1, 1, 1, 1, 1, 2, 1, 1, 1, 1, 1, 1, 1, 1, 1, 1, 1, 1, 1, 1, 1, 1, 1, 1, 1, 1, 1, 1, 1, 1, 1, 1, 1, 1, 1, 2, 2, 2, 2, 2, 2, 1, 2, 2, 2, 2, 2, 2, 2, 2, 2, 2, 2, 2, 1, 2, 2, 2, 1, 2, 2, 2, 2, 2, 2, 2, 2, 2, 1, 1, 2, 2, 2, 2, 2, 2, 2, 2, 2, 2, 2, 2, 2, 2, 2], "davies_bouldin": 0.818165, "calinski_harabasz": 335.602489, "silhouette_coefficient": 0.477697, "cluster_acc": 0.96, "rand_index": 0.94953, "adjusted_rand_index": 0.885792, "mutual_info": 0.955436, "normalized_mutual_info": 0.870521, "adjusted_mutual_info": 0.868899, "homogeneity": 0.869675, "completeness": 0.871369, "v_measure": 0.870521, "h_c_v_m": [0.869675, 0.871369, 0.870521], "fowlkes_mallows_index": 0.923434}