{"center": [49, 99, 147], "label": [0, 0, 0, 0, 0, 0, 0, 0, 0, 0, 0, 0, 0, 0, 0, 0, 0, 0, 0, 0, 0, 0, 0, 0, 0, 0, 0, 0, 0, 0, 0, 0, 0, 0, 0, 0, 0, 0, 0, 0, 0, 0, 0, 0, 0, 0, 0, 0, 0, 0, 1, 1, 1, 1, 1, 1, 1, 1, 1, 1, 1, 1, 1, 1, 1, 1, 1, 1, 1, 1, 2, 1, 1, 1, 1, 1, 1, 2, 1, 1, 1, 1, 1, 1, 1, 1, 1, 1, 1, 1, 1, 1, 1, 1, 1, 1, 1, 1, 1, 1, 2, 2, 2, 2, 2, 2, 1, 2, 2, 2, 2, 2, 2, 2, 2, 2, 2, 2, 2, 1, 2, 1, 2, 2, 2, 2, 2, 2, 2, 2, 2, 2, 2, 1, 1, 2, 2, 2, 2, 2, 2, 2, 2, 2, 2, 2, 2, 2, 2, 2], "davies_bouldin": 0.808847, "calinski_harabasz": 340.132274, "silhouette_coefficient": 0.480714, "cluster_acc": 0.953333, "rand_index": 0.941745, "adjusted_rand_index": 0.868111, "mutual_info": 0.933069, "normalized_mutual_info": 0.849781, "adjusted_mutual_info": 0.847899, "homogeneity": 0.849316, "completeness": 0.850245, "v_measure": 0.849781, "h_c_v_m": [0.849316, 0.850245, 0.849781], "fowlkes_mallows_index": 0.911538}