{"center": [49, 82, 91], "label": [0, 0, 0, 0, 0, 0, 0, 0, 0, 0, 0, 0, 0, 0, 0, 0, 0, 0, 0, 0, 0, 0, 0, 0, 0, 0, 0, 0, 0, 0, 0, 0, 0, 0, 0, 0, 0, 0, 0, 0, 0, 0, 0, 0, 0, 0, 0, 0, 0, 0, 1, 2, 1, 1, 2, 1, 2, 1, 2, 1, 1, 1, 1, 1, 1, 2, 1, 1, 1, 1, 2, 1, 1, 1, 1, 2, 1, 1, 1, 1, 1, 1, 1, 2, 1, 2, 2, 1, 1, 1, 1, 2, 1, 1, 1, 1, 1, 1, 1, 1, 2, 1, 2, 2, 2, 2, 1, 2, 1, 2, 2, 2, 2, 2, 1, 2, 2, 2, 2, 1, 2, 1, 2, 2, 2, 2, 2, 2, 2, 2, 2, 2, 2, 2, 1, 2, 2, 2, 2, 2, 2, 2, 1, 2, 2, 2, 2, 2, 2, 2], "davies_bouldin": 0.888152, "calinski_harabasz": 309.544418, "silhouette_coefficient": 0.43719, "cluster_acc": 0.873333, "rand_index": 0.862282, "adjusted_rand_index": 0.688207, "mutual_info": 0.775219, "normalized_mutual_info": 0.706021, "adjusted_mutual_info": 0.702339, "homogeneity": 0.705635, "completeness": 0.706407, "v_measure": 0.706021, "h_c_v_m": [0.705635, 0.706407, 0.706021], "fowlkes_mallows_index": 0.790869}