{"center": [2, 99, 104], "label": [0, 0, 0, 0, 0, 0, 0, 0, 0, 0, 0, 0, 0, 0, 0, 0, 0, 0, 0, 0, 0, 0, 0, 0, 0, 0, 0, 0, 0, 0, 0, 0, 0, 0, 0, 0, 0, 0, 0, 0, 0, 0, 0, 0, 0, 0, 0, 0, 0, 0, 1, 1, 1, 1, 1, 1, 1, 1, 1, 1, 1, 1, 1, 1, 1, 1, 1, 1, 1, 1, 1, 1, 1, 1, 1, 1, 1, 2, 1, 1, 1, 1, 1, 1, 1, 1, 2, 1, 1, 1, 1, 1, 1, 1, 1, 1, 1, 1, 1, 1, 2, 2, 2, 2, 2, 2, 1, 2, 2, 2, 2, 2, 2, 1, 2, 2, 2, 2, 2, 1, 2, 1, 2, 2, 2, 2, 2, 2, 2, 2, 2, 2, 2, 1, 1, 2, 2, 2, 2, 2, 2, 2, 2, 2, 2, 2, 2, 2, 2, 2], "davies_bouldin": 0.804876, "calinski_harabasz": 342.282195, "silhouette_coefficient": 0.479675, "cluster_acc": 0.946667, "rand_index": 0.934139, "adjusted_rand_index": 0.850963, "mutual_info": 0.918187, "normalized_mutual_info": 0.836583, "adjusted_mutual_info": 0.834536, "homogeneity": 0.83577, "completeness": 0.837398, "v_measure": 0.836583, "h_c_v_m": [0.83577, 0.837398, 0.836583], "fowlkes_mallows_index": 0.900084}