{"center": [49, 99, 147], "label": [0, 0, 0, 0, 0, 0, 0, 0, 0, 0, 0, 0, 0, 0, 0, 0, 0, 0, 0, 0, 0, 0, 0, 0, 0, 0, 0, 0, 0, 0, 0, 0, 0, 0, 0, 0, 0, 0, 0, 0, 0, 0, 0, 0, 0, 0, 0, 0, 0, 0, 1, 1, 1, 1, 1, 1, 1, 1, 1, 1, 1, 1, 1, 1, 1, 1, 1, 1, 1, 1, 1, 1, 1, 1, 1, 1, 1, 1, 1, 1, 1, 1, 1, 1, 1, 1, 1, 1, 1, 1, 1, 1, 1, 1, 1, 1, 1, 1, 1, 1, 2, 2, 2, 2, 2, 2, 1, 2, 2, 2, 2, 2, 2, 2, 2, 2, 2, 2, 2, 2, 2, 2, 2, 2, 2, 2, 2, 2, 2, 2, 2, 2, 2, 1, 1, 2, 2, 2, 1, 2, 2, 2, 2, 2, 2, 2, 2, 2, 2, 2], "davies_bouldin": 0.832265, "calinski_harabasz": 328.865494, "silhouette_coefficient": 0.472549, "cluster_acc": 0.973333, "rand_index": 0.965638, "adjusted_rand_index": 0.922241, "mutual_info": 1.003554, "normalized_mutual_info": 0.914363, "adjusted_mutual_info": 0.91329, "homogeneity": 0.913474, "completeness": 0.915253, "v_measure": 0.914363, "h_c_v_m": [0.913474, 0.915253, 0.914363], "fowlkes_mallows_index": 0.947871}