{"center": [7, 22, 63], "label": [0, 0, 0, 0, 0, 0, 0, 0, 0, 0, 0, 0, 0, 0, 0, 0, 0, 0, 0, 0, 0, 0, 1, 0, 0, 0, 0, 0, 0, 0, 0, 0, 0, 0, 0, 0, 0, 0, 0, 0, 0, 0, 0, 0, 0, 0, 0, 0, 0, 0, 2, 2, 2, 2, 2, 2, 2, 2, 2, 2, 2, 2, 2, 2, 2, 2, 2, 2, 2, 2, 2, 2, 2, 2, 2, 2, 2, 2, 2, 2, 2, 2, 2, 2, 2, 2, 2, 2, 2, 2, 2, 2, 2, 2, 2, 2, 2, 2, 2, 2, 2, 2, 2, 2, 2, 2, 2, 2, 2, 2, 2, 2, 2, 2, 2, 2, 2, 2, 2, 2, 2, 2, 2, 2, 2, 2, 2, 2, 2, 2, 2, 2, 2, 2, 2, 2, 2, 2, 2, 2, 2, 2, 2, 2, 2, 2, 2, 2, 2, 2], "davies_bouldin": 0.843029, "calinski_harabasz": 175.873203, "silhouette_coefficient": 0.374078, "cluster_acc": 0.66, "rand_index": 0.771902, "adjusted_rand_index": 0.558371, "mutual_info": 0.636514, "normalized_mutual_info": 0.720118, "adjusted_mutual_info": 0.715566, "homogeneity": 0.57938, "completeness": 0.951166, "v_measure": 0.720118, "h_c_v_m": [0.57938, 0.951166, 0.720118], "fowlkes_mallows_index": 0.764206}