{"center": [30, 99, 140], "label": [0, 0, 0, 0, 0, 0, 0, 0, 0, 0, 0, 0, 0, 0, 0, 0, 0, 0, 0, 0, 0, 0, 0, 0, 0, 0, 0, 0, 0, 0, 0, 0, 0, 0, 0, 0, 0, 0, 0, 0, 0, 0, 0, 0, 0, 0, 0, 0, 0, 0, 1, 1, 1, 1, 1, 1, 1, 1, 1, 1, 1, 1, 1, 1, 1, 1, 1, 1, 1, 1, 1, 1, 1, 1, 1, 1, 1, 1, 1, 1, 1, 1, 1, 1, 1, 1, 1, 1, 1, 1, 1, 1, 1, 1, 1, 1, 1, 1, 1, 1, 2, 2, 2, 2, 2, 2, 1, 2, 2, 2, 2, 2, 2, 2, 2, 2, 2, 2, 2, 1, 2, 2, 2, 2, 2, 2, 2, 2, 2, 2, 2, 2, 2, 1, 1, 2, 2, 2, 1, 2, 2, 2, 2, 2, 2, 2, 2, 2, 2, 2], "davies_bouldin": 0.815214, "calinski_harabasz": 336.556033, "silhouette_coefficient": 0.479218, "cluster_acc": 0.966667, "rand_index": 0.957494, "adjusted_rand_index": 0.903874, "mutual_info": 0.986912, "normalized_mutual_info": 0.899694, "adjusted_mutual_info": 0.898436, "homogeneity": 0.898326, "completeness": 0.901065, "v_measure": 0.899694, "h_c_v_m": [0.898326, 0.901065, 0.899694], "fowlkes_mallows_index": 0.935599}