{"center": [9, 96, 120], "label": [0, 0, 0, 0, 0, 0, 0, 0, 0, 0, 0, 0, 0, 0, 0, 0, 0, 0, 0, 0, 0, 0, 0, 0, 0, 0, 0, 0, 0, 0, 0, 0, 0, 0, 0, 0, 0, 0, 0, 0, 0, 0, 0, 0, 0, 0, 0, 0, 0, 0, 1, 1, 1, 1, 1, 1, 1, 1, 1, 1, 1, 1, 1, 1, 1, 1, 1, 1, 2, 1, 2, 1, 2, 1, 1, 1, 1, 2, 1, 1, 1, 1, 1, 2, 1, 1, 1, 2, 1, 1, 1, 1, 1, 1, 1, 1, 1, 1, 1, 1, 2, 2, 2, 2, 2, 2, 1, 2, 2, 2, 2, 2, 2, 2, 2, 2, 2, 2, 2, 2, 2, 2, 2, 2, 2, 2, 2, 2, 2, 2, 2, 2, 2, 2, 2, 2, 2, 2, 2, 2, 2, 2, 2, 2, 2, 2, 2, 2, 2, 2], "davies_bouldin": 0.872246, "calinski_harabasz": 309.139991, "silhouette_coefficient": 0.449947, "cluster_acc": 0.953333, "rand_index": 0.941745, "adjusted_rand_index": 0.868257, "mutual_info": 0.940285, "normalized_mutual_info": 0.857187, "adjusted_mutual_info": 0.855397, "homogeneity": 0.855885, "completeness": 0.858494, "v_measure": 0.857187, "h_c_v_m": [0.855885, 0.858494, 0.857187], "fowlkes_mallows_index": 0.911734}