{"label": [-1, -1, -1, -1, -1, -1, 1, -1, -1, 0, -1, -1, -1, -1, -1, 2, -1, -1, -1, -1, 0, -1, 1, 1, 1, -1, 2, -1, -1, 1, -1, -1, -1, -1, -1, 1, -1, -1, -1, -1, 0, -1, 1, -1, 0, -1, -1, 0, -1, -1, -1, -1, -1, 2, 0, -1, 0, 2, -1, -1, -1, -1, -1, -1, -1, -1, -1, 4, -1, 10, -1, -1, -1, -1, -1, -1, -1, -1, 10, -1, 3, -1, 6, -1, -1, 3, 6, 6, 7, -1, 7, 7, 7, -1, -1, 10, -1, 3, -1, -1, -1, -1, 5, -1, 4, -1, 4, 7, -1, -1, -1, 5, -1, -1, 5, -1, 4, -1, -1, -1, -1, -1, -1, -1, -1, 5, -1, -1, -1, -1, -1, 9, 9, 9, -1, -1, -1, -1, 8, 8, 8, -1, 8, -1, -1, -1, -1, -1, -1, -1, -1, -1, -1, -1, -1, -1, -1, -1, -1, -1, -1, 8, 8, -1, -1, 8, -1, -1, -1, -1, -1, -1, -1, -1, -1, -1, -1, -1], "eps": 0.2, "min_samples": 3, "davies_bouldin": 1.547048, "calinski_harabasz": 3.943735, "silhouette_coefficient": -0.230225, "cluster_acc": -1, "rand_index": 0.495271, "adjusted_rand_index": 0.005053, "mutual_info": 0.300218, "normalized_mutual_info": 0.25699, "adjusted_mutual_info": 0.204849, "homogeneity": 0.276435, "completeness": 0.240102, "v_measure": 0.25699, "h_c_v_m": [0.276435, 0.240102, 0.25699], "fowlkes_mallows_index": 0.423275}