{"label": [-1, -1, -1, -1, -1, 1, 0, -1, -1, 0, -1, 1, 1, -1, -1, 1, 1, 1, -1, -1, 0, -1, 0, 0, 0, -1, 1, 2, -1, 0, -1, -1, -1, -1, 2, 0, -1, 2, 2, -1, 0, -1, 0, -1, 0, -1, -1, 0, -1, -1, -1, 1, -1, 1, 0, -1, 0, 1, -1, -1, -1, -1, -1, -1, -1, -1, -1, 3, -1, -1, -1, -1, -1, -1, -1, -1, -1, -1, -1, -1, -1, -1, -1, -1, -1, -1, -1, -1, 5, -1, 5, 5, 5, -1, -1, -1, -1, -1, -1, -1, -1, 3, 4, -1, 3, -1, 3, 5, -1, -1, -1, 4, -1, -1, 4, -1, 3, -1, -1, -1, -1, -1, -1, -1, -1, 4, 4, -1, -1, -1, -1, 8, 8, 8, -1, -1, -1, -1, 6, 6, 6, -1, 6, -1, -1, -1, -1, -1, 7, -1, -1, -1, -1, -1, -1, -1, 7, -1, -1, -1, -1, 6, 6, 8, 7, -1, -1, 7, -1, -1, 8, -1, 7, -1, 7, -1, -1, -1], "eps": 0.1, "min_samples": 4, "davies_bouldin": 1.770798, "calinski_harabasz": 5.44981, "silhouette_coefficient": -0.197517, "cluster_acc": -1, "rand_index": 0.550879, "adjusted_rand_index": 0.072706, "mutual_info": 0.38596, "normalized_mutual_info": 0.316942, "adjusted_mutual_info": 0.281421, "homogeneity": 0.355384, "completeness": 0.286005, "v_measure": 0.316942, "h_c_v_m": [0.355384, 0.286005, 0.316942], "fowlkes_mallows_index": 0.435765}