{"label": [-1, -1, -1, -1, -1, 1, 0, -1, -1, 0, -1, -1, -1, -1, -1, 1, 1, 1, -1, -1, -1, -1, 0, 0, 0, -1, -1, -1, -1, 0, -1, -1, -1, -1, -1, 0, -1, -1, -1, -1, 0, -1, 0, -1, 0, -1, -1, 0, -1, -1, -1, -1, -1, 1, 0, -1, 0, 1, -1, -1, -1, -1, -1, -1, 3, -1, -1, -1, -1, -1, -1, -1, -1, -1, -1, -1, -1, -1, -1, -1, -1, -1, -1, -1, -1, -1, 3, -1, 3, -1, 3, 3, 3, -1, -1, -1, -1, -1, -1, -1, -1, -1, 2, -1, -1, -1, -1, 3, -1, -1, -1, 2, -1, -1, 2, -1, -1, -1, -1, -1, -1, -1, -1, -1, -1, 2, 2, -1, -1, -1, -1, -1, -1, -1, -1, -1, -1, -1, 4, 4, 4, -1, 4, -1, -1, -1, -1, -1, 5, -1, -1, -1, -1, -1, -1, -1, 5, -1, -1, -1, 5, 4, 4, -1, 5, -1, -1, 5, -1, -1, -1, -1, 5, -1, 5, -1, -1, -1], "eps": 0.7, "min_samples": 5, "davies_bouldin": 1.703456, "calinski_harabasz": 5.901559, "silhouette_coefficient": -0.221823, "cluster_acc": -1, "rand_index": 0.498318, "adjusted_rand_index": 0.043637, "mutual_info": 0.278491, "normalized_mutual_info": 0.268515, "adjusted_mutual_info": 0.239658, "homogeneity": 0.256428, "completeness": 0.281797, "v_measure": 0.268515, "h_c_v_m": [0.256428, 0.281797, 0.268515], "fowlkes_mallows_index": 0.467091}