{"label": [-1, -1, -1, -1, -1, -1, 1, -1, -1, 0, 7, 2, 2, -1, -1, 5, 6, 6, -1, 13, -1, 14, 1, 1, 1, -1, 5, 3, -1, 1, -1, 7, -1, -1, 4, 1, -1, 4, 3, 13, -1, 14, 1, 14, -1, -1, -1, 0, -1, -1, -1, -1, -1, 5, -1, -1, -1, 5, -1, -1, -1, -1, -1, 15, -1, -1, -1, 8, -1, 27, -1, -1, -1, -1, -1, -1, -1, -1, 27, 25, 9, 8, 11, -1, -1, 9, 11, 11, 12, 11, 12, 12, 12, -1, -1, 27, -1, 9, 15, -1, -1, -1, 10, -1, 8, -1, 8, 12, -1, -1, -1, 10, -1, -1, 10, -1, 8, -1, -1, -1, -1, -1, 25, -1, -1, 10, 10, -1, -1, -1, -1, 23, 23, 23, 16, 16, 24, 24, 17, 18, 18, -1, 18, -1, -1, 22, -1, -1, 20, -1, -1, -1, -1, -1, -1, 19, -1, -1, 26, 26, -1, 18, 18, 22, 21, 17, -1, -1, -1, -1, 22, -1, 21, 19, 20, -1, -1, -1], "eps": 0.7, "min_samples": 2, "davies_bouldin": 1.472929, "calinski_harabasz": 3.242132, "silhouette_coefficient": -0.15809, "cluster_acc": -1, "rand_index": 0.579636, "adjusted_rand_index": 0.031226, "mutual_info": 0.509492, "normalized_mutual_info": 0.311683, "adjusted_mutual_info": 0.21676, "homogeneity": 0.469129, "completeness": 0.233363, "v_measure": 0.311683, "h_c_v_m": [0.469129, 0.233363, 0.311683], "fowlkes_mallows_index": 0.337743}