{"label": [-1, -1, -1, -1, -1, -1, -1, -1, -1, -1, -1, -1, -1, -1, -1, -1, -1, -1, -1, -1, -1, -1, -1, -1, -1, -1, -1, -1, -1, -1, -1, -1, -1, -1, -1, -1, -1, -1, -1, -1, -1, -1, -1, -1, -1, -1, -1, -1, -1, -1, -1, -1, -1, -1, -1, -1, -1, -1, -1, -1, -1, 0, -1, -1, -1, -1, -1, -1, -1, -1, -1, -1, -1, -1, -1, -1, -1, -1, -1, -1, -1, -1, -1, -1, -1, -1, -1, -1, -1, -1, -1, -1, -1, -1, -1, -1, -1, -1, -1, -1, -1, -1, -1, -1, -1, -1, -1, -1, -1, -1, -1, -1, -1, -1, -1, -1, -1, -1, 0, -1, -1, -1, -1, -1, -1, -1, -1, -1, -1, -1, 0, 0, 0, 0, -1, 0, 0, -1, 0, 0, 0, 0, 0, 0, 0, 0, 0, 0, 0, 0, 0, 0, -1, 0, 0, 0, 0, 0, -1, -1, 0, 0, 0, 0, 0, 0, 0, 0, 0, 0, 0, 0, 0, 0, 0, 0, 0, 0], "eps": 0.3, "min_samples": 8, "davies_bouldin": 1.270602, "calinski_harabasz": 64.205118, "silhouette_coefficient": 0.269204, "cluster_acc": -1, "rand_index": 0.673078, "adjusted_rand_index": 0.393366, "mutual_info": 0.424111, "normalized_mutual_info": 0.513626, "adjusted_mutual_info": 0.510236, "homogeneity": 0.390512, "completeness": 0.750108, "v_measure": 0.513626, "h_c_v_m": [0.390512, 0.750108, 0.513626], "fowlkes_mallows_index": 0.689322}