{"center": [47, 131, 140], "label": [0, 0, 0, 0, 0, 0, 0, 0, 0, 0, 0, 0, 0, 0, 0, 0, 0, 0, 0, 0, 0, 2, 0, 0, 0, 0, 0, 0, 0, 0, 0, 0, 0, 0, 0, 0, 0, 0, 0, 0, 0, 2, 0, 2, 0, 2, 2, 0, 0, 0, 0, 0, 0, 0, 0, 0, 0, 0, 0, 2, 2, 2, 2, 2, 2, 0, 2, 2, 2, 0, 2, 0, 2, 0, 2, 2, 2, 2, 0, 2, 2, 2, 2, 2, 2, 2, 2, 2, 2, 2, 2, 2, 2, 2, 2, 0, 1, 2, 2, 2, 2, 2, 2, 2, 2, 2, 2, 2, 2, 2, 2, 2, 2, 2, 2, 2, 2, 2, 1, 2, 2, 0, 2, 2, 2, 2, 2, 2, 2, 2, 1, 1, 1, 1, 2, 2, 2, 2, 2, 2, 2, 1, 2, 2, 1, 1, 2, 2, 2, 1, 1, 1, 1, 1, 2, 2, 2, 2, 1, 1, 2, 2, 2, 1, 2, 2, 2, 2, 2, 2, 1, 2, 2, 2, 2, 1, 1, 2], "davies_bouldin": 1.905598, "calinski_harabasz": 40.317038, "silhouette_coefficient": 0.151764, "cluster_acc": 0.752809, "rand_index": 0.738716, "adjusted_rand_index": 0.450281, "mutual_info": 0.490421, "normalized_mutual_info": 0.483297, "adjusted_mutual_info": 0.477352, "homogeneity": 0.451568, "completeness": 0.519821, "v_measure": 0.483297, "h_c_v_m": [0.451568, 0.519821, 0.483297], "fowlkes_mallows_index": 0.66121}