{"center": [47, 140, 125], "label": [0, 0, 0, 0, 0, 0, 0, 0, 0, 0, 0, 0, 0, 0, 0, 0, 0, 0, 0, 0, 0, 0, 0, 0, 0, 0, 0, 0, 0, 0, 0, 0, 0, 0, 0, 0, 0, 0, 0, 0, 0, 0, 0, 0, 0, 0, 0, 0, 0, 0, 0, 0, 0, 0, 0, 0, 0, 0, 0, 2, 1, 1, 2, 2, 1, 0, 2, 2, 1, 0, 1, 0, 2, 0, 2, 2, 2, 2, 0, 0, 2, 2, 1, 1, 2, 2, 1, 1, 1, 1, 1, 1, 1, 2, 2, 0, 1, 2, 2, 0, 2, 2, 2, 2, 2, 1, 2, 1, 2, 2, 0, 2, 1, 1, 2, 1, 2, 2, 1, 2, 2, 0, 0, 0, 0, 2, 2, 1, 2, 2, 1, 1, 1, 1, 1, 1, 1, 1, 1, 1, 1, 1, 1, 1, 1, 1, 1, 1, 1, 1, 1, 1, 1, 1, 1, 1, 1, 1, 1, 1, 1, 1, 1, 1, 1, 1, 1, 1, 1, 1, 1, 1, 1, 1, 1, 1, 1, 1], "davies_bouldin": 1.444808, "calinski_harabasz": 61.379652, "silhouette_coefficient": 0.216734, "cluster_acc": 0.803371, "rand_index": 0.786136, "adjusted_rand_index": 0.528091, "mutual_info": 0.650224, "normalized_mutual_info": 0.606999, "adjusted_mutual_info": 0.602757, "homogeneity": 0.598712, "completeness": 0.615519, "v_measure": 0.606999, "h_c_v_m": [0.598712, 0.615519, 0.606999], "fowlkes_mallows_index": 0.691847}