{"center": [56, 148, 91], "label": [0, 0, 0, 0, 0, 0, 0, 0, 0, 0, 0, 0, 0, 0, 0, 0, 0, 0, 0, 0, 0, 0, 0, 0, 0, 0, 0, 0, 0, 0, 0, 0, 0, 0, 0, 0, 0, 0, 0, 0, 0, 0, 0, 0, 0, 0, 0, 0, 0, 0, 0, 0, 0, 0, 0, 0, 0, 0, 0, 2, 1, 1, 2, 2, 2, 0, 2, 2, 1, 0, 2, 0, 2, 0, 2, 2, 2, 2, 0, 0, 2, 2, 2, 1, 2, 2, 2, 2, 2, 2, 2, 2, 2, 2, 2, 0, 1, 2, 2, 0, 2, 2, 2, 2, 2, 2, 2, 2, 2, 2, 0, 2, 2, 2, 2, 2, 2, 2, 1, 2, 2, 0, 0, 0, 0, 2, 2, 2, 2, 2, 1, 1, 1, 1, 1, 1, 1, 1, 1, 1, 1, 1, 1, 1, 1, 1, 1, 1, 1, 1, 1, 1, 1, 1, 1, 1, 1, 1, 1, 1, 1, 1, 1, 1, 1, 1, 1, 1, 1, 1, 1, 1, 1, 1, 1, 1, 1, 1], "davies_bouldin": 1.3649, "calinski_harabasz": 74.637839, "silhouette_coefficient": 0.270569, "cluster_acc": 0.893258, "rand_index": 0.865359, "adjusted_rand_index": 0.698968, "mutual_info": 0.789197, "normalized_mutual_info": 0.7262, "adjusted_mutual_info": 0.723292, "homogeneity": 0.726675, "completeness": 0.725725, "v_measure": 0.7262, "h_c_v_m": [0.726675, 0.725725, 0.7262], "fowlkes_mallows_index": 0.800602}