{"center": [9, 47, 164], "label": [1, 0, 0, 0, 0, 0, 0, 0, 0, 0, 0, 0, 0, 0, 0, 0, 0, 0, 0, 1, 1, 0, 0, 0, 0, 0, 0, 0, 0, 0, 0, 0, 0, 0, 0, 0, 0, 0, 0, 1, 1, 0, 0, 0, 1, 0, 0, 1, 0, 0, 1, 0, 0, 0, 1, 0, 1, 0, 0, 2, 0, 0, 1, 1, 2, 0, 1, 2, 0, 0, 2, 0, 2, 0, 1, 2, 1, 2, 0, 2, 1, 2, 2, 0, 2, 1, 2, 2, 2, 2, 2, 2, 2, 2, 1, 0, 2, 1, 1, 2, 1, 2, 2, 2, 2, 2, 2, 2, 2, 2, 0, 2, 2, 2, 2, 2, 2, 1, 0, 2, 2, 0, 2, 0, 0, 2, 2, 2, 1, 2, 2, 2, 2, 2, 0, 0, 0, 0, 0, 2, 2, 0, 2, 0, 0, 0, 0, 0, 0, 2, 2, 2, 2, 0, 0, 0, 0, 2, 0, 0, 0, 2, 2, 0, 2, 0, 0, 2, 0, 0, 0, 2, 0, 0, 0, 2, 0, 0], "davies_bouldin": 2.643349, "calinski_harabasz": 14.741502, "silhouette_coefficient": -0.006069, "cluster_acc": 0.516854, "rand_index": 0.619882, "adjusted_rand_index": 0.192504, "mutual_info": 0.263201, "normalized_mutual_info": 0.256204, "adjusted_mutual_info": 0.247777, "homogeneity": 0.24235, "completeness": 0.271738, "v_measure": 0.256204, "h_c_v_m": [0.24235, 0.271738, 0.256204], "fowlkes_mallows_index": 0.493873}