{"label": [-1, -1, -1, -1, -1, -1, -1, -1, -1, -1, -1, -1, -1, -1, -1, -1, -1, -1, -1, -1, -1, -1, -1, -1, 0, 0, 0, -1, -1, -1, -1, -1, -1, -1, -1, -1, -1, -1, -1, -1, -1, 1, 1, 1, 1, 1, 1, 1, 1, 1, -1, -1, -1, -1, -1, -1, 2, 2, 2, 2, 2, -1, -1, -1, -1, -1, 3, 3, 3, -1, 4, 4, 4, -1, -1, -1, -1, -1, -1, -1, -1, -1, 5, 5, 5, -1, -1, -1, -1, -1, -1, -1, -1, 6, 6, 6, 6, -1, 7, 7, 7, 7, 7, 7, 7, 7, -1, -1, -1, -1, -1, -1, -1, -1, -1, -1, -1, -1, -1, -1, -1, -1, -1, -1, -1, -1, -1, -1, -1, -1, -1, -1, -1, -1, -1, -1, -1, -1, 27, 27, 27, -1, 26, 26, 26, 26, 26, -1, 25, 25, 25, -1, 24, 24, 24, -1, 23, 23, 23, 23, 23, 23, 23, -1, 22, 22, 22, 22, -1, 21, 21, 21, 21, -1, 20, 20, 20, -1, -1, -1, -1, -1, -1, 19, 19, 19, -1, 18, 18, 18, -1, -1, -1, -1, -1, -1, -1, 17, 17, 17, -1, 16, 16, 16, 16, 16, -1, -1, -1, -1, -1, -1, -1, -1, -1, -1, -1, -1, -1, -1, -1, -1, -1, 15, 15, 15, -1, -1, 14, 14, 14, 14, -1, -1, -1, -1, -1, -1, -1, -1, -1, -1, -1, -1, -1, -1, -1, 13, 13, 13, 13, 13, 13, -1, -1, 12, 12, 12, 12, 12, -1, -1, -1, 11, 11, 11, -1, 10, 10, 10, 10, -1, 9, 9, 9, 9, -1, -1, -1, -1, -1, -1, -1, -1, -1, -1, -1, -1, -1, -1, -1, -1, -1, -1, -1, -1, -1, -1, -1, -1, -1, -1, -1, 8, 8, 8, 8, -1, -1, -1, -1, -1], "eps": 0.6, "min_samples": 3, "davies_bouldin": 1.562061, "calinski_harabasz": 3.750564, "silhouette_coefficient": -0.250628, "cluster_acc": -1, "rand_index": 0.543841, "adjusted_rand_index": 0.017718, "mutual_info": 0.415751, "normalized_mutual_info": 0.278462, "adjusted_mutual_info": 0.219537, "homogeneity": 0.378508, "completeness": 0.220247, "v_measure": 0.278462, "h_c_v_m": [0.378508, 0.220247, 0.278462], "fowlkes_mallows_index": 0.372887}