{"label": [-1, -1, -1, 0, 0, -1, -1, -1, 1, 1, 2, 2, 2, -1, -1, -1, -1, 3, 3, 3, 4, 4, -1, 5, 5, 5, 5, -1, 6, 6, 7, 7, 8, 8, 9, 9, 9, 10, 10, 10, -1, -1, -1, -1, -1, -1, -1, 11, 11, 11, 12, 12, 13, 13, 13, 14, 14, 14, -1, -1, -1, 15, 15, 16, 16, 17, 17, 17, 17, -1, -1, 18, 18, -1, -1, 19, 19, 19, 20, 20, 20, 21, 21, -1, -1, 22, 22, 22, 23, 23, -1, -1, 24, 24, 24, 24, 24, 25, 25, 26, 26, 26, -1, 27, 27, 27, 93, 93, 92, 92, 91, 91, -1, -1, -1, 90, 90, 90, 89, 89, 89, 88, 88, -1, 87, 87, -1, -1, -1, -1, -1, -1, -1, -1, 86, 86, 85, 85, 84, 84, 84, 84, -1, -1, -1, -1, 83, 83, 82, 82, 82, 82, 81, 81, 80, 80, 79, 79, -1, -1, 78, 78, 77, 77, 76, 76, -1, 75, 75, 74, 74, -1, 73, 73, 72, 72, 72, 72, 71, 71, 71, 70, 70, 69, 69, 69, 69, 68, 68, 67, 67, -1, -1, 66, 66, 66, -1, 65, 65, 64, 64, 63, 63, 62, 62, -1, -1, 61, 61, 61, 60, 60, 60, -1, 59, 59, -1, 58, 58, 58, 57, 57, 57, 56, 56, 56, 56, -1, -1, -1, -1, 55, 55, 54, 54, 54, -1, 53, 53, 52, 52, -1, 51, 51, 50, 50, 50, 49, 49, -1, -1, 48, 48, 48, -1, 47, 47, 46, 46, 46, 46, 45, 45, 44, 44, 44, 44, -1, -1, -1, 43, 43, 42, 42, 42, 41, 41, 28, 28, -1, -1, -1, 29, 29, 30, 30, 31, 31, 32, 32, 33, 33, 33, -1, 34, 34, 35, 35, 35, 36, 36, 36, 37, 37, 37, 38, 38, -1, 39, 39, 40, 40], "eps": 0.6, "min_samples": 2, "davies_bouldin": 1.496858, "calinski_harabasz": 6.022382, "silhouette_coefficient": 0.152201, "cluster_acc": -1, "rand_index": 0.654258, "adjusted_rand_index": 0.017911, "mutual_info": 0.838967, "normalized_mutual_info": 0.330745, "adjusted_mutual_info": 0.210797, "homogeneity": 0.763811, "completeness": 0.211072, "v_measure": 0.330745, "h_c_v_m": [0.763811, 0.211072, 0.330745], "fowlkes_mallows_index": 0.164738}