{"label": [1, 1, 1, 1, 1, 1, 1, 1, 1, 1, 1, 1, 1, 1, 1, 1, 1, 1, 1, 1, 1, 1, 1, 1, 1, 1, 1, 1, 1, 1, 1, 1, 1, 1, 1, 1, 1, 1, 1, 1, 1, 1, 1, 1, 1, 1, 1, 1, 1, 1, 0, 0, 0, 0, 0, 0, 0, 0, 0, 0, 0, 0, 0, 0, 0, 0, 0, 0, 0, 0, 0, 0, 0, 0, 0, 0, 0, 0, 0, 0, 0, 0, 0, 0, 0, 0, 0, 0, 0, 0, 0, 0, 0, 0, 0, 0, 0, 0, 0, 0, 2, 0, 2, 0, 2, 2, 0, 2, 2, 2, 2, 0, 2, 0, 0, 2, 2, 2, 2, 0, 2, 0, 2, 0, 2, 2, 0, 0, 2, 2, 2, 2, 2, 0, 0, 2, 2, 2, 0, 2, 2, 2, 0, 2, 2, 2, 0, 2, 2, 0], "gamma": 2.5, "davies_bouldin": 0.747826, "calinski_harabasz": 349.282509, "silhouette_coefficient": 0.506108, "cluster_acc": 0.886667, "rand_index": 0.873736, "adjusted_rand_index": 0.719584, "mutual_info": 0.845621, "normalized_mutual_info": 0.78374, "adjusted_mutual_info": 0.780978, "homogeneity": 0.769718, "completeness": 0.798283, "v_measure": 0.78374, "h_c_v_m": [0.769718, 0.798283, 0.78374], "fowlkes_mallows_index": 0.815874}