{"label": [0, 0, 0, 0, 0, 0, 0, 0, 0, 0, 0, 0, 0, 0, 0, 0, 0, 0, 0, 0, 0, 0, 0, 0, 0, 0, 0, 0, 0, 0, 0, 0, 0, 0, 0, 0, 0, 0, 0, 0, 0, 0, 0, 0, 0, 0, 0, 0, 0, 0, 2, 1, 2, 1, 1, 1, 1, 1, 1, 1, 1, 1, 1, 1, 1, 1, 1, 1, 1, 1, 1, 1, 1, 1, 1, 1, 1, 2, 1, 1, 1, 1, 1, 1, 1, 1, 1, 1, 1, 1, 1, 1, 1, 1, 1, 1, 1, 1, 1, 1, 2, 1, 2, 1, 2, 2, 1, 2, 2, 2, 2, 1, 2, 1, 1, 2, 2, 2, 2, 1, 2, 1, 2, 1, 2, 2, 1, 1, 2, 2, 2, 2, 2, 1, 1, 2, 2, 2, 1, 2, 2, 2, 1, 2, 2, 2, 1, 2, 2, 1], "gamma": 1.5, "davies_bouldin": 0.761344, "calinski_harabasz": 352.030055, "silhouette_coefficient": 0.502029, "cluster_acc": 0.866667, "rand_index": 0.856823, "adjusted_rand_index": 0.679998, "mutual_info": 0.782792, "normalized_mutual_info": 0.721222, "adjusted_mutual_info": 0.717685, "homogeneity": 0.712528, "completeness": 0.73013, "v_measure": 0.721222, "h_c_v_m": [0.712528, 0.73013, 0.721222], "fowlkes_mallows_index": 0.788233}