{"label": [1, 1, 1, 1, 1, 1, 1, 1, 1, 1, 1, 1, 1, 1, 1, 1, 1, 1, 1, 1, 1, 1, 1, 1, 1, 1, 1, 1, 1, 1, 1, 1, 1, 1, 1, 1, 1, 1, 1, 1, 1, 1, 1, 1, 1, 1, 1, 1, 1, 1, 2, 2, 0, 2, 2, 2, 2, 2, 2, 2, 2, 2, 2, 2, 2, 2, 2, 2, 2, 2, 2, 2, 2, 2, 2, 2, 2, 0, 2, 2, 2, 2, 2, 2, 2, 2, 2, 2, 2, 2, 2, 2, 2, 2, 2, 2, 2, 2, 2, 2, 0, 2, 0, 0, 0, 0, 2, 0, 0, 0, 0, 0, 0, 2, 0, 0, 0, 0, 0, 2, 0, 2, 0, 2, 0, 0, 2, 2, 0, 0, 0, 0, 0, 2, 2, 0, 0, 0, 2, 0, 0, 0, 2, 0, 0, 0, 2, 0, 0, 2], "gamma": 5.0, "davies_bouldin": 0.757908, "calinski_harabasz": 357.359455, "silhouette_coefficient": 0.505049, "cluster_acc": 0.893333, "rand_index": 0.879732, "adjusted_rand_index": 0.730238, "mutual_info": 0.825591, "normalized_mutual_info": 0.758176, "adjusted_mutual_info": 0.755119, "homogeneity": 0.751485, "completeness": 0.764986, "v_measure": 0.758176, "h_c_v_m": [0.751485, 0.764986, 0.758176], "fowlkes_mallows_index": 0.820808}