{"label": [0, 0, 0, 0, 0, 0, 0, 0, 0, 0, 0, 0, 0, 0, 0, 0, 0, 0, 0, 0, 0, 0, 0, 0, 0, 0, 0, 0, 0, 0, 0, 0, 0, 0, 0, 0, 0, 0, 0, 0, 0, 1, 0, 0, 0, 0, 0, 0, 0, 0, 2, 1, 2, 1, 1, 1, 2, 1, 1, 1, 1, 1, 1, 1, 1, 1, 1, 1, 1, 1, 1, 1, 1, 1, 1, 1, 1, 2, 1, 1, 1, 1, 1, 1, 1, 1, 2, 1, 1, 1, 1, 1, 1, 1, 1, 1, 1, 1, 1, 1, 2, 1, 2, 1, 2, 2, 1, 2, 1, 2, 2, 1, 2, 1, 1, 2, 2, 2, 2, 1, 2, 1, 2, 1, 2, 2, 1, 1, 2, 2, 2, 2, 2, 1, 1, 2, 2, 2, 1, 2, 2, 2, 1, 2, 2, 2, 1, 2, 2, 1], "gamma": 1.0, "davies_bouldin": 0.776765, "calinski_harabasz": 322.323803, "silhouette_coefficient": 0.486167, "cluster_acc": 0.84, "rand_index": 0.831499, "adjusted_rand_index": 0.623063, "mutual_info": 0.715311, "normalized_mutual_info": 0.658432, "adjusted_mutual_info": 0.654104, "homogeneity": 0.651104, "completeness": 0.665927, "v_measure": 0.658432, "h_c_v_m": [0.651104, 0.665927, 0.658432], "fowlkes_mallows_index": 0.750255}