{"label": [1, 1, 1, 1, 1, 1, 1, 1, 1, 1, 1, 1, 1, 1, 1, 1, 1, 1, 1, 1, 1, 1, 1, 1, 1, 1, 1, 1, 1, 1, 1, 1, 1, 1, 1, 1, 1, 1, 1, 1, 1, 0, 1, 1, 1, 1, 1, 1, 1, 1, 2, 2, 2, 0, 0, 0, 2, 0, 0, 0, 0, 0, 0, 0, 0, 2, 0, 0, 0, 0, 2, 0, 0, 0, 0, 2, 0, 2, 0, 0, 0, 0, 0, 0, 0, 2, 2, 0, 0, 0, 0, 0, 0, 0, 0, 0, 0, 0, 0, 0, 2, 0, 2, 2, 2, 2, 0, 2, 0, 2, 2, 0, 2, 0, 0, 2, 2, 2, 2, 0, 2, 0, 2, 0, 2, 2, 0, 0, 2, 2, 2, 2, 2, 0, 0, 2, 2, 2, 0, 2, 2, 2, 0, 2, 2, 2, 0, 2, 2, 0], "gamma": 0.5, "davies_bouldin": 0.815185, "calinski_harabasz": 315.565257, "silhouette_coefficient": 0.471596, "cluster_acc": 0.813333, "rand_index": 0.814139, "adjusted_rand_index": 0.580607, "mutual_info": 0.6779, "normalized_mutual_info": 0.619179, "adjusted_mutual_info": 0.614395, "homogeneity": 0.617051, "completeness": 0.621323, "v_measure": 0.619179, "h_c_v_m": [0.617051, 0.621323, 0.619179], "fowlkes_mallows_index": 0.719611}