{"label": [1, 1, 1, 1, 1, 1, 1, 1, 1, 1, 1, 1, 1, 1, 1, 1, 1, 1, 1, 1, 1, 1, 1, 1, 1, 1, 1, 1, 1, 1, 1, 1, 1, 1, 1, 1, 1, 1, 1, 1, 1, 1, 1, 1, 1, 1, 1, 1, 1, 1, 0, 0, 0, 0, 0, 0, 0, 0, 0, 0, 0, 0, 0, 0, 0, 0, 0, 0, 0, 0, 0, 0, 0, 0, 0, 0, 0, 0, 0, 0, 0, 0, 0, 0, 0, 0, 0, 0, 0, 0, 0, 0, 0, 0, 0, 0, 0, 0, 0, 0, 2, 0, 2, 0, 2, 2, 0, 2, 0, 2, 2, 0, 2, 0, 0, 2, 2, 2, 2, 0, 2, 0, 2, 0, 2, 2, 0, 0, 2, 2, 2, 2, 2, 0, 0, 2, 2, 2, 0, 2, 2, 2, 0, 2, 2, 2, 0, 2, 2, 0], "gamma": 2.0, "davies_bouldin": 0.744241, "calinski_harabasz": 347.080594, "silhouette_coefficient": 0.505819, "cluster_acc": 0.88, "rand_index": 0.867919, "adjusted_rand_index": 0.707363, "mutual_info": 0.836621, "normalized_mutual_info": 0.777154, "adjusted_mutual_info": 0.7743, "homogeneity": 0.761525, "completeness": 0.793437, "v_measure": 0.777154, "h_c_v_m": [0.761525, 0.793437, 0.777154], "fowlkes_mallows_index": 0.808383}