{"center": [35, 148, 81], "label": [0, 0, 0, 0, 0, 0, 0, 0, 0, 0, 0, 0, 0, 0, 0, 0, 0, 0, 0, 0, 0, 0, 0, 0, 0, 0, 0, 0, 0, 0, 0, 0, 0, 0, 0, 0, 0, 0, 0, 0, 0, 0, 0, 0, 0, 0, 0, 0, 0, 0, 0, 0, 0, 0, 0, 0, 0, 0, 0, 2, 1, 1, 0, 0, 2, 0, 0, 2, 1, 0, 2, 0, 2, 0, 2, 2, 2, 2, 0, 0, 2, 2, 2, 1, 2, 2, 2, 2, 2, 2, 2, 2, 2, 2, 2, 0, 1, 2, 0, 0, 2, 2, 2, 2, 2, 2, 2, 2, 2, 2, 2, 2, 2, 2, 2, 2, 2, 2, 1, 2, 2, 0, 0, 0, 2, 2, 2, 2, 2, 2, 1, 1, 1, 1, 1, 1, 1, 1, 1, 1, 1, 1, 1, 1, 1, 1, 1, 1, 1, 1, 1, 1, 1, 1, 1, 1, 1, 1, 1, 1, 1, 1, 1, 1, 1, 1, 1, 1, 1, 1, 1, 1, 1, 1, 1, 1, 1, 1], "davies_bouldin": 1.358898, "calinski_harabasz": 75.00642, "silhouette_coefficient": 0.272275, "cluster_acc": 0.882022, "rand_index": 0.853171, "adjusted_rand_index": 0.67238, "mutual_info": 0.770632, "normalized_mutual_info": 0.710435, "adjusted_mutual_info": 0.707353, "homogeneity": 0.709581, "completeness": 0.71129, "v_measure": 0.710435, "h_c_v_m": [0.709581, 0.71129, 0.710435], "fowlkes_mallows_index": 0.783451}