{"center": [35, 148, 57], "label": [2, 2, 2, 2, 0, 2, 0, 2, 2, 2, 2, 2, 2, 2, 2, 2, 2, 2, 2, 2, 2, 2, 0, 0, 0, 0, 2, 2, 0, 0, 2, 2, 2, 2, 2, 0, 2, 2, 2, 2, 2, 2, 2, 2, 2, 2, 2, 2, 2, 2, 2, 2, 2, 2, 2, 2, 2, 2, 2, 0, 1, 1, 0, 2, 0, 2, 2, 0, 1, 2, 0, 0, 0, 2, 0, 0, 0, 0, 2, 0, 0, 0, 0, 1, 0, 0, 0, 0, 0, 0, 0, 0, 0, 0, 0, 2, 1, 0, 2, 0, 0, 0, 0, 0, 0, 0, 0, 0, 0, 0, 2, 0, 0, 0, 0, 0, 0, 0, 1, 0, 0, 0, 0, 2, 2, 0, 0, 0, 0, 0, 1, 1, 1, 1, 1, 1, 1, 1, 1, 1, 1, 1, 1, 1, 1, 1, 1, 1, 1, 1, 1, 1, 1, 1, 1, 1, 1, 1, 1, 1, 1, 1, 1, 1, 1, 1, 1, 1, 1, 1, 1, 1, 1, 1, 1, 1, 1, 1], "davies_bouldin": 1.491456, "calinski_harabasz": 69.561372, "silhouette_coefficient": 0.244152, "cluster_acc": 0.853933, "rand_index": 0.824922, "adjusted_rand_index": 0.606768, "mutual_info": 0.673344, "normalized_mutual_info": 0.617037, "adjusted_mutual_info": 0.612989, "homogeneity": 0.62, "completeness": 0.614102, "v_measure": 0.617037, "h_c_v_m": [0.62, 0.614102, 0.617037], "fowlkes_mallows_index": 0.738321}