{"center": [35, 148, 57], "label": [0, 2, 2, 2, 0, 2, 0, 2, 2, 0, 2, 2, 2, 2, 2, 2, 2, 2, 2, 0, 0, 0, 0, 0, 0, 0, 2, 2, 0, 0, 2, 2, 2, 2, 2, 0, 2, 2, 2, 0, 0, 0, 0, 0, 0, 0, 0, 0, 2, 2, 0, 2, 2, 2, 0, 2, 0, 2, 2, 0, 1, 1, 0, 0, 0, 2, 0, 0, 1, 2, 0, 0, 0, 2, 0, 0, 0, 0, 2, 0, 0, 0, 0, 1, 0, 0, 0, 0, 0, 0, 0, 0, 0, 0, 0, 2, 1, 0, 0, 0, 0, 0, 0, 0, 0, 0, 0, 0, 0, 0, 0, 0, 0, 0, 0, 0, 0, 0, 1, 0, 0, 0, 0, 0, 0, 0, 0, 0, 0, 0, 1, 1, 1, 1, 1, 1, 1, 1, 1, 1, 1, 1, 1, 1, 1, 1, 1, 1, 1, 1, 1, 1, 1, 1, 1, 1, 1, 1, 1, 1, 1, 1, 1, 1, 1, 1, 1, 1, 1, 1, 1, 1, 1, 1, 1, 1, 1, 1], "davies_bouldin": 1.632658, "calinski_harabasz": 58.148803, "silhouette_coefficient": 0.198523, "cluster_acc": 0.792135, "rand_index": 0.773948, "adjusted_rand_index": 0.505418, "mutual_info": 0.601005, "normalized_mutual_info": 0.564584, "adjusted_mutual_info": 0.559854, "homogeneity": 0.553392, "completeness": 0.576239, "v_measure": 0.564584, "h_c_v_m": [0.553392, 0.576239, 0.564584], "fowlkes_mallows_index": 0.68016}