{"center": [35, 148, 57], "label": [0, 2, 2, 2, 0, 2, 0, 2, 2, 0, 2, 2, 2, 2, 2, 2, 2, 2, 2, 0, 0, 0, 0, 0, 0, 0, 2, 2, 0, 0, 2, 2, 2, 2, 2, 0, 2, 2, 2, 0, 0, 0, 0, 0, 0, 0, 0, 0, 2, 2, 0, 2, 2, 2, 0, 2, 0, 2, 2, 0, 1, 1, 2, 0, 0, 2, 0, 0, 1, 2, 0, 0, 0, 2, 0, 0, 0, 0, 2, 0, 0, 0, 0, 1, 0, 0, 0, 0, 0, 0, 0, 0, 0, 0, 0, 2, 1, 0, 0, 0, 0, 0, 0, 0, 0, 0, 0, 0, 0, 0, 0, 0, 0, 0, 0, 0, 0, 0, 1, 0, 0, 0, 0, 0, 0, 0, 0, 0, 0, 0, 1, 1, 1, 1, 1, 1, 1, 1, 1, 1, 1, 1, 1, 1, 1, 1, 1, 1, 1, 1, 1, 1, 1, 1, 1, 1, 1, 1, 1, 1, 1, 1, 1, 1, 1, 1, 1, 1, 1, 1, 1, 1, 1, 1, 1, 1, 1, 1], "davies_bouldin": 1.6673, "calinski_harabasz": 57.513103, "silhouette_coefficient": 0.196718, "cluster_acc": 0.786517, "rand_index": 0.770076, "adjusted_rand_index": 0.495879, "mutual_info": 0.592102, "normalized_mutual_info": 0.555052, "adjusted_mutual_info": 0.55023, "homogeneity": 0.545194, "completeness": 0.565274, "v_measure": 0.555052, "h_c_v_m": [0.545194, 0.565274, 0.555052], "fowlkes_mallows_index": 0.673172}