{"center": [37, 142, 81], "label": [0, 0, 0, 0, 0, 0, 0, 0, 0, 0, 0, 0, 0, 0, 0, 0, 0, 0, 0, 0, 0, 0, 0, 0, 0, 0, 0, 0, 0, 0, 0, 0, 0, 0, 0, 0, 0, 0, 0, 0, 0, 0, 0, 0, 0, 0, 0, 0, 0, 0, 1, 1, 1, 2, 1, 1, 1, 2, 1, 1, 2, 1, 2, 1, 1, 1, 1, 1, 2, 2, 1, 1, 2, 1, 1, 1, 1, 1, 1, 2, 2, 2, 1, 2, 1, 1, 1, 2, 1, 2, 2, 1, 1, 2, 1, 1, 1, 1, 2, 1, 1, 1, 1, 1, 1, 1, 2, 1, 1, 1, 1, 1, 1, 1, 1, 1, 1, 1, 1, 2, 1, 1, 1, 1, 1, 1, 1, 1, 1, 1, 1, 1, 1, 2, 2, 1, 1, 1, 1, 1, 1, 1, 1, 1, 1, 1, 1, 1, 1, 1], "davies_bouldin": 0.905472, "calinski_harabasz": 248.361247, "silhouette_coefficient": 0.391044, "cluster_acc": 0.746667, "rand_index": 0.789172, "adjusted_rand_index": 0.550462, "mutual_info": 0.668236, "normalized_mutual_info": 0.646036, "adjusted_mutual_info": 0.641283, "homogeneity": 0.608255, "completeness": 0.688821, "v_measure": 0.646036, "h_c_v_m": [0.608255, 0.688821, 0.646036], "fowlkes_mallows_index": 0.718714}