{"center": [9, 120, 95], "label": [0, 0, 0, 0, 0, 0, 0, 0, 0, 0, 0, 0, 0, 0, 0, 0, 0, 0, 0, 0, 0, 0, 0, 0, 0, 0, 0, 0, 0, 0, 0, 0, 0, 0, 0, 0, 0, 0, 0, 0, 0, 0, 0, 0, 0, 0, 0, 0, 0, 0, 2, 2, 2, 2, 2, 2, 2, 2, 2, 2, 2, 2, 2, 2, 2, 2, 2, 2, 2, 2, 2, 2, 2, 2, 2, 2, 2, 2, 2, 2, 2, 2, 2, 2, 2, 2, 2, 2, 2, 2, 2, 2, 2, 2, 2, 2, 2, 2, 2, 2, 1, 2, 1, 2, 1, 1, 2, 1, 1, 1, 2, 2, 1, 2, 2, 1, 2, 1, 1, 2, 1, 2, 1, 2, 1, 1, 2, 2, 1, 1, 1, 1, 1, 2, 2, 1, 1, 2, 2, 1, 1, 1, 2, 1, 1, 1, 2, 2, 1, 2], "davies_bouldin": 0.74985, "calinski_harabasz": 336.558964, "silhouette_coefficient": 0.501821, "cluster_acc": 0.86, "rand_index": 0.851544, "adjusted_rand_index": 0.673671, "mutual_info": 0.811185, "normalized_mutual_info": 0.759337, "adjusted_mutual_info": 0.756228, "homogeneity": 0.738372, "completeness": 0.781527, "v_measure": 0.759337, "h_c_v_m": [0.738372, 0.781527, 0.759337], "fowlkes_mallows_index": 0.788326}