{"center": [34, 81, 143], "label": [0, 0, 0, 0, 0, 0, 0, 0, 0, 0, 0, 0, 0, 0, 0, 0, 0, 0, 0, 0, 0, 0, 0, 0, 0, 0, 0, 0, 0, 0, 0, 0, 0, 0, 0, 0, 0, 0, 0, 0, 0, 0, 0, 0, 0, 0, 0, 0, 0, 0, 1, 1, 1, 1, 1, 1, 1, 1, 1, 1, 1, 1, 1, 1, 1, 1, 1, 1, 1, 1, 1, 1, 1, 1, 1, 1, 1, 1, 1, 1, 1, 1, 1, 1, 1, 1, 1, 1, 1, 1, 1, 1, 1, 1, 1, 1, 1, 1, 1, 1, 2, 1, 2, 1, 1, 2, 1, 2, 2, 2, 1, 1, 2, 1, 1, 2, 1, 2, 2, 1, 2, 1, 2, 1, 2, 2, 1, 1, 1, 2, 2, 2, 1, 1, 1, 2, 2, 1, 1, 2, 2, 2, 1, 2, 2, 2, 1, 1, 2, 1], "davies_bouldin": 0.760367, "calinski_harabasz": 321.132283, "silhouette_coefficient": 0.492512, "cluster_acc": 0.84, "rand_index": 0.836779, "adjusted_rand_index": 0.644447, "mutual_info": 0.78777, "normalized_mutual_info": 0.744174, "adjusted_mutual_info": 0.740834, "homogeneity": 0.717059, "completeness": 0.773421, "v_measure": 0.744174, "h_c_v_m": [0.717059, 0.773421, 0.744174], "fowlkes_mallows_index": 0.771912}