{
    "center": [
        449,
        363,
        620,
        347,
        179,
        265,
        548,
        108,
        670,
        826,
        53,
        1250,
        1356,
        737,
        1108,
        765,
        1272,
        1045,
        681,
        676
    ],
    "davies_bouldin": 1.936181059558415,
    "calinski_harabasz": 112.20386011416713,
    "silhouette_coefficient": 0.19161389726918432,
    "cluster_acc": 0.7347222222222223,
    "rand_index": 0.967150220060227,
    "adjusted_rand_index": 0.6660357515146399,
    "mutual_info": 2.4497745627525647,
    "normalized_mutual_info": 0.8244172927872049,
    "adjusted_mutual_info": 0.8159672691799408,
    "homogeneity": 0.8177548389016323,
    "completeness": 0.8311891997821825,
    "v_measure": 0.8244172927872048,
    "h_c_v_m": [
        0.8177548389016323,
        0.8311891997821825,
        0.8244172927872048
    ],
    "fowlkes_mallows_index": 0.6841272698427359
}