{
    "label": [
        1,
        1,
        1,
        1,
        1,
        1,
        1,
        1,
        1,
        1,
        1,
        1,
        1,
        1,
        1,
        1,
        1,
        1,
        1,
        1,
        1,
        1,
        1,
        1,
        1,
        1,
        1,
        1,
        1,
        1,
        1,
        1,
        1,
        1,
        1,
        1,
        1,
        1,
        1,
        1,
        1,
        1,
        1,
        1,
        1,
        1,
        1,
        1,
        1,
        1,
        0,
        2,
        0,
        2,
        2,
        2,
        2,
        2,
        2,
        2,
        2,
        2,
        2,
        2,
        2,
        2,
        2,
        2,
        2,
        2,
        2,
        2,
        2,
        2,
        2,
        2,
        2,
        0,
        2,
        2,
        2,
        2,
        2,
        2,
        2,
        2,
        2,
        2,
        2,
        2,
        2,
        2,
        2,
        2,
        2,
        2,
        2,
        2,
        2,
        2,
        0,
        2,
        0,
        0,
        0,
        0,
        2,
        0,
        0,
        0,
        0,
        0,
        0,
        2,
        0,
        0,
        0,
        0,
        0,
        2,
        0,
        2,
        0,
        2,
        0,
        0,
        2,
        2,
        0,
        0,
        0,
        0,
        0,
        2,
        2,
        0,
        0,
        0,
        2,
        0,
        0,
        0,
        2,
        0,
        0,
        0,
        2,
        0,
        0,
        2
    ],
    "center": [
        [
            0.707,
            0.451,
            0.797,
            0.825
        ],
        [
            0.196,
            0.591,
            0.079,
            0.06
        ],
        [
            0.441,
            0.307,
            0.576,
            0.549
        ]
    ],
    "davies_bouldin": 0.760983,
    "calinski_harabasz": 358.394018,
    "silhouette_coefficient": 0.504324,
    "cluster_acc": 0.886667,
    "rand_index": 0.873736,
    "adjusted_rand_index": 0.716342,
    "mutual_info": 0.809039,
    "normalized_mutual_info": 0.741912,
    "adjusted_mutual_info": 0.738655,
    "homogeneity": 0.736419,
    "completeness": 0.747487,
    "v_measure": 0.741912,
    "h_c_v_m": [
        0.736419,
        0.747487,
        0.741912
    ],
    "fowlkes_mallows_index": 0.811243
}