{"center": [182, 117, 30, 205, 136, 100, 0, 47, 4, 95], "label": [6, 8, 8, 8, 8, 2, 8, 8, 8, 8, 4, 6, 6, 6, 6, 6, 6, 6, 6, 6, 4, 4, 6, 2, 2, 2, 2, 2, 2, 2, 2, 2, 2, 2, 2, 2, 2, 2, 2, 2, 2, 2, 2, 2, 2, 7, 7, 7, 7, 7, 7, 7, 7, 7, 7, 7, 7, 7, 7, 7, 7, 7, 7, 7, 7, 7, 7, 4, 8, 4, 4, 4, 4, 4, 4, 4, 4, 4, 4, 4, 4, 4, 4, 4, 4, 4, 4, 5, 5, 5, 5, 5, 5, 5, 5, 9, 5, 5, 5, 5, 5, 5, 5, 5, 5, 5, 5, 5, 1, 1, 1, 1, 1, 1, 1, 1, 1, 1, 1, 1, 1, 1, 1, 1, 1, 1, 1, 1, 1, 4, 4, 4, 4, 4, 4, 4, 4, 4, 4, 4, 4, 4, 4, 4, 4, 4, 4, 4, 4, 3, 3, 3, 3, 3, 3, 3, 3, 3, 3, 3, 3, 3, 3, 3, 3, 3, 3, 3, 3, 3, 0, 0, 0, 0, 0, 0, 0, 0, 0, 0, 0, 0, 0, 0, 0, 0, 0, 0, 0, 0, 0, 7, 3, 7, 3, 7, 3, 7, 3, 3, 3, 3, 3, 3, 3, 3, 3, 3, 3, 7, 3, 3, 3], "davies_bouldin": 1.497832, "calinski_harabasz": 25.351042, "silhouette_coefficient": 0.188525, "cluster_acc": 0.746479, "rand_index": 0.943086, "adjusted_rand_index": 0.713459, "mutual_info": 1.906641, "normalized_mutual_info": 0.862271, "adjusted_mutual_info": 0.848172, "homogeneity": 0.828364, "completeness": 0.899071, "v_measure": 0.862271, "h_c_v_m": [0.828364, 0.899071, 0.862271], "fowlkes_mallows_index": 0.752154}