{"center": [30, 127, 147, 182, 205, 57, 101, 0, 72, 122], "label": [7, 0, 0, 7, 0, 0, 7, 7, 7, 7, 7, 7, 7, 7, 2, 2, 2, 2, 7, 7, 7, 7, 7, 0, 0, 0, 0, 0, 0, 0, 0, 0, 0, 0, 0, 0, 0, 0, 0, 0, 0, 0, 0, 0, 0, 5, 5, 5, 5, 5, 5, 5, 5, 5, 5, 5, 5, 5, 5, 5, 5, 5, 5, 5, 5, 5, 5, 8, 7, 8, 8, 8, 8, 8, 8, 8, 8, 8, 8, 8, 8, 8, 8, 8, 8, 8, 8, 6, 6, 6, 6, 6, 6, 6, 6, 6, 6, 6, 6, 6, 6, 6, 6, 6, 6, 6, 6, 6, 1, 1, 1, 1, 1, 1, 1, 1, 1, 1, 1, 1, 1, 1, 1, 1, 1, 1, 1, 1, 1, 2, 2, 2, 2, 2, 2, 2, 2, 2, 2, 2, 2, 2, 2, 2, 2, 2, 2, 2, 2, 4, 4, 4, 4, 4, 4, 4, 4, 4, 4, 4, 4, 4, 4, 4, 4, 4, 4, 4, 4, 4, 3, 3, 3, 3, 3, 3, 3, 3, 3, 3, 3, 3, 3, 3, 3, 3, 3, 3, 3, 3, 3, 5, 4, 4, 4, 5, 5, 5, 4, 4, 4, 4, 4, 5, 4, 4, 4, 4, 4, 5, 4, 4, 5], "davies_bouldin": 1.615299, "calinski_harabasz": 32.04944, "silhouette_coefficient": 0.218438, "cluster_acc": -1, "rand_index": 0.959607, "adjusted_rand_index": 0.78456, "mutual_info": 1.990921, "normalized_mutual_info": 0.890462, "adjusted_mutual_info": 0.880032, "homogeneity": 0.864981, "completeness": 0.91749, "v_measure": 0.890462, "h_c_v_m": [0.864981, 0.91749, 0.890462], "fowlkes_mallows_index": 0.809736}