{"center": [71, 4, 45, 115, 162, 39, 138, 196, 186, 100], "label": [1, 1, 1, 1, 1, 1, 1, 1, 1, 1, 6, 6, 6, 1, 6, 6, 6, 6, 6, 6, 6, 6, 1, 5, 5, 5, 5, 5, 5, 5, 5, 5, 5, 5, 5, 5, 5, 5, 5, 5, 5, 5, 5, 5, 5, 2, 2, 2, 2, 2, 2, 2, 2, 2, 2, 2, 2, 2, 2, 2, 2, 2, 2, 2, 2, 2, 2, 0, 1, 0, 0, 0, 0, 0, 0, 0, 0, 0, 0, 0, 0, 0, 0, 0, 0, 0, 0, 9, 9, 9, 9, 9, 9, 9, 9, 9, 9, 9, 9, 9, 9, 9, 9, 9, 9, 9, 9, 9, 3, 3, 3, 3, 3, 3, 3, 3, 3, 3, 3, 3, 3, 3, 3, 3, 3, 3, 3, 3, 3, 6, 6, 6, 6, 6, 6, 6, 6, 6, 6, 6, 6, 6, 6, 6, 6, 6, 6, 6, 6, 4, 4, 4, 4, 4, 4, 4, 4, 4, 4, 4, 4, 4, 4, 4, 4, 4, 4, 4, 4, 4, 8, 8, 8, 8, 8, 8, 8, 8, 8, 8, 8, 8, 8, 8, 8, 8, 8, 8, 8, 8, 8, 7, 7, 7, 7, 7, 7, 7, 4, 4, 4, 7, 7, 7, 4, 4, 4, 7, 7, 7, 7, 7, 7], "davies_bouldin": 1.464265, "calinski_harabasz": 39.254713, "silhouette_coefficient": 0.273577, "cluster_acc": 0.915493, "rand_index": 0.973204, "adjusted_rand_index": 0.848981, "mutual_info": 2.123339, "normalized_mutual_info": 0.927437, "adjusted_mutual_info": 0.919683, "homogeneity": 0.922511, "completeness": 0.932416, "v_measure": 0.927437, "h_c_v_m": [0.922511, 0.932416, 0.927437], "fowlkes_mallows_index": 0.8641}