{"center": [30, 127, 147, 182, 205, 47, 101, 0, 72, 122], "label": [7, 0, 0, 7, 0, 7, 7, 7, 7, 7, 7, 7, 7, 7, 2, 2, 2, 2, 7, 7, 7, 7, 7, 0, 0, 0, 0, 0, 0, 0, 0, 0, 0, 0, 0, 0, 0, 0, 0, 0, 0, 0, 0, 0, 0, 5, 5, 5, 5, 5, 5, 5, 5, 5, 5, 5, 5, 5, 5, 5, 5, 5, 5, 5, 5, 5, 5, 8, 7, 8, 8, 8, 8, 8, 8, 8, 8, 8, 8, 8, 8, 8, 8, 8, 8, 8, 8, 6, 6, 6, 6, 6, 6, 6, 6, 6, 6, 6, 6, 6, 6, 6, 6, 6, 6, 6, 6, 6, 1, 1, 1, 1, 1, 1, 1, 1, 1, 1, 1, 1, 1, 1, 1, 1, 1, 1, 1, 1, 1, 2, 2, 2, 2, 2, 2, 2, 2, 2, 2, 2, 2, 2, 2, 2, 2, 2, 2, 2, 2, 4, 4, 4, 4, 4, 4, 4, 4, 4, 4, 4, 4, 4, 4, 4, 4, 4, 4, 4, 4, 4, 3, 3, 3, 3, 3, 3, 3, 3, 3, 3, 3, 3, 3, 3, 3, 3, 3, 3, 3, 3, 3, 4, 4, 4, 4, 4, 4, 4, 4, 4, 4, 4, 4, 4, 4, 4, 4, 4, 4, 5, 4, 4, 4], "davies_bouldin": 1.600076, "calinski_harabasz": 31.614511, "silhouette_coefficient": 0.219245, "cluster_acc": -1, "rand_index": 0.965054, "adjusted_rand_index": 0.816039, "mutual_info": 2.034016, "normalized_mutual_info": 0.911656, "adjusted_mutual_info": 0.903207, "homogeneity": 0.883704, "completeness": 0.941433, "v_measure": 0.911656, "h_c_v_m": [0.883704, 0.941433, 0.911656], "fowlkes_mallows_index": 0.839276}