{"center": [127, 41, 60, 138, 159, 170, 72, 101, 12, 0], "label": [9, 1, 1, 9, 9, 1, 9, 9, 9, 9, 3, 8, 8, 9, 3, 3, 8, 3, 8, 8, 3, 6, 9, 1, 1, 1, 1, 1, 1, 1, 1, 1, 1, 1, 1, 1, 1, 1, 1, 1, 1, 1, 1, 1, 1, 2, 2, 2, 2, 2, 2, 2, 2, 2, 2, 2, 2, 2, 2, 2, 2, 2, 2, 2, 2, 2, 2, 6, 9, 6, 6, 6, 6, 6, 6, 6, 6, 6, 6, 6, 6, 6, 6, 6, 6, 6, 6, 7, 7, 7, 7, 7, 7, 7, 7, 7, 7, 7, 7, 7, 7, 7, 7, 7, 7, 7, 7, 7, 0, 0, 0, 0, 0, 0, 0, 0, 0, 0, 0, 0, 0, 0, 0, 0, 0, 0, 0, 0, 0, 3, 3, 3, 3, 3, 3, 3, 3, 3, 3, 3, 3, 3, 3, 3, 3, 3, 3, 3, 3, 4, 4, 4, 4, 4, 4, 4, 4, 4, 4, 4, 4, 4, 4, 4, 4, 4, 4, 4, 4, 4, 5, 5, 5, 5, 5, 5, 5, 5, 5, 5, 5, 5, 5, 5, 5, 5, 5, 5, 5, 5, 5, 4, 4, 4, 4, 4, 4, 4, 4, 4, 4, 4, 4, 4, 4, 4, 4, 4, 4, 4, 4, 4, 4], "davies_bouldin": 1.573107, "calinski_harabasz": 28.868526, "silhouette_coefficient": 0.20309, "cluster_acc": 0.830986, "rand_index": 0.961511, "adjusted_rand_index": 0.796697, "mutual_info": 2.026117, "normalized_mutual_info": 0.900266, "adjusted_mutual_info": 0.889589, "homogeneity": 0.880272, "completeness": 0.92119, "v_measure": 0.900266, "h_c_v_m": [0.880272, 0.92119, 0.900266], "fowlkes_mallows_index": 0.821554}