{"center": [44, 127, 161, 147, 182, 47, 101, 0, 72, 141], "label": [7, 7, 7, 7, 0, 7, 7, 7, 7, 7, 7, 7, 7, 7, 7, 7, 7, 7, 7, 7, 7, 7, 7, 0, 0, 0, 0, 0, 0, 0, 0, 0, 0, 0, 0, 0, 0, 0, 0, 0, 0, 0, 0, 0, 0, 5, 5, 5, 5, 5, 5, 5, 5, 5, 5, 5, 5, 5, 5, 5, 5, 5, 5, 5, 5, 5, 5, 8, 7, 8, 8, 8, 8, 8, 8, 8, 8, 8, 8, 8, 8, 8, 8, 8, 8, 8, 8, 6, 6, 6, 6, 6, 6, 6, 6, 6, 6, 6, 6, 6, 6, 6, 6, 6, 6, 6, 6, 6, 1, 1, 1, 1, 1, 1, 1, 1, 1, 1, 1, 1, 1, 1, 1, 1, 1, 1, 1, 1, 1, 9, 9, 9, 9, 9, 3, 3, 3, 9, 9, 9, 9, 9, 9, 9, 9, 9, 3, 3, 3, 2, 2, 2, 2, 2, 2, 2, 2, 2, 2, 2, 2, 2, 2, 2, 2, 2, 2, 2, 2, 2, 4, 4, 4, 4, 4, 4, 4, 4, 4, 4, 4, 4, 4, 4, 4, 4, 4, 4, 4, 4, 4, 2, 2, 2, 2, 2, 2, 2, 2, 2, 2, 2, 2, 2, 2, 2, 2, 2, 2, 2, 2, 2, 2], "davies_bouldin": 1.65141, "calinski_harabasz": 29.16427, "silhouette_coefficient": 0.20148, "cluster_acc": 0.86385, "rand_index": 0.972052, "adjusted_rand_index": 0.850627, "mutual_info": 2.123194, "normalized_mutual_info": 0.939425, "adjusted_mutual_info": 0.932917, "homogeneity": 0.922448, "completeness": 0.957039, "v_measure": 0.939425, "h_c_v_m": [0.922448, 0.957039, 0.939425], "fowlkes_mallows_index": 0.868959}