{"center": [30, 117, 147, 182, 205, 57, 101, 0, 72, 10], "label": [7, 7, 7, 7, 7, 0, 7, 7, 7, 7, 9, 9, 9, 7, 7, 7, 7, 7, 7, 7, 9, 9, 7, 0, 0, 0, 0, 0, 0, 0, 0, 0, 0, 0, 0, 0, 0, 0, 0, 0, 0, 0, 0, 0, 0, 5, 5, 5, 5, 5, 5, 5, 5, 5, 5, 5, 5, 5, 5, 5, 5, 5, 5, 5, 5, 5, 5, 8, 7, 8, 8, 8, 8, 8, 8, 8, 8, 8, 8, 8, 8, 8, 8, 8, 8, 8, 8, 6, 6, 6, 6, 6, 6, 6, 6, 6, 6, 6, 6, 6, 6, 6, 6, 6, 6, 6, 6, 6, 1, 1, 1, 1, 1, 1, 1, 1, 1, 1, 1, 1, 1, 1, 1, 1, 1, 1, 1, 1, 1, 2, 2, 2, 2, 2, 2, 2, 2, 2, 2, 2, 2, 2, 2, 2, 2, 2, 2, 2, 2, 4, 4, 4, 4, 4, 4, 4, 4, 4, 4, 4, 4, 4, 4, 4, 4, 4, 4, 4, 4, 4, 3, 3, 3, 3, 3, 3, 3, 3, 3, 3, 3, 3, 3, 3, 3, 3, 3, 3, 3, 3, 3, 5, 4, 4, 4, 4, 4, 5, 4, 4, 4, 4, 4, 4, 4, 4, 4, 4, 4, 5, 4, 4, 4], "davies_bouldin": 1.66532, "calinski_harabasz": 29.209641, "silhouette_coefficient": 0.211781, "cluster_acc": 0.86385, "rand_index": 0.969572, "adjusted_rand_index": 0.835482, "mutual_info": 2.091251, "normalized_mutual_info": 0.923821, "adjusted_mutual_info": 0.915707, "homogeneity": 0.90857, "completeness": 0.939593, "v_measure": 0.923821, "h_c_v_m": [0.90857, 0.939593, 0.923821], "fowlkes_mallows_index": 0.854389}