{"center": [39, 80, 161, 60, 125, 138, 103, 170, 196, 12], "label": [4, 4, 4, 4, 4, 4, 4, 4, 4, 4, 9, 9, 9, 4, 5, 5, 9, 9, 9, 9, 9, 9, 4, 0, 0, 0, 0, 0, 0, 0, 0, 0, 0, 0, 0, 0, 0, 0, 0, 0, 0, 0, 0, 0, 0, 3, 3, 3, 3, 3, 3, 3, 3, 3, 3, 3, 3, 3, 3, 3, 3, 3, 3, 3, 3, 3, 3, 1, 4, 1, 1, 1, 1, 1, 1, 1, 1, 1, 1, 1, 1, 1, 1, 1, 1, 1, 1, 6, 6, 6, 6, 6, 6, 6, 6, 6, 6, 6, 6, 6, 6, 6, 6, 6, 6, 6, 6, 6, 4, 4, 4, 4, 4, 4, 4, 4, 4, 4, 4, 4, 4, 4, 4, 4, 4, 4, 4, 4, 4, 5, 5, 5, 5, 5, 5, 5, 5, 5, 5, 5, 5, 5, 5, 5, 5, 5, 5, 5, 5, 2, 2, 2, 2, 2, 2, 2, 2, 2, 2, 2, 2, 2, 2, 2, 2, 2, 2, 2, 2, 2, 7, 7, 7, 7, 7, 7, 7, 7, 7, 7, 7, 7, 7, 7, 7, 7, 7, 7, 7, 7, 7, 8, 8, 8, 8, 8, 8, 8, 2, 2, 2, 8, 8, 8, 2, 2, 2, 8, 8, 8, 8, 8, 8], "davies_bouldin": 1.587063, "calinski_harabasz": 37.411573, "silhouette_coefficient": 0.252198, "cluster_acc": 0.901408, "rand_index": 0.968288, "adjusted_rand_index": 0.823937, "mutual_info": 2.080349, "normalized_mutual_info": 0.912347, "adjusted_mutual_info": 0.902965, "homogeneity": 0.903834, "completeness": 0.921022, "v_measure": 0.912347, "h_c_v_m": [0.903834, 0.921022, 0.912347], "fowlkes_mallows_index": 0.842237}