{"center": [127, 30, 148, 182, 205, 57, 101, 72, 0, 122], "label": [8, 1, 8, 8, 1, 1, 8, 8, 8, 8, 2, 8, 8, 8, 2, 2, 2, 2, 8, 8, 8, 8, 8, 1, 1, 1, 1, 1, 1, 1, 1, 1, 1, 1, 1, 1, 1, 1, 1, 1, 1, 1, 1, 1, 1, 5, 5, 5, 5, 5, 5, 5, 5, 5, 5, 5, 5, 5, 5, 5, 5, 5, 5, 5, 5, 5, 5, 7, 8, 7, 7, 7, 7, 7, 7, 7, 7, 7, 7, 7, 7, 7, 7, 7, 7, 7, 7, 6, 6, 6, 6, 6, 6, 6, 6, 6, 6, 6, 6, 6, 6, 6, 6, 6, 6, 6, 6, 6, 0, 0, 0, 0, 0, 0, 0, 0, 0, 0, 0, 0, 0, 0, 0, 0, 0, 0, 0, 0, 0, 2, 2, 2, 2, 2, 2, 2, 2, 2, 2, 2, 2, 2, 2, 2, 2, 2, 2, 7, 2, 4, 4, 4, 4, 4, 4, 4, 4, 4, 4, 4, 4, 4, 4, 4, 4, 4, 4, 4, 4, 4, 3, 3, 3, 3, 3, 3, 3, 3, 3, 3, 3, 3, 3, 3, 3, 3, 3, 3, 3, 3, 3, 5, 5, 5, 5, 5, 5, 5, 4, 4, 4, 4, 4, 5, 4, 4, 4, 4, 5, 5, 4, 4, 5], "davies_bouldin": 1.58782, "calinski_harabasz": 33.283161, "silhouette_coefficient": 0.225245, "cluster_acc": -1, "rand_index": 0.957392, "adjusted_rand_index": 0.771965, "mutual_info": 1.969476, "normalized_mutual_info": 0.88028, "adjusted_mutual_info": 0.868894, "homogeneity": 0.855663, "completeness": 0.906356, "v_measure": 0.88028, "h_c_v_m": [0.855663, 0.906356, 0.88028], "fowlkes_mallows_index": 0.798105}