{"center": [127, 201, 30, 148, 159, 182, 57, 101, 72, 0], "label": [8, 1, 8, 8, 1, 1, 8, 8, 8, 8, 8, 8, 8, 8, 8, 8, 8, 8, 8, 8, 8, 7, 8, 1, 1, 1, 1, 1, 1, 1, 1, 1, 1, 1, 1, 1, 1, 1, 1, 1, 1, 1, 1, 1, 1, 5, 5, 5, 5, 5, 5, 5, 5, 5, 5, 5, 5, 5, 5, 5, 5, 5, 5, 5, 5, 5, 5, 7, 8, 7, 7, 7, 7, 7, 7, 7, 7, 7, 7, 7, 7, 7, 7, 7, 7, 7, 7, 6, 6, 6, 6, 6, 6, 6, 6, 0, 6, 6, 6, 6, 6, 6, 6, 6, 6, 6, 6, 6, 0, 0, 0, 0, 0, 0, 0, 0, 0, 0, 0, 0, 0, 0, 0, 0, 0, 0, 0, 0, 0, 2, 2, 2, 4, 2, 2, 2, 2, 2, 2, 2, 2, 2, 2, 2, 2, 2, 7, 7, 2, 3, 3, 3, 3, 3, 3, 3, 3, 3, 3, 3, 3, 3, 3, 3, 3, 3, 3, 3, 3, 3, 4, 4, 4, 4, 4, 4, 4, 4, 4, 4, 4, 4, 4, 4, 4, 4, 4, 4, 4, 4, 4, 5, 5, 5, 5, 5, 5, 5, 3, 3, 3, 5, 5, 5, 3, 3, 3, 5, 5, 5, 5, 5, 5], "davies_bouldin": 1.555268, "calinski_harabasz": 35.113521, "silhouette_coefficient": 0.241636, "cluster_acc": -1, "rand_index": 0.958765, "adjusted_rand_index": 0.780282, "mutual_info": 1.963114, "normalized_mutual_info": 0.877967, "adjusted_mutual_info": 0.866344, "homogeneity": 0.852899, "completeness": 0.904554, "v_measure": 0.877967, "h_c_v_m": [0.852899, 0.904554, 0.877967], "fowlkes_mallows_index": 0.805975}