{"center": [41, 127, 72, 159, 57, 170, 148, 101, 0, 201], "label": [8, 0, 8, 8, 8, 8, 8, 8, 8, 8, 8, 8, 8, 8, 6, 6, 8, 6, 8, 8, 8, 8, 8, 0, 0, 0, 0, 0, 0, 0, 0, 0, 0, 0, 0, 0, 0, 0, 0, 0, 0, 0, 0, 0, 0, 4, 4, 4, 4, 4, 4, 4, 4, 4, 4, 4, 4, 4, 4, 4, 4, 4, 4, 4, 4, 4, 4, 2, 8, 2, 2, 2, 2, 2, 2, 2, 2, 2, 2, 2, 2, 2, 2, 2, 2, 2, 2, 7, 7, 7, 7, 7, 7, 7, 7, 7, 7, 7, 7, 7, 7, 7, 7, 7, 7, 7, 7, 7, 1, 1, 1, 1, 1, 1, 1, 1, 1, 1, 1, 1, 1, 1, 1, 1, 1, 1, 1, 1, 1, 6, 6, 6, 6, 6, 6, 6, 6, 6, 6, 6, 6, 6, 6, 6, 6, 6, 6, 6, 6, 3, 3, 3, 3, 3, 3, 3, 3, 3, 3, 3, 3, 3, 3, 3, 3, 3, 3, 3, 3, 3, 5, 5, 5, 5, 5, 5, 5, 5, 5, 5, 5, 5, 5, 5, 5, 5, 5, 5, 5, 5, 5, 9, 9, 9, 9, 9, 9, 9, 3, 3, 3, 9, 9, 9, 3, 3, 3, 9, 9, 9, 9, 9, 9], "davies_bouldin": 1.491572, "calinski_harabasz": 38.929099, "silhouette_coefficient": 0.269836, "cluster_acc": 0.948357, "rand_index": 0.981354, "adjusted_rand_index": 0.893231, "mutual_info": 2.154785, "normalized_mutual_info": 0.93766, "adjusted_mutual_info": 0.931029, "homogeneity": 0.936173, "completeness": 0.939151, "v_measure": 0.93766, "h_c_v_m": [0.936173, 0.939151, 0.93766], "fowlkes_mallows_index": 0.903577}