{"center": [127, 201, 140, 30, 182, 57, 101, 72, 0, 206], "label": [7, 2, 7, 7, 7, 2, 7, 7, 7, 7, 1, 1, 1, 7, 1, 1, 1, 1, 1, 1, 1, 1, 7, 2, 2, 2, 2, 2, 2, 2, 2, 2, 2, 2, 2, 2, 2, 2, 2, 2, 2, 2, 2, 2, 2, 4, 4, 4, 4, 4, 4, 4, 4, 4, 4, 4, 4, 4, 4, 4, 4, 4, 4, 4, 4, 4, 4, 6, 7, 6, 1, 1, 1, 1, 6, 1, 6, 1, 1, 1, 1, 1, 1, 6, 6, 6, 1, 5, 5, 5, 5, 5, 5, 5, 5, 5, 5, 5, 5, 5, 5, 5, 5, 5, 5, 5, 5, 5, 0, 0, 0, 0, 0, 0, 0, 0, 0, 0, 0, 0, 0, 0, 0, 0, 0, 0, 0, 0, 1, 1, 1, 1, 1, 1, 1, 1, 1, 1, 1, 1, 1, 1, 1, 1, 1, 1, 1, 1, 1, 8, 8, 8, 8, 8, 8, 8, 8, 8, 8, 8, 8, 8, 8, 8, 8, 8, 8, 8, 8, 8, 3, 3, 3, 3, 3, 3, 3, 3, 3, 3, 3, 3, 3, 3, 3, 3, 3, 3, 3, 3, 3, 4, 4, 4, 4, 4, 4, 4, 8, 8, 8, 4, 4, 4, 8, 8, 8, 4, 4, 4, 4, 4, 4], "davies_bouldin": 1.555718, "calinski_harabasz": 30.985301, "silhouette_coefficient": 0.18562, "cluster_acc": -1, "rand_index": 0.931881, "adjusted_rand_index": 0.662696, "mutual_info": 1.828478, "normalized_mutual_info": 0.833581, "adjusted_mutual_info": 0.817485, "homogeneity": 0.794405, "completeness": 0.876822, "v_measure": 0.833581, "h_c_v_m": [0.794405, 0.876822, 0.833581], "fowlkes_mallows_index": 0.708668}