{"center": [182, 117, 41, 205, 136, 13, 100, 4, 47, 95], "label": [5, 7, 7, 7, 7, 2, 7, 7, 7, 7, 5, 5, 5, 5, 5, 5, 5, 5, 5, 5, 5, 4, 5, 2, 2, 2, 2, 2, 2, 2, 2, 2, 2, 2, 2, 2, 2, 2, 2, 2, 2, 2, 2, 2, 2, 8, 8, 8, 8, 8, 8, 8, 8, 8, 8, 8, 8, 8, 8, 8, 8, 8, 8, 8, 8, 8, 8, 4, 1, 4, 4, 4, 4, 4, 4, 4, 4, 4, 4, 4, 4, 4, 4, 4, 4, 4, 4, 6, 6, 6, 6, 6, 6, 6, 6, 9, 6, 6, 6, 6, 6, 6, 6, 6, 6, 6, 6, 6, 1, 1, 1, 1, 1, 1, 1, 1, 1, 1, 1, 1, 1, 1, 1, 1, 1, 1, 1, 1, 1, 4, 4, 4, 4, 4, 4, 4, 4, 4, 4, 4, 4, 4, 4, 4, 4, 4, 4, 4, 4, 3, 3, 3, 3, 3, 3, 3, 3, 3, 3, 3, 3, 3, 3, 3, 3, 3, 3, 3, 3, 3, 0, 0, 0, 0, 0, 0, 0, 0, 0, 0, 0, 0, 0, 0, 0, 0, 0, 0, 0, 0, 0, 8, 3, 8, 3, 8, 8, 8, 3, 3, 3, 3, 3, 3, 3, 3, 3, 3, 3, 8, 8, 3, 8], "davies_bouldin": 1.513611, "calinski_harabasz": 25.729493, "silhouette_coefficient": 0.189441, "cluster_acc": 0.751174, "rand_index": 0.945522, "adjusted_rand_index": 0.72227, "mutual_info": 1.922209, "normalized_mutual_info": 0.867218, "adjusted_mutual_info": 0.853698, "homogeneity": 0.835128, "completeness": 0.901873, "v_measure": 0.867218, "h_c_v_m": [0.835128, 0.901873, 0.867218], "fowlkes_mallows_index": 0.758523}