{"center": [30, 127, 148, 182, 205, 57, 101, 72, 0, 201], "label": [8, 0, 8, 8, 0, 0, 8, 8, 8, 8, 2, 2, 2, 8, 2, 2, 2, 2, 2, 2, 2, 2, 8, 0, 0, 0, 0, 0, 0, 0, 0, 0, 0, 0, 0, 0, 0, 0, 0, 0, 0, 0, 0, 0, 0, 5, 5, 5, 5, 5, 5, 5, 5, 5, 5, 5, 5, 5, 5, 5, 5, 5, 5, 5, 5, 5, 5, 2, 8, 7, 2, 2, 2, 7, 7, 2, 7, 2, 2, 2, 2, 2, 7, 7, 7, 7, 2, 6, 6, 6, 6, 3, 3, 6, 6, 6, 6, 6, 6, 6, 6, 6, 6, 6, 6, 6, 6, 6, 1, 1, 1, 1, 1, 1, 1, 1, 1, 1, 1, 1, 1, 1, 1, 1, 1, 1, 1, 1, 2, 2, 2, 2, 2, 2, 2, 2, 2, 2, 2, 2, 2, 2, 2, 2, 2, 2, 2, 2, 2, 4, 4, 4, 4, 4, 4, 4, 4, 4, 4, 4, 4, 4, 4, 4, 4, 4, 4, 4, 4, 4, 3, 3, 3, 3, 3, 3, 3, 3, 3, 3, 3, 3, 3, 3, 3, 3, 3, 3, 3, 3, 3, 5, 5, 5, 5, 5, 5, 5, 4, 4, 4, 5, 5, 5, 4, 4, 4, 5, 5, 5, 5, 5, 5], "davies_bouldin": 1.54575, "calinski_harabasz": 30.88972, "silhouette_coefficient": 0.186152, "cluster_acc": -1, "rand_index": 0.928337, "adjusted_rand_index": 0.644015, "mutual_info": 1.792547, "normalized_mutual_info": 0.816572, "adjusted_mutual_info": 0.798813, "homogeneity": 0.778795, "completeness": 0.8582, "v_measure": 0.816572, "h_c_v_m": [0.778795, 0.8582, 0.816572], "fowlkes_mallows_index": 0.691427}