{"center": [41, 125, 141, 159, 57, 72, 170, 101, 12, 0], "label": [9, 9, 9, 9, 0, 0, 9, 9, 9, 1, 2, 8, 8, 9, 2, 2, 2, 2, 8, 8, 8, 5, 9, 0, 0, 0, 0, 0, 0, 0, 0, 0, 0, 0, 0, 0, 0, 0, 0, 0, 0, 0, 0, 0, 0, 4, 4, 4, 4, 4, 4, 4, 4, 4, 4, 4, 4, 4, 4, 4, 4, 4, 4, 4, 4, 4, 4, 5, 9, 5, 5, 5, 5, 5, 5, 5, 5, 5, 5, 5, 5, 5, 5, 5, 5, 5, 5, 7, 7, 7, 7, 7, 7, 7, 7, 1, 7, 7, 7, 7, 7, 7, 7, 7, 7, 7, 7, 7, 1, 1, 1, 1, 1, 1, 1, 1, 1, 1, 1, 1, 1, 1, 1, 1, 1, 1, 1, 1, 1, 2, 2, 2, 2, 2, 2, 2, 2, 2, 2, 2, 2, 2, 2, 2, 2, 2, 2, 2, 2, 3, 3, 3, 3, 3, 3, 3, 3, 3, 3, 3, 3, 3, 3, 3, 3, 3, 3, 3, 3, 3, 6, 6, 6, 6, 6, 6, 6, 6, 6, 6, 6, 6, 6, 6, 6, 6, 6, 6, 6, 6, 6, 3, 3, 3, 3, 3, 3, 3, 3, 3, 3, 3, 3, 3, 3, 3, 3, 3, 3, 3, 3, 3, 3], "davies_bouldin": 1.582599, "calinski_harabasz": 28.747019, "silhouette_coefficient": 0.204083, "cluster_acc": 0.826291, "rand_index": 0.959607, "adjusted_rand_index": 0.786597, "mutual_info": 1.998453, "normalized_mutual_info": 0.88794, "adjusted_mutual_info": 0.875944, "homogeneity": 0.868253, "completeness": 0.908539, "v_measure": 0.88794, "h_c_v_m": [0.868253, 0.908539, 0.88794], "fowlkes_mallows_index": 0.812455}