{"center": [182, 117, 30, 205, 136, 100, 0, 4, 47, 95], "label": [6, 2, 2, 7, 2, 2, 7, 7, 7, 7, 4, 6, 6, 6, 4, 4, 4, 4, 6, 6, 6, 4, 6, 2, 2, 2, 2, 2, 2, 2, 2, 2, 2, 2, 2, 2, 2, 2, 2, 2, 2, 2, 2, 2, 2, 8, 8, 8, 8, 8, 8, 8, 8, 8, 8, 8, 8, 8, 8, 8, 8, 8, 8, 8, 8, 8, 8, 4, 1, 4, 4, 4, 4, 4, 4, 4, 4, 4, 4, 4, 4, 4, 4, 4, 4, 4, 4, 5, 5, 5, 5, 5, 5, 1, 1, 1, 5, 5, 5, 1, 5, 5, 5, 5, 5, 5, 5, 5, 1, 1, 1, 1, 1, 1, 1, 1, 1, 1, 1, 1, 1, 1, 1, 1, 1, 1, 1, 1, 1, 4, 4, 4, 4, 4, 4, 4, 4, 4, 4, 4, 4, 4, 4, 4, 4, 4, 4, 4, 4, 3, 3, 3, 3, 3, 3, 3, 3, 3, 3, 3, 3, 3, 3, 3, 3, 3, 3, 3, 3, 3, 0, 0, 0, 0, 0, 0, 0, 0, 0, 0, 0, 0, 0, 0, 0, 0, 0, 0, 0, 0, 0, 3, 3, 3, 3, 8, 3, 3, 3, 3, 3, 3, 3, 3, 3, 3, 3, 3, 3, 8, 3, 3, 3], "davies_bouldin": 1.689177, "calinski_harabasz": 26.001932, "silhouette_coefficient": 0.161528, "cluster_acc": -1, "rand_index": 0.929312, "adjusted_rand_index": 0.659511, "mutual_info": 1.802286, "normalized_mutual_info": 0.828965, "adjusted_mutual_info": 0.812499, "homogeneity": 0.783026, "completeness": 0.880632, "v_measure": 0.828965, "h_c_v_m": [0.783026, 0.880632, 0.828965], "fowlkes_mallows_index": 0.709725}