{"center": [182, 117, 30, 205, 136, 101, 0, 47, 4, 72], "label": [6, 8, 8, 8, 8, 2, 8, 8, 8, 8, 6, 6, 6, 6, 6, 6, 6, 6, 6, 6, 6, 6, 6, 2, 2, 2, 2, 2, 2, 2, 2, 2, 2, 2, 2, 2, 2, 2, 2, 2, 2, 2, 2, 2, 2, 7, 7, 7, 7, 7, 7, 7, 7, 7, 7, 7, 7, 7, 7, 7, 7, 7, 7, 7, 7, 7, 7, 9, 8, 9, 9, 9, 9, 9, 9, 9, 9, 9, 9, 9, 9, 9, 9, 9, 9, 9, 9, 5, 5, 5, 5, 5, 0, 5, 5, 5, 5, 5, 5, 5, 5, 5, 5, 5, 5, 5, 5, 5, 1, 1, 1, 1, 1, 1, 1, 1, 1, 1, 1, 1, 1, 1, 1, 1, 1, 1, 1, 1, 1, 4, 4, 4, 4, 4, 4, 4, 4, 4, 4, 4, 4, 4, 4, 4, 4, 4, 4, 4, 4, 3, 3, 3, 3, 3, 3, 3, 3, 3, 3, 3, 3, 3, 3, 3, 3, 3, 3, 3, 3, 3, 0, 0, 0, 0, 0, 0, 0, 0, 0, 0, 0, 0, 0, 0, 0, 0, 0, 0, 0, 0, 0, 7, 3, 3, 3, 7, 7, 7, 3, 3, 3, 3, 3, 7, 3, 3, 3, 3, 3, 7, 7, 3, 7], "davies_bouldin": 1.549326, "calinski_harabasz": 30.68607, "silhouette_coefficient": 0.22845, "cluster_acc": 0.84507, "rand_index": 0.964302, "adjusted_rand_index": 0.803756, "mutual_info": 2.056278, "normalized_mutual_info": 0.903818, "adjusted_mutual_info": 0.89349, "homogeneity": 0.893376, "completeness": 0.914507, "v_measure": 0.903818, "h_c_v_m": [0.893376, 0.914507, 0.903818], "fowlkes_mallows_index": 0.824656}