{"center": [30, 127, 72, 159, 57, 182, 101, 147, 0, 201], "label": [8, 0, 8, 8, 0, 8, 8, 8, 8, 8, 8, 8, 8, 8, 7, 7, 7, 7, 8, 8, 8, 8, 8, 0, 0, 0, 0, 0, 0, 0, 0, 0, 0, 0, 0, 0, 0, 0, 0, 0, 0, 0, 0, 0, 0, 4, 4, 4, 4, 4, 4, 4, 4, 4, 4, 4, 4, 4, 4, 4, 4, 4, 4, 4, 4, 4, 4, 2, 8, 2, 2, 2, 2, 2, 2, 2, 2, 2, 2, 2, 2, 2, 2, 2, 2, 2, 2, 6, 6, 6, 6, 6, 6, 6, 6, 6, 6, 6, 6, 6, 6, 6, 6, 6, 6, 6, 6, 6, 1, 1, 1, 1, 1, 1, 1, 1, 1, 1, 1, 1, 1, 1, 1, 1, 1, 1, 1, 1, 1, 7, 7, 7, 7, 7, 7, 7, 7, 7, 7, 7, 7, 7, 7, 7, 7, 7, 7, 7, 7, 3, 3, 3, 3, 3, 3, 3, 3, 3, 3, 3, 3, 3, 3, 3, 3, 3, 3, 3, 3, 3, 5, 5, 5, 5, 5, 5, 5, 5, 5, 5, 5, 5, 5, 5, 5, 5, 5, 5, 5, 5, 5, 9, 9, 9, 9, 9, 9, 9, 3, 3, 3, 9, 9, 9, 3, 3, 3, 4, 9, 9, 9, 9, 4], "davies_bouldin": 1.525822, "calinski_harabasz": 37.313684, "silhouette_coefficient": 0.256488, "cluster_acc": 0.929577, "rand_index": 0.97502, "adjusted_rand_index": 0.857694, "mutual_info": 2.10101, "normalized_mutual_info": 0.915458, "adjusted_mutual_info": 0.906453, "homogeneity": 0.91281, "completeness": 0.918121, "v_measure": 0.915458, "h_c_v_m": [0.91281, 0.918121, 0.915458], "fowlkes_mallows_index": 0.871602}