{"center": [39, 81, 53, 125, 162, 134, 188, 101, 11, 171], "label": [3, 3, 3, 3, 3, 3, 3, 3, 3, 3, 8, 8, 8, 3, 8, 8, 8, 8, 8, 8, 8, 8, 3, 0, 0, 0, 0, 0, 0, 0, 0, 0, 0, 0, 0, 0, 0, 0, 0, 0, 0, 0, 0, 0, 0, 2, 2, 2, 2, 2, 2, 2, 2, 2, 2, 2, 2, 2, 2, 2, 2, 2, 2, 2, 2, 2, 2, 1, 3, 1, 1, 1, 1, 1, 1, 1, 1, 1, 1, 1, 1, 1, 1, 1, 1, 1, 1, 7, 7, 7, 7, 7, 7, 7, 7, 7, 7, 7, 7, 7, 7, 7, 7, 7, 7, 7, 7, 7, 3, 3, 3, 3, 3, 3, 3, 3, 3, 3, 3, 3, 3, 3, 3, 3, 3, 3, 3, 3, 3, 5, 5, 5, 5, 5, 5, 5, 5, 5, 5, 5, 5, 5, 5, 5, 5, 5, 5, 5, 5, 4, 4, 4, 4, 4, 4, 4, 4, 4, 4, 4, 4, 4, 4, 4, 4, 4, 4, 4, 4, 4, 9, 9, 9, 9, 9, 9, 9, 9, 9, 6, 6, 6, 6, 6, 6, 9, 6, 9, 6, 6, 6, 4, 4, 4, 4, 4, 4, 4, 4, 4, 4, 4, 4, 4, 4, 4, 4, 4, 4, 4, 4, 4, 4], "davies_bouldin": 1.763872, "calinski_harabasz": 28.252959, "silhouette_coefficient": 0.188762, "cluster_acc": 0.793427, "rand_index": 0.955355, "adjusted_rand_index": 0.76608, "mutual_info": 2.039083, "normalized_mutual_info": 0.905778, "adjusted_mutual_info": 0.895513, "homogeneity": 0.885905, "completeness": 0.926563, "v_measure": 0.905778, "h_c_v_m": [0.885905, 0.926563, 0.905778], "fowlkes_mallows_index": 0.794839}