{"center": [125, 161, 60, 39, 141, 170, 71, 101, 12, 0], "label": [9, 9, 9, 9, 9, 3, 9, 9, 9, 9, 8, 8, 8, 9, 4, 4, 8, 8, 8, 8, 4, 6, 9, 3, 3, 3, 3, 3, 3, 3, 3, 3, 3, 3, 3, 3, 3, 3, 3, 3, 3, 3, 3, 3, 3, 2, 2, 2, 2, 2, 2, 2, 2, 2, 2, 2, 2, 2, 2, 2, 2, 2, 2, 2, 2, 2, 2, 6, 9, 6, 6, 6, 6, 6, 6, 6, 6, 6, 6, 6, 6, 6, 6, 6, 6, 6, 6, 7, 7, 7, 7, 7, 7, 7, 7, 7, 7, 7, 7, 7, 7, 7, 7, 7, 7, 7, 7, 7, 0, 0, 0, 0, 0, 0, 0, 0, 0, 0, 0, 0, 0, 0, 0, 0, 0, 0, 0, 0, 0, 4, 4, 4, 4, 4, 4, 4, 4, 4, 4, 4, 4, 4, 4, 4, 4, 4, 4, 4, 4, 1, 1, 1, 1, 1, 1, 1, 1, 1, 1, 1, 1, 1, 1, 1, 1, 1, 1, 1, 1, 1, 5, 5, 5, 5, 5, 5, 5, 5, 5, 5, 5, 5, 5, 5, 5, 5, 5, 5, 5, 5, 5, 1, 1, 1, 1, 1, 1, 1, 1, 1, 1, 1, 1, 1, 1, 1, 1, 1, 1, 1, 1, 1, 1], "davies_bouldin": 1.566877, "calinski_harabasz": 29.655891, "silhouette_coefficient": 0.216507, "cluster_acc": 0.840376, "rand_index": 0.966029, "adjusted_rand_index": 0.818432, "mutual_info": 2.065895, "normalized_mutual_info": 0.9138, "adjusted_mutual_info": 0.904511, "homogeneity": 0.897554, "completeness": 0.930646, "v_measure": 0.9138, "h_c_v_m": [0.897554, 0.930646, 0.9138], "fowlkes_mallows_index": 0.840008}