{"center": [39, 81, 54, 125, 161, 141, 170, 101, 12, 0], "label": [9, 9, 9, 9, 9, 9, 9, 9, 9, 9, 5, 8, 8, 9, 5, 5, 5, 8, 8, 8, 8, 8, 9, 0, 0, 0, 0, 0, 0, 0, 0, 0, 0, 0, 0, 0, 0, 0, 0, 0, 0, 0, 0, 0, 0, 2, 2, 2, 2, 2, 2, 2, 2, 2, 2, 2, 2, 2, 2, 2, 2, 2, 2, 2, 2, 2, 2, 1, 9, 1, 1, 1, 1, 1, 1, 1, 1, 1, 1, 1, 1, 1, 1, 1, 1, 1, 1, 7, 7, 7, 7, 7, 7, 7, 7, 7, 7, 7, 7, 7, 7, 7, 7, 7, 7, 7, 7, 7, 3, 3, 3, 3, 3, 3, 3, 3, 3, 3, 3, 3, 3, 3, 3, 3, 3, 3, 3, 3, 3, 5, 5, 5, 5, 5, 5, 5, 5, 5, 5, 5, 5, 5, 5, 5, 5, 5, 5, 5, 5, 4, 4, 4, 4, 4, 4, 4, 4, 4, 4, 4, 4, 4, 4, 4, 4, 4, 4, 4, 4, 4, 6, 6, 6, 6, 6, 6, 6, 6, 6, 6, 6, 6, 6, 6, 6, 6, 6, 6, 6, 6, 6, 4, 4, 4, 4, 4, 4, 4, 4, 4, 4, 4, 4, 4, 4, 4, 4, 4, 4, 4, 4, 4, 4], "davies_bouldin": 1.567478, "calinski_harabasz": 30.124625, "silhouette_coefficient": 0.224282, "cluster_acc": 0.84507, "rand_index": 0.967535, "adjusted_rand_index": 0.826281, "mutual_info": 2.094499, "normalized_mutual_info": 0.926067, "adjusted_mutual_info": 0.918099, "homogeneity": 0.909981, "completeness": 0.942731, "v_measure": 0.926067, "h_c_v_m": [0.909981, 0.942731, 0.926067], "fowlkes_mallows_index": 0.846967}