{"center": [127, 41, 60, 138, 159, 170, 201, 101, 72, 12], "label": [0, 1, 0, 0, 1, 0, 0, 0, 0, 0, 3, 8, 3, 0, 3, 3, 3, 3, 3, 3, 8, 7, 0, 1, 1, 1, 1, 1, 1, 1, 1, 1, 1, 1, 1, 1, 1, 1, 1, 1, 1, 1, 1, 1, 1, 2, 2, 2, 2, 2, 2, 2, 2, 2, 2, 2, 2, 2, 2, 2, 2, 2, 2, 2, 2, 2, 2, 7, 0, 7, 7, 7, 7, 7, 7, 7, 7, 7, 7, 7, 7, 7, 7, 7, 7, 7, 7, 6, 6, 6, 6, 6, 6, 0, 0, 0, 6, 0, 6, 6, 6, 6, 6, 6, 6, 0, 0, 6, 0, 0, 0, 0, 0, 0, 0, 0, 0, 0, 0, 0, 0, 0, 0, 0, 0, 0, 0, 0, 0, 3, 3, 3, 3, 3, 3, 3, 3, 3, 3, 3, 3, 3, 3, 3, 3, 3, 3, 7, 3, 4, 4, 4, 4, 4, 4, 4, 4, 4, 4, 4, 4, 4, 4, 4, 4, 4, 4, 4, 4, 4, 5, 5, 5, 5, 5, 5, 5, 5, 5, 5, 5, 5, 5, 5, 5, 5, 5, 5, 5, 5, 5, 2, 2, 2, 2, 2, 2, 2, 4, 4, 4, 2, 2, 2, 4, 4, 4, 2, 2, 2, 2, 2, 2], "davies_bouldin": 1.581849, "calinski_harabasz": 32.92033, "silhouette_coefficient": 0.201378, "cluster_acc": -1, "rand_index": 0.931438, "adjusted_rand_index": 0.657345, "mutual_info": 1.776036, "normalized_mutual_info": 0.812112, "adjusted_mutual_info": 0.794832, "homogeneity": 0.771621, "completeness": 0.857088, "v_measure": 0.812112, "h_c_v_m": [0.771621, 0.857088, 0.812112], "fowlkes_mallows_index": 0.702624}