{"center": [127, 30, 148, 182, 205, 57, 101, 72, 0, 201], "label": [8, 1, 1, 8, 1, 1, 8, 8, 8, 8, 8, 8, 8, 8, 8, 8, 8, 8, 8, 8, 8, 7, 8, 1, 1, 1, 1, 1, 1, 1, 1, 1, 1, 1, 1, 1, 1, 1, 1, 1, 1, 1, 1, 1, 1, 5, 5, 5, 5, 5, 5, 5, 5, 5, 5, 5, 5, 5, 5, 5, 5, 5, 5, 5, 5, 5, 5, 7, 8, 7, 7, 7, 7, 7, 7, 7, 7, 7, 7, 7, 7, 7, 7, 7, 7, 7, 7, 6, 6, 6, 6, 3, 6, 6, 6, 0, 6, 6, 6, 0, 6, 6, 6, 6, 6, 6, 6, 6, 0, 0, 0, 0, 0, 0, 0, 0, 0, 0, 0, 0, 0, 0, 0, 0, 0, 0, 0, 0, 0, 2, 2, 2, 2, 2, 2, 2, 2, 2, 2, 2, 2, 2, 2, 2, 2, 2, 2, 7, 2, 4, 4, 4, 4, 4, 4, 4, 4, 4, 4, 4, 4, 4, 4, 4, 4, 4, 4, 4, 4, 4, 3, 3, 3, 3, 3, 3, 3, 3, 3, 3, 3, 3, 3, 3, 3, 3, 3, 3, 3, 3, 3, 5, 5, 5, 5, 5, 5, 5, 4, 4, 4, 5, 5, 5, 4, 4, 4, 5, 5, 5, 5, 5, 5], "davies_bouldin": 1.567239, "calinski_harabasz": 34.997865, "silhouette_coefficient": 0.238445, "cluster_acc": -1, "rand_index": 0.957038, "adjusted_rand_index": 0.771296, "mutual_info": 1.953808, "normalized_mutual_info": 0.873994, "adjusted_mutual_info": 0.861988, "homogeneity": 0.848857, "completeness": 0.900666, "v_measure": 0.873994, "h_c_v_m": [0.848857, 0.900666, 0.873994], "fowlkes_mallows_index": 0.797982}