{"center": [127, 60, 41, 138, 159, 170, 72, 201, 101, 12], "label": [0, 2, 0, 0, 0, 0, 0, 0, 0, 0, 9, 9, 3, 0, 3, 3, 3, 3, 3, 3, 9, 6, 0, 2, 2, 2, 2, 2, 2, 2, 2, 2, 2, 2, 2, 2, 2, 2, 2, 2, 2, 2, 2, 2, 2, 1, 1, 1, 1, 1, 1, 1, 1, 1, 1, 1, 1, 1, 1, 1, 1, 1, 1, 1, 1, 1, 1, 6, 0, 6, 6, 6, 6, 6, 6, 6, 6, 6, 6, 6, 6, 6, 6, 6, 6, 6, 6, 8, 8, 8, 8, 8, 8, 8, 0, 0, 8, 8, 8, 8, 8, 8, 8, 8, 8, 0, 0, 8, 0, 0, 0, 0, 0, 0, 0, 0, 0, 0, 0, 0, 0, 0, 0, 0, 0, 0, 0, 0, 0, 3, 3, 3, 3, 3, 3, 3, 3, 3, 3, 3, 3, 3, 3, 3, 3, 3, 3, 3, 3, 4, 4, 4, 4, 4, 4, 4, 4, 4, 4, 4, 4, 4, 4, 4, 4, 4, 4, 4, 4, 4, 5, 5, 5, 5, 5, 5, 5, 5, 5, 5, 5, 5, 5, 5, 5, 5, 5, 5, 5, 5, 5, 7, 7, 7, 7, 7, 7, 7, 4, 4, 4, 7, 7, 7, 4, 4, 4, 7, 7, 7, 7, 7, 7], "davies_bouldin": 1.550077, "calinski_harabasz": 35.713479, "silhouette_coefficient": 0.229955, "cluster_acc": 0.85446, "rand_index": 0.953096, "adjusted_rand_index": 0.74757, "mutual_info": 1.946838, "normalized_mutual_info": 0.863149, "adjusted_mutual_info": 0.848809, "homogeneity": 0.845828, "completeness": 0.881193, "v_measure": 0.863149, "h_c_v_m": [0.845828, 0.881193, 0.863149], "fowlkes_mallows_index": 0.775686}