{"center": [71, 27, 115, 45, 161, 180, 142, 4, 196, 100], "label": [7, 7, 7, 7, 7, 7, 7, 7, 7, 7, 6, 6, 6, 6, 6, 6, 6, 6, 6, 6, 6, 6, 7, 1, 1, 1, 1, 1, 1, 1, 1, 1, 1, 1, 1, 1, 1, 1, 1, 1, 1, 1, 1, 1, 1, 3, 3, 3, 3, 3, 3, 3, 3, 3, 3, 3, 3, 3, 3, 3, 3, 3, 3, 3, 3, 3, 3, 0, 7, 0, 0, 0, 0, 0, 0, 0, 0, 0, 0, 0, 0, 0, 0, 0, 0, 0, 0, 9, 9, 9, 9, 9, 9, 9, 9, 9, 9, 9, 9, 9, 9, 9, 9, 9, 9, 9, 9, 9, 2, 2, 2, 2, 2, 2, 2, 2, 2, 2, 2, 2, 2, 2, 2, 2, 2, 2, 2, 2, 2, 6, 6, 6, 6, 6, 6, 6, 6, 6, 6, 6, 6, 6, 6, 6, 6, 6, 6, 6, 6, 4, 4, 4, 4, 4, 4, 4, 4, 4, 4, 4, 4, 4, 4, 4, 4, 4, 4, 4, 4, 4, 5, 5, 5, 5, 5, 5, 5, 5, 5, 5, 5, 5, 5, 5, 5, 5, 5, 5, 5, 5, 5, 8, 8, 8, 8, 8, 8, 8, 4, 4, 4, 8, 8, 8, 4, 4, 4, 8, 8, 8, 8, 8, 8], "davies_bouldin": 1.451475, "calinski_harabasz": 39.093403, "silhouette_coefficient": 0.273337, "cluster_acc": 0.910798, "rand_index": 0.972362, "adjusted_rand_index": 0.844833, "mutual_info": 2.118999, "normalized_mutual_info": 0.92642, "adjusted_mutual_info": 0.91855, "homogeneity": 0.920626, "completeness": 0.932287, "v_measure": 0.92642, "h_c_v_m": [0.920626, 0.932287, 0.92642], "fowlkes_mallows_index": 0.860518}