{"center": [127, 41, 138, 159, 57, 170, 72, 101, 0, 201], "label": [8, 1, 8, 8, 8, 8, 8, 8, 8, 8, 8, 8, 8, 8, 2, 2, 2, 2, 8, 8, 8, 8, 8, 1, 1, 1, 1, 1, 1, 1, 1, 1, 1, 1, 1, 1, 1, 1, 1, 1, 1, 1, 1, 1, 1, 4, 4, 4, 4, 4, 4, 4, 4, 4, 4, 4, 4, 4, 4, 4, 4, 4, 4, 4, 4, 4, 4, 6, 8, 6, 6, 6, 6, 6, 6, 6, 6, 6, 6, 6, 6, 6, 6, 6, 6, 6, 6, 7, 7, 7, 7, 7, 7, 7, 7, 0, 7, 7, 7, 7, 7, 7, 7, 7, 7, 7, 7, 7, 0, 0, 0, 0, 0, 0, 0, 0, 0, 0, 0, 0, 0, 0, 0, 0, 0, 0, 0, 0, 0, 2, 2, 2, 2, 2, 2, 2, 2, 2, 2, 2, 2, 2, 2, 2, 2, 2, 2, 2, 2, 3, 3, 3, 3, 3, 3, 3, 3, 3, 3, 3, 3, 3, 3, 3, 3, 3, 3, 3, 3, 3, 5, 5, 5, 5, 5, 5, 5, 5, 5, 5, 5, 5, 5, 5, 5, 5, 5, 5, 5, 5, 5, 9, 9, 9, 9, 9, 9, 9, 3, 3, 3, 9, 9, 9, 3, 3, 3, 9, 9, 9, 9, 9, 9], "davies_bouldin": 1.480341, "calinski_harabasz": 38.815068, "silhouette_coefficient": 0.26903, "cluster_acc": 0.938967, "rand_index": 0.978032, "adjusted_rand_index": 0.874339, "mutual_info": 2.126978, "normalized_mutual_info": 0.925781, "adjusted_mutual_info": 0.917884, "homogeneity": 0.924092, "completeness": 0.927476, "v_measure": 0.925781, "h_c_v_m": [0.924092, 0.927476, 0.925781], "fowlkes_mallows_index": 0.886532}