{"center": [39, 80, 60, 162, 125, 138, 180, 103, 12, 201], "label": [4, 4, 4, 4, 4, 4, 4, 4, 4, 4, 8, 8, 8, 4, 8, 8, 8, 8, 8, 8, 8, 8, 4, 0, 0, 0, 0, 0, 0, 0, 0, 0, 0, 0, 0, 0, 0, 0, 0, 0, 0, 0, 0, 0, 0, 2, 2, 2, 2, 2, 2, 2, 2, 2, 2, 2, 2, 2, 2, 2, 2, 2, 2, 2, 2, 2, 2, 1, 4, 1, 1, 1, 1, 1, 1, 1, 1, 1, 1, 1, 1, 1, 1, 1, 1, 1, 1, 7, 7, 7, 7, 7, 7, 7, 7, 7, 7, 7, 7, 7, 7, 7, 7, 7, 7, 7, 7, 7, 4, 4, 4, 4, 4, 4, 4, 4, 4, 4, 4, 4, 4, 4, 4, 4, 4, 4, 4, 4, 4, 5, 5, 5, 5, 5, 5, 5, 5, 5, 5, 5, 5, 5, 5, 5, 5, 5, 5, 5, 5, 3, 3, 3, 3, 3, 3, 3, 3, 3, 3, 3, 3, 3, 3, 3, 3, 3, 3, 3, 3, 3, 6, 6, 6, 6, 6, 6, 6, 6, 6, 6, 6, 6, 6, 6, 6, 6, 6, 6, 6, 6, 6, 9, 9, 9, 9, 9, 9, 9, 3, 3, 3, 9, 9, 9, 3, 3, 3, 9, 9, 9, 9, 9, 9], "davies_bouldin": 1.562481, "calinski_harabasz": 38.037017, "silhouette_coefficient": 0.25945, "cluster_acc": 0.910798, "rand_index": 0.970857, "adjusted_rand_index": 0.837489, "mutual_info": 2.111814, "normalized_mutual_info": 0.924731, "adjusted_mutual_info": 0.916667, "homogeneity": 0.917504, "completeness": 0.932072, "v_measure": 0.924731, "h_c_v_m": [0.917504, 0.932072, 0.924731], "fowlkes_mallows_index": 0.854216}