{"center": [30, 127, 147, 159, 182, 47, 101, 72, 0, 205], "label": [8, 0, 8, 8, 0, 8, 8, 8, 8, 8, 8, 8, 8, 8, 2, 2, 8, 2, 8, 8, 8, 8, 8, 0, 0, 0, 0, 0, 0, 0, 0, 0, 0, 0, 0, 0, 0, 0, 0, 0, 0, 0, 0, 0, 0, 5, 5, 5, 5, 5, 5, 5, 5, 5, 5, 5, 5, 5, 5, 5, 5, 5, 5, 5, 5, 5, 5, 7, 8, 7, 7, 7, 7, 7, 7, 7, 7, 7, 7, 7, 7, 7, 7, 7, 7, 7, 7, 6, 6, 6, 6, 6, 6, 6, 6, 6, 6, 6, 6, 6, 6, 6, 6, 6, 6, 6, 6, 6, 1, 1, 1, 1, 1, 1, 1, 1, 1, 1, 1, 1, 1, 1, 1, 1, 1, 1, 1, 1, 1, 2, 2, 2, 2, 2, 2, 2, 2, 2, 2, 2, 2, 2, 2, 2, 2, 2, 2, 2, 2, 3, 3, 3, 3, 3, 3, 3, 3, 3, 3, 3, 3, 3, 3, 3, 3, 3, 3, 3, 3, 3, 4, 4, 4, 4, 4, 4, 4, 4, 4, 4, 4, 4, 4, 4, 4, 4, 4, 4, 4, 4, 4, 9, 9, 9, 9, 9, 9, 9, 3, 3, 3, 9, 9, 9, 3, 3, 3, 9, 9, 9, 9, 9, 9], "davies_bouldin": 1.497085, "calinski_harabasz": 38.677222, "silhouette_coefficient": 0.266913, "cluster_acc": 0.943662, "rand_index": 0.97967, "adjusted_rand_index": 0.883689, "mutual_info": 2.142025, "normalized_mutual_info": 0.932285, "adjusted_mutual_info": 0.92508, "homogeneity": 0.930629, "completeness": 0.933946, "v_measure": 0.932285, "h_c_v_m": [0.930629, 0.933946, 0.932285], "fowlkes_mallows_index": 0.894974}