{"center": [30, 117, 182, 57, 205, 148, 101, 0, 44, 72], "label": [7, 7, 7, 7, 7, 7, 7, 7, 7, 7, 5, 5, 5, 7, 7, 7, 7, 7, 7, 7, 5, 5, 7, 0, 0, 0, 0, 0, 0, 0, 0, 0, 0, 0, 0, 0, 8, 8, 8, 0, 0, 0, 8, 8, 8, 3, 3, 3, 3, 3, 3, 3, 3, 3, 3, 3, 3, 3, 3, 3, 3, 3, 3, 3, 3, 3, 3, 9, 7, 9, 9, 9, 9, 9, 9, 9, 9, 9, 9, 9, 9, 9, 9, 9, 9, 9, 9, 6, 6, 6, 6, 6, 6, 6, 6, 6, 6, 6, 6, 6, 6, 6, 6, 6, 6, 6, 6, 6, 1, 1, 1, 1, 1, 1, 1, 1, 1, 1, 1, 1, 1, 1, 1, 1, 1, 1, 1, 1, 1, 5, 5, 5, 5, 5, 5, 5, 5, 5, 5, 5, 5, 5, 5, 5, 5, 5, 5, 5, 5, 4, 4, 4, 4, 4, 4, 4, 4, 4, 4, 4, 4, 4, 4, 4, 4, 4, 4, 4, 4, 4, 2, 2, 2, 2, 2, 2, 2, 2, 2, 2, 2, 2, 2, 2, 2, 2, 2, 2, 2, 2, 2, 4, 4, 4, 4, 4, 4, 4, 4, 4, 4, 4, 4, 4, 4, 4, 4, 4, 4, 4, 4, 4, 4], "davies_bouldin": 1.703846, "calinski_harabasz": 28.473176, "silhouette_coefficient": 0.198295, "cluster_acc": 0.84507, "rand_index": 0.965232, "adjusted_rand_index": 0.813957, "mutual_info": 2.084692, "normalized_mutual_info": 0.922005, "adjusted_mutual_info": 0.913626, "homogeneity": 0.905721, "completeness": 0.938885, "v_measure": 0.922005, "h_c_v_m": [0.905721, 0.938885, 0.922005], "fowlkes_mallows_index": 0.835884}