{"center": [127, 201, 140, 30, 182, 57, 72, 101, 0, 206], "label": [7, 2, 7, 7, 7, 2, 7, 7, 7, 7, 1, 1, 1, 7, 1, 1, 1, 1, 1, 1, 1, 1, 7, 2, 2, 2, 2, 2, 2, 2, 2, 2, 2, 2, 2, 2, 2, 2, 2, 2, 2, 2, 2, 2, 2, 4, 4, 4, 4, 4, 4, 4, 4, 4, 4, 4, 4, 4, 4, 4, 4, 4, 4, 4, 4, 4, 4, 5, 7, 5, 5, 1, 1, 5, 5, 1, 5, 1, 1, 1, 1, 1, 5, 5, 5, 5, 1, 6, 6, 6, 6, 6, 6, 6, 6, 6, 6, 6, 6, 6, 6, 6, 6, 6, 6, 6, 6, 6, 0, 0, 0, 0, 0, 0, 0, 0, 0, 0, 0, 0, 0, 0, 0, 0, 0, 0, 0, 0, 1, 1, 1, 1, 1, 1, 1, 1, 1, 1, 1, 1, 1, 1, 1, 1, 1, 1, 1, 1, 1, 8, 8, 8, 8, 8, 8, 8, 8, 8, 8, 8, 8, 8, 8, 8, 8, 8, 8, 8, 8, 8, 3, 3, 3, 3, 3, 3, 3, 3, 3, 3, 3, 3, 3, 3, 3, 3, 3, 3, 3, 3, 3, 4, 4, 4, 4, 4, 4, 4, 8, 8, 8, 4, 4, 4, 8, 8, 8, 4, 4, 4, 4, 4, 4], "davies_bouldin": 1.553149, "calinski_harabasz": 31.871836, "silhouette_coefficient": 0.198343, "cluster_acc": -1, "rand_index": 0.935867, "adjusted_rand_index": 0.676588, "mutual_info": 1.848215, "normalized_mutual_info": 0.838235, "adjusted_mutual_info": 0.822585, "homogeneity": 0.80298, "completeness": 0.876727, "v_measure": 0.838235, "h_c_v_m": [0.80298, 0.876727, 0.838235], "fowlkes_mallows_index": 0.718783}