{"center": [39, 161, 125, 138, 55, 81, 170, 101, 12, 201], "label": [2, 2, 2, 2, 2, 2, 2, 2, 2, 2, 3, 8, 8, 2, 3, 3, 8, 8, 8, 8, 8, 5, 2, 0, 0, 0, 0, 0, 0, 0, 0, 0, 0, 0, 0, 0, 0, 0, 0, 0, 0, 0, 0, 0, 0, 4, 4, 4, 4, 4, 4, 4, 4, 4, 4, 4, 4, 4, 4, 4, 4, 4, 4, 4, 4, 4, 4, 5, 2, 5, 5, 5, 5, 5, 5, 5, 5, 5, 5, 5, 5, 5, 5, 5, 5, 5, 5, 7, 7, 7, 7, 7, 7, 7, 7, 7, 7, 7, 7, 7, 7, 7, 7, 7, 7, 7, 7, 7, 2, 2, 2, 2, 2, 2, 2, 2, 2, 2, 2, 2, 2, 2, 2, 2, 2, 2, 2, 2, 2, 3, 3, 3, 3, 3, 3, 3, 3, 3, 3, 3, 3, 3, 3, 3, 3, 3, 3, 3, 3, 1, 1, 1, 1, 1, 1, 1, 1, 1, 1, 1, 1, 1, 1, 1, 1, 1, 1, 1, 1, 1, 6, 6, 6, 6, 6, 6, 6, 6, 6, 6, 6, 6, 6, 6, 6, 6, 6, 6, 6, 6, 6, 9, 9, 9, 9, 9, 9, 9, 1, 1, 1, 9, 9, 9, 1, 1, 1, 9, 9, 9, 9, 9, 9], "davies_bouldin": 1.594683, "calinski_harabasz": 36.684661, "silhouette_coefficient": 0.243976, "cluster_acc": 0.892019, "rand_index": 0.965985, "adjusted_rand_index": 0.812121, "mutual_info": 2.051363, "normalized_mutual_info": 0.901426, "adjusted_mutual_info": 0.890906, "homogeneity": 0.89124, "completeness": 0.911847, "v_measure": 0.901426, "h_c_v_m": [0.89124, 0.911847, 0.901426], "fowlkes_mallows_index": 0.831892}