{"center": [41, 125, 72, 159, 141, 57, 170, 101, 0, 147], "label": [8, 8, 8, 8, 8, 8, 8, 8, 8, 8, 8, 8, 8, 8, 8, 8, 8, 8, 8, 8, 8, 8, 8, 0, 0, 0, 0, 0, 0, 0, 0, 0, 0, 0, 0, 0, 0, 0, 0, 0, 0, 0, 0, 0, 0, 5, 5, 5, 5, 5, 5, 5, 5, 5, 5, 5, 5, 5, 5, 5, 5, 5, 5, 5, 5, 5, 5, 2, 8, 2, 2, 2, 2, 2, 2, 2, 2, 2, 2, 2, 2, 2, 2, 2, 2, 2, 2, 7, 7, 7, 7, 7, 7, 7, 7, 7, 7, 7, 7, 7, 7, 7, 7, 7, 7, 7, 7, 7, 1, 1, 1, 1, 1, 1, 1, 1, 1, 1, 1, 1, 1, 1, 1, 1, 1, 1, 1, 1, 1, 4, 4, 4, 6, 4, 9, 9, 9, 4, 4, 4, 4, 4, 4, 4, 4, 4, 9, 9, 9, 3, 3, 3, 3, 3, 3, 3, 3, 3, 3, 3, 3, 3, 3, 3, 3, 3, 3, 3, 3, 3, 6, 6, 6, 6, 6, 6, 6, 6, 6, 6, 6, 6, 6, 6, 6, 6, 6, 6, 6, 6, 6, 3, 3, 3, 3, 3, 3, 3, 3, 3, 3, 3, 3, 3, 3, 3, 3, 3, 3, 3, 3, 3, 3], "davies_bouldin": 1.653553, "calinski_harabasz": 29.035136, "silhouette_coefficient": 0.204171, "cluster_acc": 0.86385, "rand_index": 0.972451, "adjusted_rand_index": 0.85301, "mutual_info": 2.123203, "normalized_mutual_info": 0.939926, "adjusted_mutual_info": 0.93347, "homogeneity": 0.922452, "completeness": 0.958075, "v_measure": 0.939926, "h_c_v_m": [0.922452, 0.958075, 0.939926], "fowlkes_mallows_index": 0.871253}