{"center": [182, 117, 30, 205, 136, 100, 0, 4, 47, 95], "label": [6, 2, 2, 7, 2, 2, 7, 7, 7, 7, 4, 6, 6, 6, 4, 4, 4, 4, 6, 6, 6, 4, 6, 2, 2, 2, 2, 2, 2, 2, 2, 2, 2, 2, 2, 2, 2, 2, 2, 2, 2, 2, 2, 2, 2, 8, 8, 8, 8, 8, 8, 8, 8, 8, 8, 8, 8, 8, 8, 8, 8, 8, 8, 8, 8, 8, 8, 4, 1, 4, 4, 4, 4, 4, 4, 4, 4, 4, 4, 4, 4, 4, 4, 4, 4, 4, 4, 5, 5, 5, 5, 0, 5, 5, 5, 9, 5, 5, 5, 1, 5, 5, 5, 5, 5, 5, 5, 5, 1, 1, 1, 1, 1, 1, 1, 1, 1, 1, 1, 1, 1, 1, 1, 1, 1, 1, 1, 1, 1, 4, 4, 4, 4, 4, 4, 4, 4, 4, 4, 4, 4, 4, 4, 4, 4, 4, 4, 4, 4, 3, 3, 3, 3, 3, 3, 3, 3, 3, 3, 3, 3, 3, 3, 3, 3, 3, 3, 3, 3, 3, 0, 0, 0, 0, 0, 0, 0, 0, 0, 0, 0, 0, 0, 0, 0, 0, 0, 0, 0, 0, 0, 8, 3, 8, 3, 8, 8, 8, 3, 3, 3, 3, 3, 8, 3, 3, 3, 3, 3, 8, 3, 3, 3], "davies_bouldin": 1.585478, "calinski_harabasz": 23.736134, "silhouette_coefficient": 0.160826, "cluster_acc": 0.71831, "rand_index": 0.928692, "adjusted_rand_index": 0.650866, "mutual_info": 1.791928, "normalized_mutual_info": 0.818426, "adjusted_mutual_info": 0.800007, "homogeneity": 0.778526, "completeness": 0.862637, "v_measure": 0.818426, "h_c_v_m": [0.778526, 0.862637, 0.818426], "fowlkes_mallows_index": 0.699571}