{"center": [125, 161, 60, 39, 141, 81, 170, 101, 12, 201], "label": [0, 0, 0, 0, 0, 0, 0, 0, 0, 0, 4, 4, 4, 0, 4, 4, 4, 4, 8, 8, 8, 5, 0, 3, 3, 3, 3, 3, 3, 3, 3, 3, 3, 3, 3, 3, 3, 3, 3, 3, 3, 3, 3, 3, 3, 2, 2, 2, 2, 2, 2, 2, 2, 2, 2, 2, 2, 2, 2, 2, 2, 2, 2, 2, 2, 2, 2, 5, 0, 5, 5, 5, 5, 5, 5, 5, 5, 5, 5, 5, 5, 5, 5, 5, 5, 5, 5, 7, 7, 7, 7, 7, 7, 7, 7, 0, 7, 7, 7, 7, 7, 7, 7, 7, 7, 7, 7, 7, 0, 0, 0, 0, 0, 0, 0, 0, 0, 0, 0, 0, 0, 0, 0, 0, 0, 0, 0, 0, 0, 4, 4, 4, 4, 4, 4, 4, 4, 4, 4, 4, 4, 4, 4, 4, 4, 4, 4, 4, 4, 1, 1, 1, 1, 1, 1, 1, 1, 1, 1, 1, 1, 1, 1, 1, 1, 1, 1, 1, 1, 1, 6, 6, 6, 6, 6, 6, 6, 6, 6, 6, 6, 6, 6, 6, 6, 6, 6, 6, 6, 6, 6, 9, 9, 9, 9, 9, 9, 9, 1, 1, 1, 9, 9, 9, 1, 1, 1, 9, 9, 9, 9, 9, 9], "davies_bouldin": 1.60975, "calinski_harabasz": 35.682475, "silhouette_coefficient": 0.233697, "cluster_acc": 0.868545, "rand_index": 0.96005, "adjusted_rand_index": 0.783366, "mutual_info": 1.999313, "normalized_mutual_info": 0.885004, "adjusted_mutual_info": 0.872986, "homogeneity": 0.868627, "completeness": 0.902012, "v_measure": 0.885004, "h_c_v_m": [0.868627, 0.902012, 0.885004], "fowlkes_mallows_index": 0.807279}