{"center": [125, 60, 159, 138, 39, 170, 72, 201, 101, 12], "label": [0, 4, 0, 0, 0, 0, 0, 0, 0, 0, 3, 3, 3, 0, 3, 3, 3, 3, 9, 9, 9, 6, 0, 4, 4, 4, 4, 4, 4, 4, 4, 4, 4, 4, 4, 4, 4, 4, 4, 4, 4, 4, 4, 4, 4, 1, 1, 1, 1, 1, 1, 1, 1, 1, 1, 1, 1, 1, 1, 1, 1, 1, 1, 1, 1, 1, 1, 6, 0, 6, 6, 6, 6, 6, 6, 6, 6, 6, 6, 6, 6, 6, 6, 6, 6, 6, 6, 8, 8, 8, 8, 8, 8, 8, 8, 0, 8, 8, 8, 8, 8, 8, 8, 8, 8, 8, 8, 8, 0, 0, 0, 0, 0, 0, 0, 0, 0, 0, 0, 0, 0, 0, 0, 0, 0, 0, 0, 0, 0, 3, 3, 3, 3, 3, 3, 3, 3, 3, 3, 3, 3, 3, 3, 3, 3, 3, 3, 3, 3, 2, 2, 2, 2, 2, 2, 2, 2, 2, 2, 2, 2, 2, 2, 2, 2, 2, 2, 2, 2, 2, 5, 5, 5, 5, 5, 5, 5, 5, 5, 5, 5, 5, 5, 5, 5, 5, 5, 5, 5, 5, 5, 7, 7, 7, 7, 7, 7, 7, 2, 2, 2, 7, 7, 7, 2, 2, 2, 7, 7, 7, 7, 7, 7], "davies_bouldin": 1.60287, "calinski_harabasz": 35.643782, "silhouette_coefficient": 0.233264, "cluster_acc": 0.868545, "rand_index": 0.959607, "adjusted_rand_index": 0.780453, "mutual_info": 1.98516, "normalized_mutual_info": 0.878349, "adjusted_mutual_info": 0.865646, "homogeneity": 0.862478, "completeness": 0.894816, "v_measure": 0.878349, "h_c_v_m": [0.862478, 0.894816, 0.878349], "fowlkes_mallows_index": 0.80448}