{"center": [127, 30, 159, 148, 182, 72, 57, 101, 0, 201], "label": [8, 1, 1, 8, 1, 8, 8, 8, 8, 8, 8, 8, 8, 8, 3, 3, 3, 3, 8, 8, 8, 8, 8, 1, 1, 1, 1, 1, 1, 1, 1, 1, 1, 1, 1, 1, 1, 1, 1, 1, 1, 1, 1, 1, 1, 6, 6, 6, 6, 6, 6, 6, 6, 6, 6, 6, 6, 6, 6, 6, 6, 6, 6, 6, 6, 6, 6, 5, 8, 5, 5, 5, 5, 5, 5, 5, 5, 5, 5, 5, 5, 5, 5, 5, 5, 5, 5, 7, 7, 7, 7, 7, 7, 7, 0, 0, 7, 7, 7, 7, 7, 7, 7, 7, 7, 7, 7, 7, 0, 0, 0, 0, 0, 0, 0, 0, 0, 0, 0, 0, 0, 0, 0, 0, 0, 0, 0, 0, 0, 3, 3, 3, 3, 3, 3, 3, 3, 3, 3, 3, 3, 3, 3, 3, 3, 3, 3, 3, 3, 2, 2, 2, 2, 2, 2, 2, 2, 2, 2, 2, 2, 2, 2, 2, 2, 2, 2, 2, 2, 2, 4, 4, 4, 4, 4, 4, 4, 4, 4, 4, 4, 4, 4, 4, 4, 4, 4, 4, 4, 4, 4, 6, 6, 6, 6, 6, 6, 6, 2, 2, 2, 6, 6, 6, 2, 2, 2, 6, 6, 6, 6, 6, 6], "davies_bouldin": 1.552369, "calinski_harabasz": 35.732497, "silhouette_coefficient": 0.242952, "cluster_acc": -1, "rand_index": 0.957525, "adjusted_rand_index": 0.774018, "mutual_info": 1.96953, "normalized_mutual_info": 0.881184, "adjusted_mutual_info": 0.869861, "homogeneity": 0.855687, "completeness": 0.908247, "v_measure": 0.881184, "h_c_v_m": [0.855687, 0.908247, 0.881184], "fowlkes_mallows_index": 0.800482}