{"center": [127, 201, 140, 30, 182, 57, 101, 72, 0, 206], "label": [7, 2, 7, 7, 2, 2, 7, 7, 7, 7, 1, 1, 1, 7, 1, 1, 1, 1, 1, 1, 1, 1, 7, 2, 2, 2, 2, 2, 2, 2, 2, 2, 2, 2, 2, 2, 2, 2, 2, 2, 2, 2, 2, 2, 2, 4, 4, 4, 4, 4, 4, 4, 4, 4, 4, 4, 4, 4, 4, 4, 4, 4, 4, 4, 4, 4, 4, 1, 7, 1, 1, 1, 1, 1, 1, 1, 6, 1, 1, 1, 1, 1, 6, 6, 1, 6, 1, 5, 5, 5, 5, 3, 3, 5, 5, 5, 5, 5, 5, 5, 5, 5, 5, 5, 5, 5, 5, 5, 0, 0, 0, 0, 0, 0, 0, 0, 0, 0, 0, 0, 0, 0, 0, 0, 0, 0, 0, 0, 1, 1, 1, 1, 1, 1, 1, 1, 1, 1, 1, 1, 1, 1, 1, 1, 1, 1, 1, 1, 1, 8, 8, 8, 8, 8, 8, 8, 8, 8, 8, 8, 8, 8, 8, 8, 8, 8, 8, 8, 8, 8, 3, 3, 3, 3, 3, 3, 3, 3, 3, 3, 3, 3, 3, 3, 3, 3, 3, 3, 3, 3, 3, 4, 4, 4, 4, 4, 4, 4, 8, 8, 8, 4, 4, 4, 8, 8, 8, 4, 4, 4, 4, 4, 4], "davies_bouldin": 1.540071, "calinski_harabasz": 29.705956, "silhouette_coefficient": 0.169682, "cluster_acc": -1, "rand_index": 0.923908, "adjusted_rand_index": 0.632215, "mutual_info": 1.76916, "normalized_mutual_info": 0.81299, "adjusted_mutual_info": 0.795098, "homogeneity": 0.768634, "completeness": 0.862779, "v_measure": 0.81299, "h_c_v_m": [0.768634, 0.862779, 0.81299], "fowlkes_mallows_index": 0.68461}