{"center": [30, 127, 182, 205, 136, 100, 0, 4, 47, 72], "label": [6, 0, 7, 7, 0, 0, 7, 7, 7, 7, 6, 6, 6, 6, 4, 4, 6, 6, 6, 6, 6, 6, 6, 0, 0, 0, 0, 0, 0, 0, 0, 0, 0, 0, 0, 0, 0, 0, 0, 0, 0, 0, 0, 0, 0, 8, 8, 8, 8, 8, 8, 8, 8, 8, 8, 8, 8, 8, 8, 8, 8, 8, 8, 8, 8, 8, 8, 9, 1, 9, 9, 9, 9, 9, 9, 9, 9, 9, 9, 9, 9, 9, 9, 9, 9, 9, 9, 5, 5, 5, 5, 5, 5, 1, 1, 1, 5, 5, 5, 5, 5, 5, 5, 5, 5, 5, 5, 5, 1, 1, 1, 1, 1, 1, 1, 1, 1, 1, 1, 1, 1, 1, 1, 1, 1, 1, 1, 1, 1, 4, 4, 4, 4, 4, 4, 4, 4, 4, 4, 4, 4, 4, 4, 4, 4, 4, 4, 4, 4, 3, 3, 3, 3, 3, 3, 3, 3, 3, 3, 3, 3, 3, 3, 3, 3, 3, 3, 3, 3, 3, 2, 2, 2, 2, 2, 2, 2, 2, 2, 2, 2, 2, 2, 2, 2, 2, 2, 2, 2, 2, 2, 3, 3, 3, 3, 8, 3, 3, 3, 3, 3, 3, 3, 3, 3, 3, 3, 3, 3, 8, 3, 3, 3], "davies_bouldin": 1.581491, "calinski_harabasz": 29.111426, "silhouette_coefficient": 0.211338, "cluster_acc": 0.826291, "rand_index": 0.958455, "adjusted_rand_index": 0.777739, "mutual_info": 1.999314, "normalized_mutual_info": 0.885108, "adjusted_mutual_info": 0.872774, "homogeneity": 0.868627, "completeness": 0.902226, "v_measure": 0.885108, "h_c_v_m": [0.868627, 0.902226, 0.885108], "fowlkes_mallows_index": 0.803331}