{"center": [182, 117, 30, 205, 136, 100, 0, 4, 47, 95], "label": [6, 7, 7, 7, 7, 2, 7, 7, 7, 7, 6, 6, 6, 6, 6, 6, 6, 6, 6, 6, 6, 4, 6, 2, 2, 2, 2, 2, 2, 2, 2, 2, 2, 2, 2, 2, 2, 2, 2, 2, 2, 2, 2, 2, 2, 8, 8, 8, 8, 8, 8, 8, 8, 8, 8, 8, 8, 8, 8, 8, 8, 8, 8, 8, 8, 8, 8, 4, 1, 4, 4, 4, 4, 4, 4, 4, 4, 4, 4, 4, 4, 4, 4, 4, 4, 4, 4, 5, 5, 5, 5, 5, 5, 5, 5, 9, 5, 5, 5, 5, 5, 5, 5, 5, 5, 5, 5, 5, 1, 1, 1, 1, 1, 1, 1, 1, 1, 1, 1, 1, 1, 1, 1, 1, 1, 1, 1, 1, 1, 4, 4, 4, 4, 4, 4, 4, 4, 4, 4, 4, 4, 4, 4, 4, 4, 4, 4, 4, 4, 3, 3, 3, 3, 3, 3, 3, 3, 3, 3, 3, 3, 3, 3, 3, 3, 3, 3, 3, 3, 3, 0, 0, 0, 0, 0, 0, 0, 0, 0, 0, 0, 0, 0, 0, 0, 0, 0, 0, 0, 0, 0, 8, 3, 3, 8, 8, 8, 8, 3, 3, 3, 3, 3, 3, 3, 3, 3, 3, 3, 8, 3, 3, 8], "davies_bouldin": 1.5183, "calinski_harabasz": 25.480828, "silhouette_coefficient": 0.187886, "cluster_acc": 0.751174, "rand_index": 0.945877, "adjusted_rand_index": 0.724379, "mutual_info": 1.924437, "normalized_mutual_info": 0.868393, "adjusted_mutual_info": 0.854988, "homogeneity": 0.836096, "completeness": 0.903286, "v_measure": 0.868393, "h_c_v_m": [0.836096, 0.903286, 0.868393], "fowlkes_mallows_index": 0.760551}