{"center": [39, 161, 125, 55, 138, 80, 170, 103, 12, 201], "label": [2, 2, 2, 2, 2, 2, 2, 2, 2, 2, 8, 8, 8, 2, 4, 4, 8, 8, 8, 8, 8, 8, 2, 0, 0, 0, 0, 0, 0, 0, 0, 0, 0, 0, 0, 0, 0, 0, 0, 0, 0, 0, 0, 0, 0, 3, 3, 3, 3, 3, 3, 3, 3, 3, 3, 3, 3, 3, 3, 3, 3, 3, 3, 3, 3, 3, 3, 5, 2, 5, 5, 5, 5, 5, 5, 5, 5, 5, 5, 5, 5, 5, 5, 5, 5, 5, 5, 7, 7, 7, 7, 7, 7, 7, 7, 7, 7, 7, 7, 7, 7, 7, 7, 7, 7, 7, 7, 7, 2, 2, 2, 2, 2, 2, 2, 2, 2, 2, 2, 2, 2, 2, 2, 2, 2, 2, 2, 2, 2, 4, 4, 4, 4, 4, 4, 4, 4, 4, 4, 4, 4, 4, 4, 4, 4, 4, 4, 4, 4, 1, 1, 1, 1, 1, 1, 1, 1, 1, 1, 1, 1, 1, 1, 1, 1, 1, 1, 1, 1, 1, 6, 6, 6, 6, 6, 6, 6, 6, 6, 6, 6, 6, 6, 6, 6, 6, 6, 6, 6, 6, 6, 9, 9, 9, 9, 9, 9, 9, 1, 1, 1, 9, 9, 9, 1, 1, 1, 9, 9, 9, 9, 9, 9], "davies_bouldin": 1.587063, "calinski_harabasz": 37.411573, "silhouette_coefficient": 0.252198, "cluster_acc": 0.901408, "rand_index": 0.968288, "adjusted_rand_index": 0.823937, "mutual_info": 2.080349, "normalized_mutual_info": 0.912347, "adjusted_mutual_info": 0.902965, "homogeneity": 0.903834, "completeness": 0.921022, "v_measure": 0.912347, "h_c_v_m": [0.903834, 0.921022, 0.912347], "fowlkes_mallows_index": 0.842237}