{"center": [30, 117, 147, 182, 205, 57, 101, 0, 72, 44], "label": [7, 7, 7, 7, 7, 7, 7, 7, 7, 7, 2, 2, 2, 7, 2, 2, 7, 2, 7, 2, 2, 2, 7, 0, 0, 0, 0, 0, 0, 0, 0, 0, 0, 0, 0, 0, 9, 9, 9, 0, 0, 0, 9, 9, 9, 5, 5, 5, 5, 5, 5, 5, 5, 5, 5, 5, 5, 5, 5, 5, 5, 5, 5, 5, 5, 5, 5, 8, 7, 8, 8, 8, 8, 8, 8, 8, 8, 8, 8, 8, 8, 8, 8, 8, 8, 8, 8, 6, 6, 6, 6, 6, 6, 6, 6, 6, 6, 6, 6, 6, 6, 6, 6, 6, 6, 6, 6, 6, 1, 1, 1, 1, 1, 1, 1, 1, 1, 1, 1, 1, 1, 1, 1, 1, 1, 1, 1, 1, 2, 2, 2, 2, 2, 2, 2, 2, 2, 2, 2, 2, 2, 2, 2, 2, 2, 2, 2, 2, 2, 4, 4, 4, 4, 4, 4, 4, 4, 4, 4, 4, 4, 4, 4, 4, 4, 4, 4, 4, 4, 4, 3, 3, 3, 3, 3, 3, 3, 3, 3, 3, 3, 3, 3, 3, 3, 3, 3, 3, 3, 3, 3, 5, 4, 4, 4, 5, 4, 5, 4, 4, 4, 4, 4, 4, 4, 4, 4, 4, 4, 5, 5, 4, 4], "davies_bouldin": 1.673712, "calinski_harabasz": 28.786308, "silhouette_coefficient": 0.196724, "cluster_acc": 0.816901, "rand_index": 0.954115, "adjusted_rand_index": 0.753005, "mutual_info": 1.996125, "normalized_mutual_info": 0.88256, "adjusted_mutual_info": 0.869963, "homogeneity": 0.867241, "completeness": 0.89843, "v_measure": 0.88256, "h_c_v_m": [0.867241, 0.89843, 0.88256], "fowlkes_mallows_index": 0.780558}