{"center": [30, 127, 148, 182, 205, 57, 101, 72, 0, 201], "label": [8, 0, 8, 8, 8, 0, 8, 8, 8, 8, 2, 2, 2, 8, 2, 2, 2, 2, 2, 2, 2, 2, 8, 0, 0, 0, 0, 0, 0, 0, 0, 0, 0, 0, 0, 0, 0, 0, 0, 0, 0, 0, 0, 0, 0, 5, 5, 5, 5, 5, 5, 5, 5, 5, 5, 5, 5, 5, 5, 5, 5, 5, 5, 5, 5, 5, 5, 7, 8, 2, 2, 2, 2, 7, 2, 2, 7, 7, 2, 2, 2, 2, 7, 7, 7, 7, 2, 6, 6, 6, 6, 6, 6, 6, 6, 6, 6, 6, 6, 6, 6, 6, 6, 6, 6, 6, 6, 6, 1, 1, 1, 1, 1, 1, 1, 1, 1, 1, 1, 1, 1, 1, 1, 1, 1, 1, 1, 1, 2, 2, 2, 2, 2, 2, 2, 2, 2, 2, 2, 2, 2, 2, 2, 2, 2, 2, 2, 2, 2, 4, 4, 4, 4, 4, 4, 4, 4, 4, 4, 4, 4, 4, 4, 4, 4, 4, 4, 4, 4, 4, 3, 3, 3, 3, 3, 3, 3, 3, 3, 3, 3, 3, 3, 3, 3, 3, 3, 3, 3, 3, 3, 5, 5, 5, 5, 5, 5, 5, 4, 4, 4, 5, 5, 5, 4, 4, 4, 5, 5, 5, 5, 5, 5], "davies_bouldin": 1.54526, "calinski_harabasz": 31.42134, "silhouette_coefficient": 0.191858, "cluster_acc": -1, "rand_index": 0.933121, "adjusted_rand_index": 0.66671, "mutual_info": 1.834726, "normalized_mutual_info": 0.834858, "adjusted_mutual_info": 0.818873, "homogeneity": 0.79712, "completeness": 0.876348, "v_measure": 0.834858, "h_c_v_m": [0.79712, 0.876348, 0.834858], "fowlkes_mallows_index": 0.711425}