{"center": [30, 140, 122, 182, 205, 57, 101, 72, 0, 201], "label": [8, 8, 8, 8, 8, 8, 8, 8, 8, 8, 1, 1, 1, 8, 1, 1, 8, 1, 8, 8, 1, 1, 8, 0, 0, 0, 0, 0, 0, 0, 0, 0, 0, 0, 0, 0, 0, 0, 0, 0, 0, 0, 0, 0, 0, 5, 5, 5, 5, 5, 5, 5, 5, 5, 5, 5, 5, 5, 5, 5, 5, 5, 5, 5, 5, 5, 5, 7, 8, 7, 7, 7, 7, 7, 7, 7, 7, 7, 7, 7, 7, 7, 7, 7, 7, 7, 7, 6, 6, 6, 6, 6, 6, 6, 6, 6, 6, 6, 6, 6, 6, 6, 6, 6, 6, 6, 6, 6, 2, 2, 2, 2, 2, 2, 2, 2, 2, 2, 2, 2, 2, 2, 2, 2, 2, 2, 2, 2, 2, 1, 1, 1, 1, 1, 1, 1, 1, 1, 1, 1, 1, 1, 1, 1, 1, 1, 1, 1, 1, 4, 4, 4, 4, 4, 4, 4, 4, 4, 4, 4, 4, 4, 4, 4, 4, 4, 4, 4, 4, 4, 3, 0, 0, 3, 3, 3, 3, 3, 0, 3, 3, 3, 3, 3, 0, 0, 0, 0, 0, 0, 0, 5, 5, 5, 5, 5, 5, 5, 4, 4, 4, 5, 5, 5, 4, 4, 4, 5, 5, 5, 5, 5, 5], "davies_bouldin": 1.681061, "calinski_harabasz": 33.927875, "silhouette_coefficient": 0.209965, "cluster_acc": -1, "rand_index": 0.946054, "adjusted_rand_index": 0.719556, "mutual_info": 1.923605, "normalized_mutual_info": 0.86601, "adjusted_mutual_info": 0.853154, "homogeneity": 0.835734, "completeness": 0.898563, "v_measure": 0.86601, "h_c_v_m": [0.835734, 0.898563, 0.86601], "fowlkes_mallows_index": 0.753845}