{"center": [30, 117, 148, 182, 205, 57, 101, 0, 72, 44], "label": [7, 7, 7, 7, 7, 7, 7, 7, 7, 7, 2, 2, 2, 7, 2, 2, 7, 7, 7, 7, 2, 2, 7, 0, 0, 0, 0, 0, 0, 0, 0, 0, 0, 0, 0, 0, 9, 9, 9, 0, 0, 0, 9, 9, 9, 5, 5, 5, 5, 5, 5, 5, 5, 5, 5, 5, 5, 5, 5, 5, 5, 5, 5, 5, 5, 5, 5, 8, 7, 8, 8, 8, 8, 8, 8, 8, 8, 8, 8, 8, 8, 8, 8, 8, 8, 8, 8, 6, 6, 6, 6, 6, 6, 6, 6, 6, 6, 6, 6, 6, 6, 6, 6, 6, 6, 6, 6, 6, 1, 1, 1, 1, 1, 1, 1, 1, 1, 1, 1, 1, 1, 1, 1, 1, 1, 1, 1, 1, 2, 2, 2, 2, 2, 2, 2, 2, 2, 2, 2, 2, 2, 2, 2, 2, 2, 2, 2, 2, 2, 4, 4, 4, 4, 4, 4, 4, 4, 4, 4, 4, 4, 4, 4, 4, 4, 4, 4, 4, 4, 4, 3, 3, 3, 3, 3, 3, 3, 3, 3, 3, 3, 3, 3, 3, 3, 3, 3, 3, 3, 3, 3, 5, 4, 4, 4, 5, 4, 5, 4, 4, 4, 4, 4, 4, 4, 4, 4, 4, 4, 5, 4, 4, 4], "davies_bouldin": 1.689903, "calinski_harabasz": 28.664359, "silhouette_coefficient": 0.196055, "cluster_acc": 0.826291, "rand_index": 0.957126, "adjusted_rand_index": 0.768593, "mutual_info": 2.012264, "normalized_mutual_info": 0.888943, "adjusted_mutual_info": 0.877042, "homogeneity": 0.874254, "completeness": 0.904134, "v_measure": 0.888943, "h_c_v_m": [0.874254, 0.904134, 0.888943], "fowlkes_mallows_index": 0.794356}