{"center": [30, 127, 147, 182, 205, 101, 47, 0, 72, 122], "label": [7, 0, 7, 0, 0, 0, 7, 7, 7, 7, 7, 7, 7, 7, 2, 2, 2, 7, 7, 7, 7, 7, 7, 0, 0, 0, 0, 0, 0, 0, 0, 0, 0, 0, 0, 0, 0, 0, 0, 0, 0, 0, 0, 0, 0, 6, 6, 6, 6, 6, 6, 6, 6, 6, 6, 6, 6, 6, 6, 6, 6, 6, 6, 6, 6, 6, 6, 8, 7, 8, 8, 8, 8, 8, 8, 8, 8, 8, 8, 8, 8, 8, 8, 8, 8, 8, 8, 5, 5, 5, 5, 5, 5, 5, 5, 5, 5, 5, 5, 5, 5, 5, 5, 5, 5, 5, 5, 5, 1, 1, 1, 1, 1, 1, 1, 1, 1, 1, 1, 1, 1, 1, 1, 1, 1, 1, 1, 1, 1, 2, 2, 2, 2, 2, 2, 2, 2, 2, 2, 2, 2, 2, 2, 2, 2, 2, 2, 2, 2, 4, 4, 4, 4, 4, 4, 4, 4, 4, 4, 4, 4, 4, 4, 4, 4, 4, 4, 4, 4, 4, 3, 3, 3, 3, 3, 3, 3, 3, 3, 3, 3, 3, 3, 3, 3, 3, 3, 3, 3, 3, 3, 4, 4, 4, 4, 6, 4, 4, 4, 4, 4, 4, 4, 4, 4, 4, 4, 4, 4, 6, 4, 4, 4], "davies_bouldin": 1.612141, "calinski_harabasz": 31.541043, "silhouette_coefficient": 0.217604, "cluster_acc": -1, "rand_index": 0.96408, "adjusted_rand_index": 0.810338, "mutual_info": 2.023937, "normalized_mutual_info": 0.906673, "adjusted_mutual_info": 0.897756, "homogeneity": 0.879325, "completeness": 0.935778, "v_measure": 0.906673, "h_c_v_m": [0.879325, 0.935778, 0.906673], "fowlkes_mallows_index": 0.833854}