{"center": [127, 30, 159, 148, 182, 57, 101, 72, 0, 122], "label": [8, 1, 1, 8, 1, 8, 8, 8, 8, 8, 8, 8, 8, 8, 3, 3, 3, 3, 8, 8, 8, 8, 8, 1, 1, 1, 1, 1, 1, 1, 1, 1, 1, 1, 1, 1, 1, 1, 1, 1, 1, 1, 1, 1, 1, 5, 5, 5, 5, 5, 5, 5, 5, 5, 5, 5, 5, 5, 5, 5, 5, 5, 5, 5, 5, 5, 5, 7, 8, 7, 7, 7, 7, 7, 7, 7, 7, 7, 7, 7, 7, 7, 7, 7, 7, 7, 7, 6, 6, 6, 6, 6, 6, 6, 6, 6, 6, 6, 6, 6, 6, 6, 6, 6, 6, 6, 6, 6, 0, 0, 0, 0, 0, 0, 0, 0, 0, 0, 0, 0, 0, 0, 0, 0, 0, 0, 0, 0, 0, 3, 3, 3, 3, 3, 3, 3, 3, 3, 3, 3, 3, 3, 3, 3, 3, 3, 3, 3, 3, 2, 2, 2, 2, 2, 2, 2, 2, 2, 2, 2, 2, 2, 2, 2, 2, 2, 2, 2, 2, 2, 4, 4, 4, 4, 4, 4, 4, 4, 4, 4, 4, 4, 4, 4, 4, 4, 4, 4, 4, 4, 4, 5, 2, 5, 5, 5, 5, 2, 2, 2, 2, 2, 2, 2, 2, 2, 2, 2, 2, 5, 2, 2, 5], "davies_bouldin": 1.611564, "calinski_harabasz": 32.231772, "silhouette_coefficient": 0.219972, "cluster_acc": -1, "rand_index": 0.961068, "adjusted_rand_index": 0.791998, "mutual_info": 1.999966, "normalized_mutual_info": 0.894099, "adjusted_mutual_info": 0.884021, "homogeneity": 0.868911, "completeness": 0.920791, "v_measure": 0.894099, "h_c_v_m": [0.868911, 0.920791, 0.894099], "fowlkes_mallows_index": 0.816271}