{"center": [127, 30, 148, 182, 206, 57, 101, 72, 0, 201], "label": [8, 1, 8, 8, 1, 1, 8, 8, 8, 8, 2, 2, 2, 8, 2, 2, 2, 2, 2, 2, 2, 2, 8, 1, 1, 1, 1, 1, 1, 1, 1, 1, 1, 1, 1, 1, 1, 1, 1, 1, 1, 1, 1, 1, 1, 5, 5, 5, 5, 5, 5, 5, 5, 5, 5, 5, 5, 5, 5, 5, 5, 5, 5, 5, 5, 5, 5, 2, 8, 2, 2, 2, 2, 2, 7, 2, 7, 2, 2, 2, 2, 2, 7, 7, 7, 7, 2, 6, 6, 6, 6, 3, 3, 6, 6, 6, 6, 6, 6, 6, 6, 6, 6, 6, 6, 6, 6, 6, 0, 0, 0, 0, 0, 0, 0, 0, 0, 0, 0, 0, 0, 0, 0, 0, 0, 0, 0, 0, 2, 2, 2, 2, 2, 2, 2, 2, 2, 2, 2, 2, 2, 2, 2, 2, 2, 2, 2, 2, 2, 4, 4, 4, 4, 4, 4, 4, 4, 4, 4, 4, 4, 4, 4, 4, 4, 4, 4, 4, 4, 4, 3, 3, 3, 3, 3, 3, 3, 3, 3, 3, 3, 3, 3, 3, 3, 3, 3, 3, 3, 3, 3, 5, 5, 5, 5, 5, 5, 5, 4, 4, 4, 5, 5, 5, 4, 4, 4, 5, 5, 5, 5, 5, 5], "davies_bouldin": 1.536858, "calinski_harabasz": 30.402363, "silhouette_coefficient": 0.179288, "cluster_acc": -1, "rand_index": 0.925946, "adjusted_rand_index": 0.636912, "mutual_info": 1.780337, "normalized_mutual_info": 0.814216, "adjusted_mutual_info": 0.796277, "homogeneity": 0.77349, "completeness": 0.85947, "v_measure": 0.814216, "h_c_v_m": [0.77349, 0.85947, 0.814216], "fowlkes_mallows_index": 0.686809}