{"center": [41, 72, 125, 159, 141, 57, 170, 101, 12, 0], "label": [9, 9, 9, 9, 9, 9, 9, 9, 9, 9, 4, 4, 4, 9, 4, 4, 4, 8, 8, 8, 8, 8, 9, 0, 0, 0, 0, 0, 0, 0, 0, 0, 0, 0, 0, 0, 0, 0, 0, 0, 0, 0, 0, 0, 0, 5, 5, 5, 5, 5, 5, 5, 5, 5, 5, 5, 5, 5, 5, 5, 5, 5, 5, 5, 5, 5, 5, 1, 9, 1, 1, 1, 1, 1, 1, 1, 1, 1, 1, 1, 1, 1, 1, 1, 1, 1, 1, 7, 7, 7, 7, 7, 7, 7, 7, 7, 7, 7, 7, 7, 7, 7, 7, 7, 7, 7, 7, 7, 2, 2, 2, 2, 2, 2, 2, 2, 2, 2, 2, 2, 2, 2, 2, 2, 2, 2, 2, 2, 2, 4, 4, 4, 4, 4, 4, 4, 4, 4, 4, 4, 4, 4, 4, 4, 4, 4, 4, 4, 4, 3, 3, 3, 3, 3, 3, 3, 3, 3, 3, 3, 3, 3, 3, 3, 3, 3, 3, 3, 3, 3, 6, 6, 6, 6, 6, 6, 6, 6, 6, 6, 6, 6, 6, 6, 6, 6, 6, 6, 6, 6, 6, 3, 3, 3, 3, 3, 3, 3, 3, 3, 3, 3, 3, 3, 3, 3, 3, 3, 3, 3, 3, 3, 3], "davies_bouldin": 1.584481, "calinski_harabasz": 29.717021, "silhouette_coefficient": 0.220379, "cluster_acc": 0.84507, "rand_index": 0.965675, "adjusted_rand_index": 0.817654, "mutual_info": 2.079326, "normalized_mutual_info": 0.922098, "adjusted_mutual_info": 0.913757, "homogeneity": 0.903389, "completeness": 0.941599, "v_measure": 0.922098, "h_c_v_m": [0.903389, 0.941599, 0.922098], "fowlkes_mallows_index": 0.839858}