{"center": [127, 60, 41, 138, 159, 170, 72, 201, 101, 12], "label": [0, 2, 0, 0, 0, 0, 0, 0, 0, 0, 9, 3, 3, 0, 3, 3, 3, 3, 3, 3, 9, 6, 0, 2, 2, 2, 2, 2, 2, 2, 2, 2, 2, 2, 2, 2, 2, 2, 2, 2, 2, 2, 2, 2, 2, 1, 1, 1, 1, 1, 1, 1, 1, 1, 1, 1, 1, 1, 1, 1, 1, 1, 1, 1, 1, 1, 1, 6, 0, 6, 6, 6, 6, 6, 6, 6, 6, 6, 6, 6, 6, 6, 6, 6, 6, 6, 6, 8, 8, 8, 8, 8, 8, 8, 0, 0, 8, 8, 8, 8, 8, 8, 8, 8, 8, 0, 0, 8, 0, 0, 0, 0, 0, 0, 0, 0, 0, 0, 0, 0, 0, 0, 0, 0, 0, 0, 0, 0, 0, 3, 3, 3, 3, 3, 3, 3, 3, 3, 3, 3, 3, 3, 3, 3, 3, 3, 3, 3, 3, 4, 4, 4, 4, 4, 4, 4, 4, 4, 4, 4, 4, 4, 4, 4, 4, 4, 4, 4, 4, 4, 5, 5, 5, 5, 5, 5, 5, 5, 5, 5, 5, 5, 5, 5, 5, 5, 5, 5, 5, 5, 5, 7, 7, 7, 7, 7, 7, 7, 4, 4, 4, 7, 7, 7, 4, 4, 4, 7, 7, 7, 7, 7, 7], "davies_bouldin": 1.530706, "calinski_harabasz": 35.51922, "silhouette_coefficient": 0.228911, "cluster_acc": 0.849765, "rand_index": 0.952432, "adjusted_rand_index": 0.745221, "mutual_info": 1.940735, "normalized_mutual_info": 0.862601, "adjusted_mutual_info": 0.848407, "homogeneity": 0.843177, "completeness": 0.882942, "v_measure": 0.862601, "h_c_v_m": [0.843177, 0.882942, 0.862601], "fowlkes_mallows_index": 0.773987}