{"center": [127, 30, 148, 182, 206, 57, 101, 72, 0, 201], "label": [8, 1, 8, 8, 1, 1, 8, 8, 8, 8, 2, 2, 2, 8, 2, 2, 2, 2, 2, 2, 2, 2, 8, 1, 1, 1, 1, 1, 1, 1, 1, 1, 1, 1, 1, 1, 1, 1, 1, 1, 1, 1, 1, 1, 1, 5, 5, 5, 5, 5, 5, 5, 5, 5, 5, 5, 5, 5, 5, 5, 5, 5, 5, 5, 5, 5, 5, 2, 8, 2, 2, 2, 2, 2, 2, 2, 7, 2, 2, 2, 2, 2, 7, 7, 2, 7, 2, 6, 6, 6, 6, 3, 3, 6, 6, 6, 6, 6, 6, 6, 6, 6, 6, 6, 6, 6, 6, 6, 0, 0, 0, 0, 0, 0, 0, 0, 0, 0, 0, 0, 0, 0, 0, 0, 0, 0, 0, 0, 2, 2, 2, 2, 2, 2, 2, 2, 2, 2, 2, 2, 2, 2, 2, 2, 2, 2, 2, 2, 2, 4, 4, 4, 4, 4, 4, 4, 4, 4, 4, 4, 4, 4, 4, 4, 4, 4, 4, 4, 4, 4, 3, 3, 3, 3, 3, 3, 3, 3, 3, 3, 3, 3, 3, 3, 3, 3, 3, 3, 3, 3, 3, 5, 5, 5, 5, 5, 5, 5, 4, 4, 4, 5, 5, 5, 4, 4, 4, 5, 5, 5, 5, 5, 5], "davies_bouldin": 1.540071, "calinski_harabasz": 29.705956, "silhouette_coefficient": 0.169682, "cluster_acc": -1, "rand_index": 0.923908, "adjusted_rand_index": 0.632215, "mutual_info": 1.76916, "normalized_mutual_info": 0.81299, "adjusted_mutual_info": 0.795098, "homogeneity": 0.768634, "completeness": 0.862779, "v_measure": 0.81299, "h_c_v_m": [0.768634, 0.862779, 0.81299], "fowlkes_mallows_index": 0.68461}