{"center": [39, 80, 60, 162, 125, 138, 180, 103, 196, 12], "label": [4, 4, 4, 4, 4, 4, 4, 4, 4, 4, 9, 9, 9, 4, 9, 5, 9, 9, 9, 9, 9, 9, 4, 0, 0, 0, 0, 0, 0, 0, 0, 0, 0, 0, 0, 0, 0, 0, 0, 0, 0, 0, 0, 0, 0, 2, 2, 2, 2, 2, 2, 2, 2, 2, 2, 2, 2, 2, 2, 2, 2, 2, 2, 2, 2, 2, 2, 1, 4, 1, 1, 1, 1, 1, 1, 1, 1, 1, 1, 1, 1, 1, 1, 1, 1, 1, 1, 7, 7, 7, 7, 7, 7, 7, 7, 7, 7, 7, 7, 7, 7, 7, 7, 7, 7, 7, 7, 7, 4, 4, 4, 4, 4, 4, 4, 4, 4, 4, 4, 4, 4, 4, 4, 4, 4, 4, 4, 4, 4, 5, 5, 5, 5, 5, 5, 5, 5, 5, 5, 5, 5, 5, 5, 5, 5, 5, 5, 5, 5, 3, 3, 3, 3, 3, 3, 3, 3, 3, 3, 3, 3, 3, 3, 3, 3, 3, 3, 3, 3, 3, 6, 6, 6, 6, 6, 6, 6, 6, 6, 6, 6, 6, 6, 6, 6, 6, 6, 6, 6, 6, 6, 8, 8, 8, 8, 8, 8, 8, 3, 3, 3, 8, 8, 8, 3, 3, 3, 8, 8, 8, 8, 8, 8], "davies_bouldin": 1.57898, "calinski_harabasz": 37.671548, "silhouette_coefficient": 0.255226, "cluster_acc": 0.906103, "rand_index": 0.969528, "adjusted_rand_index": 0.830418, "mutual_info": 2.092939, "normalized_mutual_info": 0.917097, "adjusted_mutual_info": 0.908218, "homogeneity": 0.909304, "completeness": 0.925024, "v_measure": 0.917097, "h_c_v_m": [0.909304, 0.925024, 0.917097], "fowlkes_mallows_index": 0.847947}