{"center": [41, 127, 138, 159, 57, 72, 170, 101, 12, 0], "label": [9, 9, 9, 9, 0, 0, 9, 9, 9, 9, 8, 8, 8, 9, 2, 2, 8, 2, 8, 8, 8, 5, 9, 0, 0, 0, 0, 0, 0, 0, 0, 0, 0, 0, 0, 0, 0, 0, 0, 0, 0, 0, 0, 0, 0, 4, 4, 4, 4, 4, 4, 4, 4, 4, 4, 4, 4, 4, 4, 4, 4, 4, 4, 4, 4, 4, 4, 5, 9, 5, 5, 5, 5, 5, 5, 5, 5, 5, 5, 5, 5, 5, 5, 5, 5, 5, 5, 7, 7, 7, 7, 7, 7, 7, 7, 1, 7, 7, 7, 7, 7, 7, 7, 7, 7, 7, 7, 7, 1, 1, 1, 1, 1, 1, 1, 1, 1, 1, 1, 1, 1, 1, 1, 1, 1, 1, 1, 1, 1, 2, 2, 2, 2, 2, 2, 2, 2, 2, 2, 2, 2, 2, 2, 2, 2, 2, 2, 2, 2, 3, 3, 3, 3, 3, 3, 3, 3, 3, 3, 3, 3, 3, 3, 3, 3, 3, 3, 3, 3, 3, 6, 6, 6, 6, 6, 6, 6, 6, 6, 6, 6, 6, 6, 6, 6, 6, 6, 6, 6, 6, 6, 3, 3, 3, 3, 3, 3, 3, 3, 3, 3, 3, 3, 3, 3, 3, 3, 3, 3, 3, 3, 3, 3], "davies_bouldin": 1.568864, "calinski_harabasz": 29.35981, "silhouette_coefficient": 0.21165, "cluster_acc": 0.830986, "rand_index": 0.962884, "adjusted_rand_index": 0.802117, "mutual_info": 2.034216, "normalized_mutual_info": 0.900501, "adjusted_mutual_info": 0.889777, "homogeneity": 0.883791, "completeness": 0.917855, "v_measure": 0.900501, "h_c_v_m": [0.883791, 0.917855, 0.900501], "fowlkes_mallows_index": 0.825557}