{"center": [41, 127, 72, 159, 57, 182, 148, 101, 0, 201], "label": [8, 0, 8, 8, 8, 8, 8, 8, 8, 8, 8, 8, 8, 8, 6, 6, 6, 6, 8, 8, 8, 8, 8, 0, 0, 0, 0, 0, 0, 0, 0, 0, 0, 0, 0, 0, 0, 0, 0, 0, 0, 0, 0, 0, 0, 4, 4, 4, 4, 4, 4, 4, 4, 4, 4, 4, 4, 4, 4, 4, 4, 4, 4, 4, 4, 4, 4, 2, 8, 2, 2, 2, 2, 2, 2, 2, 2, 2, 2, 2, 2, 2, 2, 2, 2, 2, 2, 7, 7, 7, 7, 7, 7, 7, 7, 1, 7, 7, 7, 7, 7, 7, 7, 7, 7, 7, 7, 7, 1, 1, 1, 1, 1, 1, 1, 1, 1, 1, 1, 1, 1, 1, 1, 1, 1, 1, 1, 1, 1, 6, 6, 6, 6, 6, 6, 6, 6, 6, 6, 6, 6, 6, 6, 6, 6, 6, 6, 6, 6, 3, 3, 3, 3, 3, 3, 3, 3, 3, 3, 3, 3, 3, 3, 3, 3, 3, 3, 3, 3, 3, 5, 5, 5, 5, 5, 5, 5, 5, 5, 5, 5, 5, 5, 5, 5, 5, 5, 5, 5, 5, 5, 9, 9, 9, 9, 9, 9, 9, 3, 3, 3, 9, 9, 9, 3, 3, 3, 4, 9, 9, 9, 9, 4], "davies_bouldin": 1.511244, "calinski_harabasz": 37.491341, "silhouette_coefficient": 0.258804, "cluster_acc": 0.929577, "rand_index": 0.974843, "adjusted_rand_index": 0.856568, "mutual_info": 2.094658, "normalized_mutual_info": 0.912511, "adjusted_mutual_info": 0.903196, "homogeneity": 0.910051, "completeness": 0.914986, "v_measure": 0.912511, "h_c_v_m": [0.910051, 0.914986, 0.912511], "fowlkes_mallows_index": 0.870563}