{"center": [127, 30, 148, 182, 205, 57, 101, 72, 0, 122], "label": [8, 1, 1, 8, 1, 1, 8, 8, 8, 8, 8, 8, 8, 8, 2, 2, 2, 2, 8, 8, 8, 8, 8, 1, 1, 1, 1, 1, 1, 1, 1, 1, 1, 1, 1, 1, 1, 1, 1, 1, 1, 1, 1, 1, 1, 5, 5, 5, 5, 5, 5, 5, 5, 5, 5, 5, 5, 5, 5, 5, 5, 5, 5, 5, 5, 5, 5, 7, 8, 7, 7, 7, 7, 7, 7, 7, 7, 7, 7, 7, 7, 7, 7, 7, 7, 7, 7, 6, 6, 6, 6, 6, 6, 6, 6, 6, 6, 6, 6, 6, 6, 6, 6, 6, 6, 6, 6, 6, 0, 0, 0, 0, 0, 0, 0, 0, 0, 0, 0, 0, 0, 0, 0, 0, 0, 0, 0, 0, 0, 2, 2, 2, 2, 2, 2, 2, 2, 2, 2, 2, 2, 2, 2, 2, 2, 2, 2, 2, 2, 4, 4, 4, 4, 4, 4, 4, 4, 4, 4, 4, 4, 4, 4, 4, 4, 4, 4, 4, 4, 4, 3, 3, 3, 3, 3, 3, 3, 3, 3, 3, 3, 3, 3, 3, 3, 3, 3, 3, 3, 3, 3, 5, 4, 5, 4, 5, 5, 5, 4, 4, 4, 4, 4, 5, 4, 4, 4, 4, 4, 5, 4, 4, 5], "davies_bouldin": 1.608806, "calinski_harabasz": 32.403153, "silhouette_coefficient": 0.220431, "cluster_acc": -1, "rand_index": 0.959252, "adjusted_rand_index": 0.782421, "mutual_info": 1.988692, "normalized_mutual_info": 0.889292, "adjusted_mutual_info": 0.878755, "homogeneity": 0.864012, "completeness": 0.916096, "v_measure": 0.889292, "h_c_v_m": [0.864012, 0.916096, 0.889292], "fowlkes_mallows_index": 0.80771}