{"center": [182, 117, 30, 205, 136, 13, 100, 47, 4, 95], "label": [5, 8, 8, 8, 8, 8, 8, 8, 8, 8, 4, 5, 5, 5, 5, 5, 5, 5, 5, 5, 4, 4, 5, 2, 2, 2, 2, 2, 2, 2, 2, 2, 2, 2, 2, 2, 2, 2, 2, 2, 2, 2, 2, 2, 2, 7, 7, 7, 7, 7, 7, 7, 7, 7, 7, 7, 7, 7, 7, 7, 7, 7, 7, 7, 7, 7, 7, 4, 1, 4, 4, 4, 4, 4, 4, 4, 4, 4, 4, 4, 4, 4, 4, 4, 4, 4, 4, 6, 6, 6, 6, 6, 6, 6, 6, 9, 6, 6, 6, 6, 6, 6, 6, 6, 6, 6, 6, 6, 1, 1, 1, 1, 1, 1, 1, 1, 1, 1, 1, 1, 1, 1, 1, 1, 1, 1, 1, 1, 1, 4, 4, 4, 4, 4, 4, 4, 4, 4, 4, 4, 4, 4, 4, 4, 4, 4, 4, 4, 4, 3, 3, 3, 3, 3, 3, 3, 3, 3, 3, 3, 3, 3, 3, 3, 3, 3, 3, 3, 3, 3, 0, 2, 0, 0, 0, 0, 0, 0, 2, 0, 0, 0, 0, 0, 0, 0, 0, 0, 0, 0, 0, 7, 3, 3, 3, 7, 3, 7, 3, 3, 3, 3, 3, 3, 3, 3, 3, 3, 3, 7, 7, 3, 7], "davies_bouldin": 1.522363, "calinski_harabasz": 24.882725, "silhouette_coefficient": 0.178689, "cluster_acc": 0.732394, "rand_index": 0.939676, "adjusted_rand_index": 0.696015, "mutual_info": 1.885567, "normalized_mutual_info": 0.852671, "adjusted_mutual_info": 0.837594, "homogeneity": 0.819208, "completeness": 0.888985, "v_measure": 0.852671, "h_c_v_m": [0.819208, 0.888985, 0.852671], "fowlkes_mallows_index": 0.736349}