{"center": [30, 117, 148, 57, 182, 205, 101, 0, 72, 170], "label": [7, 7, 7, 7, 7, 7, 7, 7, 7, 7, 2, 2, 2, 7, 7, 7, 7, 7, 7, 7, 2, 2, 7, 0, 0, 0, 0, 0, 0, 0, 0, 0, 0, 0, 0, 0, 0, 0, 0, 0, 0, 0, 0, 0, 0, 3, 3, 3, 3, 3, 3, 3, 3, 3, 3, 3, 3, 3, 3, 3, 3, 3, 3, 3, 3, 3, 3, 8, 7, 8, 8, 8, 8, 8, 8, 8, 8, 8, 8, 8, 8, 8, 8, 8, 8, 8, 8, 6, 6, 6, 6, 6, 6, 6, 6, 6, 6, 6, 6, 6, 6, 6, 6, 6, 6, 6, 6, 6, 1, 1, 1, 1, 1, 1, 1, 1, 1, 1, 1, 1, 1, 1, 1, 1, 1, 1, 1, 1, 1, 2, 2, 2, 2, 2, 2, 2, 2, 2, 2, 2, 2, 2, 2, 2, 2, 2, 2, 2, 2, 5, 5, 5, 5, 5, 5, 5, 5, 5, 5, 5, 5, 5, 5, 5, 5, 5, 5, 5, 5, 5, 9, 9, 9, 9, 9, 9, 9, 9, 9, 4, 4, 4, 4, 4, 4, 9, 9, 9, 4, 4, 4, 5, 5, 5, 5, 5, 5, 5, 5, 5, 5, 5, 5, 5, 5, 5, 5, 5, 5, 5, 5, 5, 5], "davies_bouldin": 1.75223, "calinski_harabasz": 28.495006, "silhouette_coefficient": 0.19874, "cluster_acc": 0.830986, "rand_index": 0.9647, "adjusted_rand_index": 0.810678, "mutual_info": 2.084692, "normalized_mutual_info": 0.920619, "adjusted_mutual_info": 0.912035, "homogeneity": 0.905721, "completeness": 0.936015, "v_measure": 0.920619, "h_c_v_m": [0.905721, 0.936015, 0.920619], "fowlkes_mallows_index": 0.832738}