{"center": [182, 117, 30, 205, 136, 100, 0, 4, 47, 95], "label": [6, 2, 7, 7, 2, 2, 7, 7, 7, 7, 4, 6, 6, 6, 4, 4, 6, 4, 6, 6, 4, 4, 6, 2, 2, 2, 2, 2, 2, 2, 2, 2, 2, 2, 2, 2, 2, 2, 2, 2, 2, 2, 2, 2, 2, 8, 8, 8, 8, 8, 8, 8, 8, 8, 8, 8, 8, 8, 8, 8, 8, 8, 8, 8, 8, 8, 8, 4, 1, 4, 4, 4, 4, 4, 4, 4, 4, 4, 4, 4, 4, 4, 4, 4, 4, 4, 4, 5, 5, 5, 5, 5, 0, 5, 5, 9, 5, 5, 5, 5, 5, 5, 5, 5, 5, 5, 5, 5, 1, 1, 1, 1, 1, 1, 1, 1, 1, 1, 1, 1, 1, 1, 1, 1, 1, 1, 1, 1, 1, 4, 4, 4, 4, 4, 4, 4, 4, 4, 4, 4, 4, 4, 4, 4, 4, 4, 4, 4, 4, 3, 3, 3, 3, 3, 3, 3, 3, 3, 3, 3, 3, 3, 3, 3, 3, 3, 3, 3, 3, 3, 0, 0, 0, 0, 0, 0, 0, 0, 0, 0, 0, 0, 0, 0, 0, 0, 0, 0, 0, 0, 0, 8, 3, 3, 3, 8, 8, 8, 3, 3, 3, 3, 3, 3, 3, 3, 3, 3, 3, 8, 3, 3, 8], "davies_bouldin": 1.538247, "calinski_harabasz": 23.839428, "silhouette_coefficient": 0.16552, "cluster_acc": 0.723005, "rand_index": 0.931969, "adjusted_rand_index": 0.665976, "mutual_info": 1.823501, "normalized_mutual_info": 0.831524, "adjusted_mutual_info": 0.814356, "homogeneity": 0.792243, "completeness": 0.874903, "v_measure": 0.831524, "h_c_v_m": [0.792243, 0.874903, 0.831524], "fowlkes_mallows_index": 0.712786}