{"center": [30, 127, 147, 182, 205, 57, 101, 0, 72, 122], "label": [7, 0, 0, 7, 0, 7, 7, 7, 7, 7, 7, 7, 7, 7, 2, 2, 2, 2, 7, 7, 7, 7, 7, 0, 0, 0, 0, 0, 0, 0, 0, 0, 0, 0, 0, 0, 0, 0, 0, 0, 0, 0, 0, 0, 0, 5, 5, 5, 5, 5, 5, 5, 5, 5, 5, 5, 5, 5, 5, 5, 5, 5, 5, 5, 5, 5, 5, 8, 7, 8, 8, 8, 8, 8, 8, 8, 8, 8, 8, 8, 8, 8, 8, 8, 8, 8, 8, 6, 6, 6, 6, 6, 6, 6, 6, 6, 6, 6, 6, 6, 6, 6, 6, 6, 6, 6, 6, 6, 1, 1, 1, 1, 1, 1, 1, 1, 1, 1, 1, 1, 1, 1, 1, 1, 1, 1, 1, 1, 1, 2, 2, 2, 2, 2, 2, 2, 2, 2, 2, 2, 2, 2, 2, 2, 2, 2, 2, 2, 2, 4, 4, 4, 4, 4, 4, 4, 4, 4, 4, 4, 4, 4, 4, 4, 4, 4, 4, 4, 4, 4, 3, 3, 3, 3, 3, 3, 3, 3, 3, 3, 3, 3, 3, 3, 3, 3, 3, 3, 3, 3, 3, 5, 4, 5, 4, 5, 5, 4, 4, 4, 4, 4, 4, 4, 4, 4, 4, 4, 4, 5, 4, 4, 5], "davies_bouldin": 1.614473, "calinski_harabasz": 32.021498, "silhouette_coefficient": 0.218698, "cluster_acc": -1, "rand_index": 0.961511, "adjusted_rand_index": 0.794679, "mutual_info": 2.002889, "normalized_mutual_info": 0.895638, "adjusted_mutual_info": 0.885701, "homogeneity": 0.87018, "completeness": 0.92263, "v_measure": 0.895638, "h_c_v_m": [0.87018, 0.92263, 0.895638], "fowlkes_mallows_index": 0.818818}