{"center": [30, 117, 182, 57, 136, 205, 101, 0, 44, 170], "label": [7, 7, 7, 7, 7, 7, 7, 7, 7, 7, 4, 4, 4, 7, 7, 7, 7, 7, 7, 7, 4, 4, 7, 0, 0, 0, 0, 0, 0, 0, 0, 0, 0, 0, 0, 0, 8, 8, 8, 0, 0, 0, 8, 8, 8, 3, 3, 3, 3, 3, 3, 3, 3, 3, 3, 3, 3, 3, 3, 3, 3, 3, 3, 3, 3, 4, 4, 4, 7, 4, 4, 4, 4, 4, 4, 4, 4, 4, 4, 4, 4, 4, 4, 4, 4, 4, 4, 6, 6, 6, 6, 6, 6, 6, 6, 6, 6, 6, 6, 6, 6, 6, 6, 6, 6, 6, 6, 6, 1, 1, 1, 1, 1, 1, 1, 1, 1, 1, 1, 1, 1, 1, 1, 1, 1, 1, 1, 1, 1, 4, 4, 4, 4, 4, 4, 4, 4, 4, 4, 4, 4, 4, 4, 4, 4, 4, 4, 4, 4, 5, 5, 5, 5, 5, 5, 5, 5, 5, 5, 5, 5, 5, 5, 5, 5, 5, 5, 5, 5, 5, 9, 9, 9, 9, 9, 9, 9, 9, 9, 2, 2, 2, 2, 2, 2, 9, 9, 9, 2, 2, 2, 5, 5, 5, 5, 5, 5, 5, 5, 5, 5, 5, 5, 5, 5, 5, 5, 5, 5, 5, 5, 5, 5], "davies_bouldin": 1.818919, "calinski_harabasz": 23.637379, "silhouette_coefficient": 0.149387, "cluster_acc": 0.704225, "rand_index": 0.933741, "adjusted_rand_index": 0.671558, "mutual_info": 1.90481, "normalized_mutual_info": 0.85783, "adjusted_mutual_info": 0.842217, "homogeneity": 0.827569, "completeness": 0.890389, "v_measure": 0.85783, "h_c_v_m": [0.827569, 0.890389, 0.85783], "fowlkes_mallows_index": 0.7165}