{"center": [79, 39, 61, 115, 164, 138, 207, 180, 3, 101], "label": [8, 8, 8, 8, 8, 8, 8, 8, 8, 8, 5, 5, 5, 8, 5, 5, 5, 5, 5, 5, 5, 5, 8, 1, 1, 1, 1, 1, 1, 1, 1, 1, 1, 1, 1, 1, 1, 1, 1, 1, 1, 1, 1, 1, 1, 2, 2, 2, 2, 2, 2, 2, 2, 2, 2, 2, 2, 2, 2, 2, 2, 2, 2, 2, 2, 2, 2, 0, 3, 0, 0, 0, 0, 0, 0, 0, 0, 0, 0, 0, 0, 0, 0, 0, 0, 0, 0, 9, 9, 9, 9, 9, 9, 9, 9, 9, 9, 9, 9, 9, 9, 9, 9, 9, 9, 9, 9, 9, 3, 3, 3, 3, 3, 3, 3, 3, 3, 3, 3, 3, 3, 3, 3, 3, 3, 3, 3, 3, 3, 5, 5, 5, 5, 5, 5, 5, 5, 5, 5, 5, 5, 5, 5, 5, 5, 5, 5, 5, 5, 4, 4, 4, 4, 4, 4, 4, 4, 4, 4, 4, 4, 4, 4, 4, 4, 4, 4, 4, 4, 4, 7, 7, 7, 7, 7, 7, 7, 7, 7, 7, 7, 7, 7, 7, 7, 7, 7, 7, 7, 7, 7, 6, 6, 6, 6, 6, 6, 6, 4, 4, 4, 6, 6, 6, 4, 4, 4, 6, 6, 6, 6, 6, 6], "davies_bouldin": 1.464139, "calinski_harabasz": 38.962606, "silhouette_coefficient": 0.270982, "cluster_acc": 0.915493, "rand_index": 0.972805, "adjusted_rand_index": 0.847012, "mutual_info": 2.120792, "normalized_mutual_info": 0.92684, "adjusted_mutual_info": 0.919021, "homogeneity": 0.921405, "completeness": 0.93234, "v_measure": 0.92684, "h_c_v_m": [0.921405, 0.93234, 0.92684], "fowlkes_mallows_index": 0.862398}