{"center": [79, 41, 61, 123, 166, 138, 207, 180, 3, 16], "label": [8, 8, 8, 8, 8, 8, 8, 8, 8, 8, 9, 9, 9, 8, 9, 9, 9, 9, 9, 9, 9, 9, 8, 1, 1, 1, 1, 1, 1, 1, 1, 1, 1, 1, 1, 1, 1, 1, 1, 1, 1, 1, 1, 1, 1, 2, 2, 2, 2, 2, 2, 2, 2, 2, 2, 2, 2, 2, 2, 2, 2, 2, 2, 2, 2, 2, 2, 0, 3, 0, 0, 0, 0, 0, 0, 0, 0, 0, 0, 0, 0, 0, 0, 0, 0, 0, 0, 3, 3, 3, 3, 3, 3, 3, 3, 3, 3, 3, 3, 3, 3, 3, 3, 3, 3, 3, 3, 3, 3, 3, 3, 3, 3, 3, 3, 3, 3, 3, 3, 3, 3, 3, 3, 3, 3, 3, 3, 3, 3, 5, 5, 5, 5, 5, 5, 5, 5, 5, 5, 5, 5, 5, 5, 5, 5, 5, 5, 5, 5, 4, 4, 4, 4, 4, 4, 4, 4, 4, 4, 4, 4, 4, 4, 4, 4, 4, 4, 4, 4, 4, 7, 7, 7, 7, 7, 7, 7, 7, 7, 7, 7, 7, 7, 7, 7, 7, 7, 7, 7, 7, 7, 6, 6, 6, 6, 6, 6, 6, 4, 4, 4, 6, 6, 6, 4, 4, 4, 6, 6, 6, 6, 6, 6], "davies_bouldin": 1.434886, "calinski_harabasz": 38.400953, "silhouette_coefficient": 0.263267, "cluster_acc": 0.816901, "rand_index": 0.962087, "adjusted_rand_index": 0.796624, "mutual_info": 2.075574, "normalized_mutual_info": 0.916131, "adjusted_mutual_info": 0.90704, "homogeneity": 0.901759, "completeness": 0.930968, "v_measure": 0.916131, "h_c_v_m": [0.901759, 0.930968, 0.916131], "fowlkes_mallows_index": 0.820082}