{"center": [127, 201, 140, 30, 182, 57, 101, 72, 0, 206], "label": [7, 2, 2, 7, 2, 2, 7, 7, 7, 7, 7, 7, 7, 7, 7, 7, 7, 7, 7, 7, 7, 6, 7, 2, 2, 2, 2, 2, 2, 2, 2, 2, 2, 2, 2, 2, 2, 2, 2, 2, 2, 2, 2, 2, 2, 4, 4, 4, 4, 4, 4, 4, 4, 4, 4, 4, 4, 4, 4, 4, 4, 4, 4, 4, 4, 4, 4, 6, 7, 6, 6, 6, 6, 6, 6, 6, 6, 6, 6, 6, 6, 6, 6, 6, 6, 6, 6, 5, 5, 5, 5, 3, 5, 5, 5, 0, 5, 5, 5, 5, 5, 5, 5, 5, 5, 5, 5, 5, 0, 0, 0, 0, 0, 0, 0, 0, 0, 0, 0, 0, 0, 0, 0, 0, 0, 0, 0, 0, 0, 1, 1, 1, 3, 1, 1, 1, 1, 1, 1, 1, 1, 1, 1, 1, 1, 1, 6, 6, 1, 8, 8, 8, 8, 8, 8, 8, 8, 8, 8, 8, 8, 8, 8, 8, 8, 8, 8, 8, 8, 8, 3, 3, 3, 3, 3, 3, 3, 3, 3, 3, 3, 3, 3, 3, 3, 3, 3, 3, 3, 3, 3, 4, 4, 4, 4, 4, 4, 4, 8, 8, 8, 4, 4, 4, 8, 8, 8, 4, 4, 4, 4, 4, 4], "davies_bouldin": 1.55985, "calinski_harabasz": 34.79245, "silhouette_coefficient": 0.238736, "cluster_acc": -1, "rand_index": 0.955355, "adjusted_rand_index": 0.762517, "mutual_info": 1.93471, "normalized_mutual_info": 0.865638, "adjusted_mutual_info": 0.852832, "homogeneity": 0.840559, "completeness": 0.89226, "v_measure": 0.865638, "h_c_v_m": [0.840559, 0.89226, 0.865638], "fowlkes_mallows_index": 0.790158}