{"center": [127, 30, 148, 159, 182, 57, 101, 72, 0, 201], "label": [8, 1, 1, 8, 1, 8, 8, 8, 8, 8, 2, 8, 8, 8, 2, 2, 2, 2, 8, 8, 8, 7, 8, 1, 1, 1, 1, 1, 1, 1, 1, 1, 1, 1, 1, 1, 1, 1, 1, 1, 1, 1, 1, 1, 1, 5, 5, 5, 5, 5, 5, 5, 5, 5, 5, 5, 5, 5, 5, 5, 5, 5, 5, 5, 5, 5, 5, 7, 8, 7, 7, 7, 7, 7, 7, 7, 7, 7, 7, 7, 7, 7, 7, 7, 7, 7, 7, 6, 6, 6, 6, 6, 6, 0, 0, 0, 6, 6, 6, 6, 6, 6, 6, 6, 6, 6, 6, 6, 0, 0, 0, 0, 0, 0, 0, 0, 0, 0, 0, 0, 0, 0, 0, 0, 0, 0, 0, 0, 0, 2, 2, 2, 2, 2, 2, 2, 2, 2, 2, 2, 2, 2, 2, 2, 2, 2, 2, 7, 2, 3, 3, 3, 3, 3, 3, 3, 3, 3, 3, 3, 3, 3, 3, 3, 3, 3, 3, 3, 3, 3, 4, 4, 4, 4, 4, 4, 4, 4, 4, 4, 4, 4, 4, 4, 4, 4, 4, 4, 4, 4, 4, 5, 5, 5, 5, 5, 5, 5, 3, 3, 3, 5, 5, 5, 3, 3, 3, 5, 5, 5, 5, 5, 5], "davies_bouldin": 1.565718, "calinski_harabasz": 35.094825, "silhouette_coefficient": 0.23708, "cluster_acc": -1, "rand_index": 0.951634, "adjusted_rand_index": 0.743313, "mutual_info": 1.915178, "normalized_mutual_info": 0.857484, "adjusted_mutual_info": 0.843893, "homogeneity": 0.832073, "completeness": 0.884497, "v_measure": 0.857484, "h_c_v_m": [0.832073, 0.884497, 0.857484], "fowlkes_mallows_index": 0.773105}