{"center": [30, 127, 147, 182, 205, 101, 47, 0, 72, 122], "label": [7, 7, 7, 7, 0, 7, 7, 7, 7, 7, 7, 7, 7, 7, 2, 2, 7, 7, 7, 7, 7, 7, 7, 0, 0, 0, 0, 0, 0, 0, 0, 0, 0, 0, 0, 0, 0, 0, 0, 0, 0, 0, 0, 0, 0, 6, 6, 6, 6, 6, 6, 6, 6, 6, 6, 6, 6, 6, 6, 6, 6, 6, 6, 6, 6, 6, 6, 8, 7, 8, 8, 8, 8, 8, 8, 8, 8, 8, 8, 8, 8, 8, 8, 8, 8, 8, 8, 5, 5, 5, 5, 5, 5, 5, 5, 5, 5, 5, 5, 5, 5, 5, 5, 5, 5, 5, 5, 5, 1, 1, 1, 1, 1, 1, 1, 1, 1, 1, 1, 1, 1, 1, 1, 1, 1, 1, 1, 1, 1, 2, 2, 2, 2, 2, 2, 2, 2, 2, 2, 2, 2, 2, 2, 2, 2, 2, 2, 2, 2, 4, 4, 4, 4, 4, 4, 4, 4, 4, 4, 4, 4, 4, 4, 4, 4, 4, 4, 4, 4, 4, 3, 3, 3, 3, 3, 3, 3, 3, 3, 3, 3, 3, 3, 3, 3, 3, 3, 3, 3, 3, 3, 4, 4, 4, 4, 4, 4, 4, 4, 4, 4, 4, 4, 4, 4, 4, 4, 4, 4, 4, 4, 4, 4], "davies_bouldin": 1.582358, "calinski_harabasz": 32.185792, "silhouette_coefficient": 0.22641, "cluster_acc": -1, "rand_index": 0.972318, "adjusted_rand_index": 0.854332, "mutual_info": 2.092166, "normalized_mutual_info": 0.937502, "adjusted_mutual_info": 0.931525, "homogeneity": 0.908968, "completeness": 0.967886, "v_measure": 0.937502, "h_c_v_m": [0.908968, 0.967886, 0.937502], "fowlkes_mallows_index": 0.873739}