{"center": [127, 201, 140, 30, 182, 57, 72, 101, 0, 206], "label": [7, 2, 7, 7, 2, 2, 7, 7, 7, 7, 1, 1, 1, 7, 1, 1, 1, 1, 1, 1, 1, 1, 7, 2, 2, 2, 2, 2, 2, 2, 2, 2, 2, 2, 2, 2, 2, 2, 2, 2, 2, 2, 2, 2, 2, 4, 4, 4, 4, 4, 4, 4, 4, 4, 4, 4, 4, 4, 4, 4, 4, 4, 4, 4, 4, 4, 4, 1, 7, 1, 1, 1, 1, 1, 1, 1, 5, 1, 1, 1, 1, 1, 5, 5, 1, 1, 1, 6, 6, 6, 6, 3, 3, 6, 6, 6, 6, 6, 6, 6, 6, 6, 6, 6, 6, 6, 6, 6, 0, 0, 0, 0, 0, 0, 0, 0, 0, 0, 0, 0, 0, 0, 0, 0, 0, 0, 0, 0, 1, 1, 1, 1, 1, 1, 1, 1, 1, 1, 1, 1, 1, 1, 1, 1, 1, 1, 1, 1, 1, 8, 8, 8, 8, 8, 8, 8, 8, 8, 8, 8, 8, 8, 8, 8, 8, 8, 8, 8, 8, 8, 3, 3, 3, 3, 3, 3, 3, 3, 3, 3, 3, 3, 3, 3, 3, 3, 3, 3, 3, 3, 3, 4, 4, 4, 4, 4, 4, 4, 8, 8, 8, 4, 4, 4, 8, 8, 8, 4, 4, 4, 4, 4, 4], "davies_bouldin": 1.534569, "calinski_harabasz": 29.409779, "silhouette_coefficient": 0.164899, "cluster_acc": -1, "rand_index": 0.923022, "adjusted_rand_index": 0.630744, "mutual_info": 1.763902, "normalized_mutual_info": 0.812864, "adjusted_mutual_info": 0.795126, "homogeneity": 0.766349, "completeness": 0.865389, "v_measure": 0.812864, "h_c_v_m": [0.766349, 0.865389, 0.812864], "fowlkes_mallows_index": 0.684402}