{"center": [30, 127, 148, 182, 205, 57, 101, 0, 72, 201], "label": [7, 7, 7, 7, 7, 0, 7, 7, 7, 7, 2, 2, 2, 7, 2, 2, 7, 2, 2, 7, 2, 2, 7, 0, 0, 0, 0, 0, 0, 0, 0, 0, 0, 0, 0, 0, 0, 0, 0, 0, 0, 0, 0, 0, 0, 5, 5, 5, 5, 5, 5, 5, 5, 5, 5, 5, 5, 5, 5, 5, 5, 5, 5, 5, 5, 5, 5, 8, 7, 8, 8, 8, 8, 8, 8, 8, 8, 8, 8, 8, 8, 8, 8, 8, 8, 8, 8, 6, 6, 6, 6, 6, 6, 6, 6, 6, 6, 6, 6, 6, 6, 6, 6, 6, 6, 6, 6, 6, 1, 1, 1, 1, 1, 1, 1, 1, 1, 1, 1, 1, 1, 1, 1, 1, 1, 1, 1, 1, 2, 2, 2, 2, 2, 2, 2, 2, 2, 2, 2, 2, 2, 2, 2, 2, 2, 2, 2, 2, 2, 4, 4, 4, 4, 4, 4, 4, 4, 4, 4, 4, 4, 4, 4, 4, 4, 4, 4, 4, 4, 4, 3, 3, 3, 3, 3, 3, 3, 3, 3, 3, 3, 3, 3, 3, 3, 3, 3, 3, 3, 3, 3, 5, 5, 5, 5, 5, 5, 5, 4, 4, 4, 5, 5, 5, 4, 4, 4, 5, 5, 5, 5, 5, 5], "davies_bouldin": 1.563504, "calinski_harabasz": 35.866485, "silhouette_coefficient": 0.244918, "cluster_acc": -1, "rand_index": 0.955886, "adjusted_rand_index": 0.767206, "mutual_info": 1.971985, "normalized_mutual_info": 0.884119, "adjusted_mutual_info": 0.873045, "homogeneity": 0.856754, "completeness": 0.913291, "v_measure": 0.884119, "h_c_v_m": [0.856754, 0.913291, 0.884119], "fowlkes_mallows_index": 0.795132}