{"center": [71, 184, 45, 115, 162, 142, 207, 27, 4, 16], "label": [8, 8, 8, 8, 8, 8, 8, 8, 8, 8, 9, 9, 9, 8, 9, 9, 9, 9, 9, 9, 9, 9, 8, 7, 7, 7, 7, 7, 7, 7, 7, 7, 7, 7, 7, 7, 7, 7, 7, 7, 7, 7, 7, 7, 7, 2, 2, 2, 2, 2, 2, 2, 2, 2, 2, 2, 2, 2, 2, 2, 2, 2, 2, 2, 2, 2, 2, 0, 8, 0, 0, 0, 0, 0, 0, 0, 0, 0, 0, 0, 0, 0, 0, 0, 0, 0, 0, 1, 1, 1, 1, 1, 1, 1, 1, 1, 1, 1, 1, 1, 1, 1, 1, 1, 1, 1, 1, 1, 3, 3, 3, 3, 3, 3, 3, 3, 3, 3, 3, 3, 3, 3, 3, 3, 3, 3, 3, 3, 3, 5, 5, 5, 5, 5, 5, 5, 5, 5, 5, 5, 5, 5, 5, 5, 5, 5, 5, 5, 5, 4, 4, 4, 4, 4, 4, 4, 4, 4, 4, 4, 4, 4, 4, 4, 4, 4, 4, 4, 4, 4, 1, 1, 1, 1, 1, 1, 1, 1, 1, 1, 1, 1, 1, 1, 1, 1, 1, 1, 1, 1, 1, 6, 6, 6, 6, 6, 6, 6, 4, 4, 4, 6, 6, 6, 4, 4, 4, 6, 6, 6, 6, 6, 6], "davies_bouldin": 1.516577, "calinski_harabasz": 36.950812, "silhouette_coefficient": 0.255464, "cluster_acc": 0.816901, "rand_index": 0.963416, "adjusted_rand_index": 0.802615, "mutual_info": 2.08132, "normalized_mutual_info": 0.917504, "adjusted_mutual_info": 0.908574, "homogeneity": 0.904256, "completeness": 0.931145, "v_measure": 0.917504, "h_c_v_m": [0.904256, 0.931145, 0.917504], "fowlkes_mallows_index": 0.824992}