{"center": [30, 127, 147, 182, 205, 57, 101, 0, 72, 122], "label": [7, 0, 7, 7, 0, 0, 7, 7, 7, 7, 7, 7, 7, 7, 2, 2, 2, 2, 7, 7, 7, 7, 7, 0, 0, 0, 0, 0, 0, 0, 0, 0, 0, 0, 0, 0, 0, 0, 0, 0, 0, 0, 0, 0, 0, 5, 5, 5, 5, 5, 5, 5, 5, 5, 5, 5, 5, 5, 5, 5, 5, 5, 5, 5, 5, 5, 5, 8, 7, 8, 8, 8, 8, 8, 8, 8, 8, 8, 8, 8, 8, 8, 8, 8, 8, 8, 8, 6, 6, 6, 6, 6, 6, 6, 6, 6, 6, 6, 6, 6, 6, 6, 6, 6, 6, 6, 6, 6, 1, 1, 1, 1, 1, 1, 1, 1, 1, 1, 1, 1, 1, 1, 9, 1, 1, 1, 1, 1, 1, 2, 2, 2, 2, 2, 2, 2, 2, 2, 2, 2, 2, 2, 2, 2, 2, 2, 2, 2, 2, 4, 4, 4, 4, 4, 4, 4, 4, 4, 4, 4, 4, 4, 4, 4, 4, 4, 4, 4, 4, 4, 3, 3, 3, 3, 3, 3, 3, 3, 3, 3, 3, 3, 3, 3, 3, 3, 3, 3, 3, 3, 3, 5, 5, 5, 5, 5, 5, 5, 4, 4, 4, 4, 4, 5, 4, 4, 4, 4, 4, 5, 4, 4, 5], "davies_bouldin": 1.525024, "calinski_harabasz": 29.666225, "silhouette_coefficient": 0.181918, "cluster_acc": 0.85446, "rand_index": 0.959385, "adjusted_rand_index": 0.78167, "mutual_info": 1.995143, "normalized_mutual_info": 0.887852, "adjusted_mutual_info": 0.876572, "homogeneity": 0.866815, "completeness": 0.909935, "v_measure": 0.887852, "h_c_v_m": [0.866815, 0.909935, 0.887852], "fowlkes_mallows_index": 0.806454}