{"center": [127, 201, 30, 159, 148, 170, 57, 101, 72, 0], "label": [8, 1, 1, 8, 1, 8, 8, 8, 8, 8, 3, 8, 8, 8, 3, 3, 3, 3, 8, 8, 8, 7, 8, 1, 1, 1, 1, 1, 1, 1, 1, 1, 1, 1, 1, 1, 1, 1, 1, 1, 1, 1, 1, 1, 1, 5, 5, 5, 5, 5, 5, 5, 5, 5, 5, 5, 5, 5, 5, 5, 5, 5, 5, 5, 5, 5, 5, 7, 8, 7, 7, 7, 7, 7, 7, 7, 7, 7, 7, 7, 7, 7, 7, 7, 7, 7, 7, 6, 6, 6, 6, 6, 6, 0, 0, 0, 6, 6, 6, 6, 6, 6, 6, 6, 6, 6, 6, 6, 0, 0, 0, 0, 0, 0, 0, 0, 0, 0, 0, 0, 0, 0, 0, 0, 0, 0, 0, 0, 0, 3, 3, 3, 3, 3, 3, 3, 3, 3, 3, 3, 3, 3, 3, 3, 3, 3, 3, 3, 3, 2, 2, 2, 2, 2, 2, 2, 2, 2, 2, 2, 2, 2, 2, 2, 2, 2, 2, 2, 2, 2, 4, 4, 4, 4, 4, 4, 4, 4, 4, 4, 4, 4, 4, 4, 4, 4, 4, 4, 4, 4, 4, 5, 5, 5, 5, 5, 5, 5, 2, 2, 2, 5, 5, 5, 2, 2, 2, 5, 5, 5, 5, 5, 5], "davies_bouldin": 1.563794, "calinski_harabasz": 35.292006, "silhouette_coefficient": 0.238982, "cluster_acc": -1, "rand_index": 0.95314, "adjusted_rand_index": 0.751494, "mutual_info": 1.932981, "normalized_mutual_info": 0.865618, "adjusted_mutual_info": 0.852798, "homogeneity": 0.839808, "completeness": 0.893064, "v_measure": 0.865618, "h_c_v_m": [0.839808, 0.893064, 0.865618], "fowlkes_mallows_index": 0.780532}