{"center": [30, 127, 147, 182, 205, 101, 47, 0, 72, 122], "label": [7, 0, 0, 7, 0, 7, 7, 7, 7, 7, 7, 7, 7, 7, 2, 2, 2, 7, 7, 7, 7, 7, 7, 0, 0, 0, 0, 0, 0, 0, 0, 0, 0, 0, 0, 0, 0, 0, 0, 0, 0, 0, 0, 0, 0, 6, 6, 6, 6, 6, 6, 6, 6, 6, 6, 6, 6, 6, 6, 6, 6, 6, 6, 6, 6, 6, 6, 8, 7, 8, 8, 8, 8, 8, 8, 8, 8, 8, 8, 8, 8, 8, 8, 8, 8, 8, 8, 5, 5, 5, 5, 5, 5, 5, 5, 5, 5, 5, 5, 5, 5, 5, 5, 5, 5, 5, 5, 5, 1, 1, 1, 1, 1, 1, 1, 1, 1, 1, 1, 1, 1, 1, 1, 1, 1, 1, 1, 1, 1, 2, 2, 2, 2, 2, 2, 2, 2, 2, 2, 2, 2, 2, 2, 2, 2, 2, 2, 2, 2, 4, 4, 4, 4, 4, 4, 4, 4, 4, 4, 4, 4, 4, 4, 4, 4, 4, 4, 4, 4, 4, 3, 3, 3, 3, 3, 3, 3, 3, 3, 3, 3, 3, 3, 3, 3, 3, 3, 3, 3, 3, 3, 4, 4, 4, 4, 4, 4, 4, 4, 4, 4, 4, 4, 4, 4, 4, 4, 4, 4, 6, 4, 4, 4], "davies_bouldin": 1.601345, "calinski_harabasz": 31.653204, "silhouette_coefficient": 0.219834, "cluster_acc": -1, "rand_index": 0.966472, "adjusted_rand_index": 0.823301, "mutual_info": 2.042696, "normalized_mutual_info": 0.915262, "adjusted_mutual_info": 0.907161, "homogeneity": 0.887475, "completeness": 0.944845, "v_measure": 0.915262, "h_c_v_m": [0.887475, 0.944845, 0.915262], "fowlkes_mallows_index": 0.845692}