{"center": [125, 161, 60, 39, 141, 170, 72, 101, 12, 0], "label": [9, 9, 9, 9, 3, 3, 9, 9, 9, 9, 4, 8, 8, 9, 4, 4, 4, 4, 8, 8, 4, 6, 9, 3, 3, 3, 3, 3, 3, 3, 3, 3, 3, 3, 3, 3, 3, 3, 3, 3, 3, 3, 3, 3, 3, 2, 2, 2, 2, 2, 2, 2, 2, 2, 2, 2, 2, 2, 2, 2, 2, 2, 2, 2, 2, 2, 2, 6, 0, 6, 6, 6, 6, 6, 6, 6, 6, 6, 6, 6, 6, 6, 6, 6, 6, 6, 6, 7, 7, 7, 7, 7, 7, 7, 7, 7, 7, 7, 7, 7, 7, 7, 7, 7, 7, 7, 7, 7, 0, 0, 0, 0, 0, 0, 0, 0, 0, 0, 0, 0, 0, 0, 0, 0, 0, 0, 0, 0, 0, 4, 4, 4, 4, 4, 4, 4, 4, 4, 4, 4, 4, 4, 4, 4, 4, 4, 4, 4, 4, 1, 1, 1, 1, 1, 1, 1, 1, 1, 1, 1, 1, 1, 1, 1, 1, 1, 1, 1, 1, 1, 5, 5, 5, 5, 5, 5, 5, 5, 5, 5, 5, 5, 5, 5, 5, 5, 5, 5, 5, 5, 5, 1, 1, 1, 1, 1, 1, 1, 1, 1, 1, 1, 1, 1, 1, 1, 1, 1, 1, 1, 1, 1, 1], "davies_bouldin": 1.573475, "calinski_harabasz": 28.651376, "silhouette_coefficient": 0.200727, "cluster_acc": 0.835681, "rand_index": 0.961423, "adjusted_rand_index": 0.796921, "mutual_info": 2.025819, "normalized_mutual_info": 0.901644, "adjusted_mutual_info": 0.89118, "homogeneity": 0.880143, "completeness": 0.924223, "v_measure": 0.901644, "h_c_v_m": [0.880143, 0.924223, 0.901644], "fowlkes_mallows_index": 0.822088}