{"center": [71, 161, 27, 46, 203, 121, 142, 182, 4, 108], "label": [8, 8, 8, 8, 8, 8, 8, 8, 8, 8, 6, 6, 6, 8, 6, 6, 6, 6, 6, 6, 6, 6, 8, 2, 2, 2, 2, 2, 2, 2, 2, 2, 2, 2, 2, 2, 2, 2, 2, 2, 2, 2, 2, 2, 2, 3, 3, 3, 3, 3, 3, 3, 3, 3, 3, 3, 3, 3, 3, 3, 3, 3, 3, 3, 3, 3, 3, 0, 8, 0, 0, 0, 0, 0, 0, 0, 0, 0, 0, 0, 0, 0, 0, 0, 0, 0, 0, 5, 5, 5, 5, 5, 5, 5, 5, 5, 5, 5, 5, 5, 5, 5, 5, 5, 5, 5, 5, 5, 9, 9, 9, 9, 9, 9, 9, 9, 9, 5, 5, 5, 5, 5, 5, 9, 9, 9, 9, 9, 9, 6, 6, 6, 6, 6, 6, 6, 6, 6, 6, 6, 6, 6, 6, 6, 6, 6, 6, 6, 6, 1, 1, 1, 1, 1, 1, 1, 1, 1, 1, 1, 1, 1, 1, 1, 1, 1, 1, 1, 1, 1, 7, 7, 7, 7, 7, 7, 7, 7, 7, 7, 7, 7, 7, 7, 7, 7, 7, 7, 7, 7, 7, 4, 4, 4, 4, 4, 4, 4, 1, 1, 1, 4, 4, 4, 1, 1, 1, 4, 4, 4, 4, 4, 4], "davies_bouldin": 1.534323, "calinski_harabasz": 38.654, "silhouette_coefficient": 0.265649, "cluster_acc": 0.887324, "rand_index": 0.963637, "adjusted_rand_index": 0.796541, "mutual_info": 2.056193, "normalized_mutual_info": 0.899713, "adjusted_mutual_info": 0.888971, "homogeneity": 0.893339, "completeness": 0.906178, "v_measure": 0.899713, "h_c_v_m": [0.893339, 0.906178, 0.899713], "fowlkes_mallows_index": 0.81714}