{"center": [39, 81, 125, 55, 161, 138, 170, 101, 12, 0], "label": [9, 9, 9, 9, 9, 9, 9, 9, 9, 9, 8, 8, 8, 9, 5, 5, 8, 8, 8, 8, 8, 8, 9, 0, 0, 0, 0, 0, 0, 0, 0, 0, 0, 0, 0, 0, 0, 0, 0, 0, 0, 0, 0, 0, 0, 3, 3, 3, 3, 3, 3, 3, 3, 3, 3, 3, 3, 3, 3, 3, 3, 3, 3, 3, 3, 3, 3, 1, 9, 1, 1, 1, 1, 1, 1, 1, 1, 1, 1, 1, 1, 1, 1, 1, 1, 1, 1, 7, 7, 7, 7, 7, 7, 7, 7, 7, 7, 7, 7, 7, 7, 7, 7, 7, 7, 7, 7, 7, 2, 2, 2, 2, 2, 2, 2, 2, 2, 2, 2, 2, 2, 2, 2, 2, 2, 2, 2, 2, 2, 5, 5, 5, 5, 5, 5, 5, 5, 5, 5, 5, 5, 5, 5, 5, 5, 5, 5, 5, 5, 4, 4, 4, 4, 4, 4, 4, 4, 4, 4, 4, 4, 4, 4, 4, 4, 4, 4, 4, 4, 4, 6, 6, 6, 6, 6, 6, 6, 6, 6, 6, 6, 6, 6, 6, 6, 6, 6, 6, 6, 6, 6, 4, 4, 4, 4, 4, 4, 4, 4, 4, 4, 4, 4, 4, 4, 4, 4, 4, 4, 4, 4, 4, 4], "davies_bouldin": 1.552618, "calinski_harabasz": 30.521468, "silhouette_coefficient": 0.228946, "cluster_acc": 0.84507, "rand_index": 0.969749, "adjusted_rand_index": 0.837196, "mutual_info": 2.113802, "normalized_mutual_info": 0.932553, "adjusted_mutual_info": 0.925265, "homogeneity": 0.918368, "completeness": 0.947183, "v_measure": 0.932553, "h_c_v_m": [0.918368, 0.947183, 0.932553], "fowlkes_mallows_index": 0.856299}