{"center": [182, 117, 30, 205, 13, 136, 100, 4, 128, 47], "label": [4, 7, 7, 7, 7, 7, 7, 7, 7, 7, 4, 4, 4, 4, 4, 4, 4, 4, 4, 4, 5, 5, 4, 2, 2, 2, 2, 2, 2, 2, 2, 2, 2, 2, 2, 2, 2, 2, 2, 2, 2, 2, 2, 2, 2, 9, 9, 9, 9, 9, 9, 9, 9, 9, 9, 9, 9, 9, 9, 9, 9, 9, 9, 9, 9, 9, 9, 5, 1, 5, 5, 5, 5, 5, 5, 5, 5, 5, 5, 5, 5, 5, 5, 5, 5, 5, 5, 6, 6, 6, 6, 6, 6, 6, 6, 6, 6, 6, 6, 6, 6, 6, 6, 6, 6, 6, 6, 6, 1, 1, 1, 1, 1, 1, 1, 1, 1, 1, 1, 1, 1, 1, 1, 1, 1, 1, 8, 1, 8, 5, 5, 5, 5, 5, 5, 5, 5, 5, 5, 5, 5, 5, 5, 5, 5, 5, 5, 5, 5, 3, 3, 3, 3, 3, 3, 3, 3, 3, 3, 3, 3, 3, 3, 3, 3, 3, 3, 3, 3, 3, 0, 2, 2, 0, 0, 2, 2, 2, 2, 0, 0, 2, 2, 0, 0, 0, 2, 2, 0, 0, 2, 9, 3, 3, 3, 3, 3, 3, 3, 3, 3, 3, 3, 3, 3, 3, 3, 3, 3, 9, 9, 3, 3], "davies_bouldin": 1.67623, "calinski_harabasz": 23.639374, "silhouette_coefficient": 0.1408, "cluster_acc": 0.690141, "rand_index": 0.930995, "adjusted_rand_index": 0.659156, "mutual_info": 1.847068, "normalized_mutual_info": 0.838242, "adjusted_mutual_info": 0.821161, "homogeneity": 0.802482, "completeness": 0.877337, "v_measure": 0.838242, "h_c_v_m": [0.802482, 0.877337, 0.838242], "fowlkes_mallows_index": 0.705817}