{"center": [127, 201, 30, 148, 182, 57, 101, 72, 0, 206], "label": [7, 1, 7, 7, 7, 1, 7, 7, 7, 7, 2, 2, 2, 7, 2, 2, 2, 2, 2, 2, 2, 2, 7, 1, 1, 1, 1, 1, 1, 1, 1, 1, 1, 1, 1, 1, 1, 1, 1, 1, 1, 1, 1, 1, 1, 4, 4, 4, 4, 4, 4, 4, 4, 4, 4, 4, 4, 4, 4, 4, 4, 4, 4, 4, 4, 4, 4, 6, 7, 6, 2, 2, 2, 2, 2, 2, 6, 6, 2, 2, 2, 2, 6, 6, 6, 6, 2, 5, 5, 5, 5, 5, 5, 5, 5, 5, 5, 5, 5, 5, 5, 5, 5, 5, 5, 5, 5, 5, 0, 0, 0, 0, 0, 0, 0, 0, 0, 0, 0, 0, 0, 0, 0, 0, 0, 0, 0, 0, 2, 2, 2, 2, 2, 2, 2, 2, 2, 2, 2, 2, 2, 2, 2, 2, 2, 2, 2, 2, 2, 8, 8, 8, 8, 8, 8, 8, 8, 8, 8, 8, 8, 8, 8, 8, 8, 8, 8, 8, 8, 8, 3, 3, 3, 3, 3, 3, 3, 3, 3, 3, 3, 3, 3, 3, 3, 3, 3, 3, 3, 3, 3, 4, 4, 4, 4, 4, 4, 4, 8, 8, 8, 4, 4, 4, 8, 8, 8, 4, 4, 4, 4, 4, 4], "davies_bouldin": 1.55635, "calinski_harabasz": 31.219357, "silhouette_coefficient": 0.189697, "cluster_acc": -1, "rand_index": 0.933121, "adjusted_rand_index": 0.66671, "mutual_info": 1.834726, "normalized_mutual_info": 0.834858, "adjusted_mutual_info": 0.818873, "homogeneity": 0.79712, "completeness": 0.876348, "v_measure": 0.834858, "h_c_v_m": [0.79712, 0.876348, 0.834858], "fowlkes_mallows_index": 0.711425}