{"center": [182, 117, 30, 205, 136, 13, 100, 4, 128, 47], "label": [5, 7, 7, 7, 7, 2, 7, 7, 7, 7, 4, 5, 5, 5, 5, 5, 5, 5, 5, 5, 4, 4, 5, 2, 2, 2, 2, 2, 2, 2, 2, 2, 2, 2, 2, 2, 2, 2, 2, 2, 2, 2, 2, 2, 2, 9, 9, 9, 9, 9, 9, 9, 9, 9, 9, 9, 9, 9, 9, 9, 9, 9, 9, 9, 9, 9, 9, 4, 1, 4, 4, 4, 4, 4, 4, 4, 4, 4, 4, 4, 4, 4, 4, 4, 4, 4, 4, 6, 6, 6, 6, 6, 6, 6, 6, 6, 6, 6, 6, 6, 6, 6, 6, 6, 6, 6, 6, 6, 1, 1, 1, 1, 1, 1, 1, 1, 1, 1, 1, 1, 1, 1, 1, 1, 1, 1, 8, 1, 8, 4, 4, 4, 4, 4, 4, 4, 4, 4, 4, 4, 4, 4, 4, 4, 4, 4, 4, 4, 4, 3, 3, 3, 3, 3, 3, 3, 3, 3, 3, 3, 3, 3, 3, 3, 3, 3, 3, 3, 3, 3, 0, 0, 0, 0, 0, 0, 0, 0, 0, 0, 0, 0, 0, 0, 0, 0, 0, 0, 0, 0, 0, 9, 3, 9, 3, 9, 3, 9, 3, 3, 3, 3, 3, 3, 3, 3, 3, 3, 3, 9, 3, 3, 9], "davies_bouldin": 1.561327, "calinski_harabasz": 25.328329, "silhouette_coefficient": 0.181504, "cluster_acc": 0.737089, "rand_index": 0.94127, "adjusted_rand_index": 0.703408, "mutual_info": 1.899033, "normalized_mutual_info": 0.856953, "adjusted_mutual_info": 0.841977, "homogeneity": 0.825059, "completeness": 0.891412, "v_measure": 0.856953, "h_c_v_m": [0.825059, 0.891412, 0.856953], "fowlkes_mallows_index": 0.742724}