{"center": [30, 127, 146, 182, 205, 0, 101, 4, 47, 72], "label": [5, 0, 0, 7, 0, 0, 7, 7, 7, 7, 5, 5, 5, 5, 2, 2, 5, 2, 5, 5, 5, 5, 5, 0, 0, 0, 0, 0, 0, 0, 0, 0, 0, 0, 0, 0, 0, 0, 0, 0, 0, 0, 0, 0, 0, 8, 8, 8, 8, 8, 8, 8, 8, 8, 8, 8, 8, 8, 8, 8, 8, 8, 8, 8, 8, 8, 8, 9, 7, 9, 9, 9, 9, 9, 9, 9, 9, 9, 9, 9, 9, 9, 9, 9, 9, 9, 9, 6, 6, 6, 6, 6, 6, 6, 1, 1, 6, 6, 6, 6, 6, 6, 6, 6, 6, 6, 6, 6, 1, 1, 1, 1, 1, 1, 1, 1, 1, 1, 1, 1, 1, 1, 1, 1, 1, 1, 1, 1, 1, 2, 2, 2, 2, 2, 2, 2, 2, 2, 2, 2, 2, 2, 2, 2, 2, 2, 2, 2, 2, 4, 4, 4, 4, 4, 4, 4, 4, 4, 4, 4, 4, 4, 4, 4, 4, 4, 4, 4, 4, 4, 3, 3, 3, 3, 3, 3, 3, 3, 3, 3, 3, 3, 3, 3, 3, 3, 3, 3, 3, 3, 3, 4, 4, 4, 4, 4, 4, 4, 4, 4, 4, 4, 4, 4, 4, 4, 4, 4, 4, 8, 4, 4, 4], "davies_bouldin": 1.591757, "calinski_harabasz": 28.929902, "silhouette_coefficient": 0.20931, "cluster_acc": 0.826291, "rand_index": 0.959474, "adjusted_rand_index": 0.784222, "mutual_info": 2.006894, "normalized_mutual_info": 0.889426, "adjusted_mutual_info": 0.877545, "homogeneity": 0.871921, "completeness": 0.907649, "v_measure": 0.889426, "h_c_v_m": [0.871921, 0.907649, 0.889426], "fowlkes_mallows_index": 0.809587}