{"center": [30, 127, 146, 182, 205, 0, 101, 47, 4, 72], "label": [5, 0, 0, 8, 0, 0, 8, 8, 8, 8, 5, 5, 5, 5, 2, 2, 5, 2, 5, 5, 5, 2, 5, 0, 0, 0, 0, 0, 0, 0, 0, 0, 0, 0, 0, 0, 0, 0, 0, 0, 0, 0, 0, 0, 0, 7, 7, 7, 7, 7, 7, 7, 7, 7, 7, 7, 7, 7, 7, 7, 7, 7, 7, 7, 7, 7, 7, 9, 8, 9, 9, 9, 9, 9, 9, 9, 9, 9, 9, 9, 9, 9, 9, 9, 9, 9, 9, 6, 6, 6, 6, 6, 6, 6, 6, 6, 6, 6, 6, 6, 6, 6, 6, 6, 6, 6, 6, 6, 1, 1, 1, 1, 1, 1, 1, 1, 1, 1, 1, 1, 1, 1, 1, 1, 1, 1, 1, 1, 1, 2, 2, 2, 2, 2, 2, 2, 2, 2, 2, 2, 2, 2, 2, 2, 2, 2, 2, 2, 2, 4, 4, 4, 4, 4, 4, 4, 4, 4, 4, 4, 4, 4, 4, 4, 4, 4, 4, 4, 4, 4, 3, 3, 3, 3, 3, 3, 3, 3, 3, 3, 3, 3, 3, 3, 3, 3, 3, 3, 3, 3, 3, 4, 4, 4, 4, 4, 4, 4, 4, 4, 4, 4, 4, 4, 4, 4, 4, 4, 4, 4, 4, 4, 4], "davies_bouldin": 1.602269, "calinski_harabasz": 28.918382, "silhouette_coefficient": 0.20937, "cluster_acc": 0.835681, "rand_index": 0.962796, "adjusted_rand_index": 0.802998, "mutual_info": 2.045953, "normalized_mutual_info": 0.907918, "adjusted_mutual_info": 0.898016, "homogeneity": 0.88889, "completeness": 0.927778, "v_measure": 0.907918, "h_c_v_m": [0.88889, 0.927778, 0.907918], "fowlkes_mallows_index": 0.826982}