{"center": [71, 27, 45, 161, 203, 142, 121, 182, 4, 108], "label": [8, 8, 8, 8, 8, 8, 8, 8, 8, 8, 5, 5, 5, 8, 5, 5, 5, 5, 5, 5, 5, 5, 8, 1, 1, 1, 1, 1, 1, 1, 1, 1, 1, 1, 1, 1, 1, 1, 1, 1, 1, 1, 1, 1, 1, 2, 2, 2, 2, 2, 2, 2, 2, 2, 2, 2, 2, 2, 2, 2, 2, 2, 2, 2, 2, 2, 2, 0, 8, 0, 0, 0, 0, 0, 0, 0, 0, 0, 0, 0, 0, 0, 0, 0, 0, 0, 0, 7, 7, 7, 7, 7, 7, 7, 7, 7, 7, 7, 7, 7, 7, 7, 7, 7, 7, 7, 7, 7, 9, 9, 9, 9, 9, 9, 9, 9, 9, 6, 6, 6, 6, 6, 6, 9, 9, 9, 9, 9, 9, 5, 5, 5, 5, 5, 5, 5, 5, 5, 5, 5, 5, 5, 5, 5, 5, 5, 5, 5, 5, 3, 3, 3, 3, 3, 3, 3, 3, 3, 3, 3, 3, 3, 3, 3, 3, 3, 3, 3, 3, 3, 7, 7, 7, 7, 7, 7, 7, 7, 7, 7, 7, 7, 7, 7, 7, 7, 7, 7, 7, 7, 7, 4, 4, 4, 4, 4, 4, 4, 3, 3, 3, 4, 4, 4, 3, 3, 3, 4, 4, 4, 4, 4, 4], "davies_bouldin": 1.50154, "calinski_harabasz": 35.248759, "silhouette_coefficient": 0.229824, "cluster_acc": 0.788732, "rand_index": 0.949686, "adjusted_rand_index": 0.735184, "mutual_info": 1.986662, "normalized_mutual_info": 0.882716, "adjusted_mutual_info": 0.870048, "homogeneity": 0.86313, "completeness": 0.903212, "v_measure": 0.882716, "h_c_v_m": [0.86313, 0.903212, 0.882716], "fowlkes_mallows_index": 0.766605}