{"center": [182, 117, 30, 205, 136, 101, 0, 47, 4, 72], "label": [6, 8, 8, 8, 8, 2, 8, 8, 8, 8, 6, 6, 6, 6, 6, 6, 6, 6, 6, 6, 6, 6, 6, 2, 2, 2, 2, 2, 2, 2, 2, 2, 2, 2, 2, 2, 2, 2, 2, 2, 2, 2, 2, 2, 2, 7, 7, 7, 7, 7, 7, 7, 7, 7, 7, 7, 7, 7, 7, 7, 7, 7, 7, 7, 7, 7, 7, 9, 8, 9, 9, 9, 9, 9, 9, 9, 9, 9, 9, 9, 9, 9, 9, 9, 9, 9, 9, 5, 5, 5, 5, 0, 0, 5, 5, 5, 5, 5, 5, 5, 5, 5, 5, 5, 5, 5, 5, 5, 1, 1, 1, 1, 1, 1, 1, 1, 1, 1, 1, 1, 1, 1, 1, 1, 1, 1, 1, 1, 1, 4, 4, 4, 4, 4, 4, 4, 4, 4, 4, 4, 4, 4, 4, 4, 4, 4, 4, 4, 4, 3, 3, 3, 3, 3, 3, 3, 3, 3, 3, 3, 3, 3, 3, 3, 3, 3, 3, 3, 3, 3, 0, 0, 0, 0, 0, 0, 0, 0, 0, 0, 0, 0, 0, 0, 0, 0, 0, 0, 0, 0, 0, 7, 3, 3, 3, 7, 3, 7, 3, 3, 3, 3, 3, 3, 3, 3, 3, 3, 3, 7, 3, 3, 7], "davies_bouldin": 1.553045, "calinski_harabasz": 29.973946, "silhouette_coefficient": 0.223933, "cluster_acc": 0.840376, "rand_index": 0.963903, "adjusted_rand_index": 0.802613, "mutual_info": 2.052332, "normalized_mutual_info": 0.902909, "adjusted_mutual_info": 0.892466, "homogeneity": 0.891661, "completeness": 0.914444, "v_measure": 0.902909, "h_c_v_m": [0.891661, 0.914444, 0.902909], "fowlkes_mallows_index": 0.823984}