{"center": [30, 117, 148, 182, 205, 57, 101, 0, 72, 44], "label": [7, 7, 7, 7, 7, 7, 7, 7, 7, 7, 2, 2, 2, 7, 2, 2, 7, 7, 7, 7, 2, 2, 7, 0, 0, 0, 0, 0, 0, 0, 0, 0, 0, 0, 0, 0, 9, 9, 9, 0, 0, 0, 9, 9, 9, 5, 5, 5, 5, 5, 5, 5, 5, 5, 5, 5, 5, 5, 5, 5, 5, 5, 5, 5, 5, 5, 5, 8, 7, 8, 8, 8, 8, 8, 8, 8, 8, 8, 8, 8, 8, 8, 8, 8, 8, 8, 8, 6, 6, 6, 6, 6, 6, 6, 6, 6, 6, 6, 6, 6, 6, 6, 6, 6, 6, 6, 6, 6, 1, 1, 1, 1, 1, 1, 1, 1, 1, 1, 1, 1, 1, 1, 1, 1, 1, 1, 1, 1, 1, 2, 2, 2, 2, 2, 2, 2, 2, 2, 2, 2, 2, 2, 2, 2, 2, 2, 2, 2, 2, 4, 4, 4, 4, 4, 4, 4, 4, 4, 4, 4, 4, 4, 4, 4, 4, 4, 4, 4, 4, 4, 3, 3, 3, 3, 3, 3, 3, 3, 3, 3, 3, 3, 3, 3, 3, 3, 3, 3, 3, 3, 3, 5, 4, 5, 4, 5, 4, 5, 4, 4, 4, 4, 4, 4, 4, 4, 4, 4, 4, 5, 5, 4, 4], "davies_bouldin": 1.691474, "calinski_harabasz": 28.985426, "silhouette_coefficient": 0.197759, "cluster_acc": 0.830986, "rand_index": 0.958057, "adjusted_rand_index": 0.772337, "mutual_info": 2.02418, "normalized_mutual_info": 0.893301, "adjusted_mutual_info": 0.881888, "homogeneity": 0.87943, "completeness": 0.907616, "v_measure": 0.893301, "h_c_v_m": [0.87943, 0.907616, 0.893301], "fowlkes_mallows_index": 0.797281}