{"center": [39, 81, 55, 125, 162, 195, 140, 171, 101, 179], "label": [3, 3, 3, 3, 3, 3, 3, 3, 3, 3, 3, 3, 3, 3, 3, 3, 3, 3, 3, 3, 3, 3, 3, 0, 0, 0, 0, 0, 0, 0, 0, 0, 0, 0, 0, 0, 0, 0, 0, 0, 0, 0, 0, 0, 0, 2, 2, 2, 2, 2, 2, 2, 2, 2, 2, 2, 2, 2, 2, 2, 2, 2, 2, 2, 2, 2, 2, 1, 3, 1, 1, 1, 1, 1, 1, 1, 1, 1, 1, 1, 1, 1, 1, 1, 1, 1, 1, 8, 8, 8, 8, 8, 8, 8, 8, 8, 8, 8, 8, 8, 8, 8, 8, 8, 8, 8, 8, 8, 3, 3, 3, 3, 3, 3, 3, 3, 3, 3, 3, 3, 3, 3, 3, 3, 3, 3, 3, 3, 3, 6, 6, 6, 6, 6, 6, 6, 6, 6, 6, 6, 6, 6, 6, 6, 6, 6, 6, 6, 6, 4, 4, 4, 4, 4, 4, 4, 4, 4, 4, 4, 4, 4, 4, 4, 4, 4, 4, 4, 4, 4, 7, 7, 7, 7, 7, 7, 7, 7, 7, 7, 7, 7, 7, 7, 7, 7, 7, 7, 7, 7, 7, 5, 5, 5, 5, 5, 5, 5, 4, 4, 4, 5, 5, 5, 4, 4, 4, 5, 5, 5, 5, 5, 5], "davies_bouldin": 1.739443, "calinski_harabasz": 36.059395, "silhouette_coefficient": 0.237105, "cluster_acc": -1, "rand_index": 0.965985, "adjusted_rand_index": 0.823496, "mutual_info": 2.069063, "normalized_mutual_info": 0.929933, "adjusted_mutual_info": 0.923199, "homogeneity": 0.89893, "completeness": 0.963151, "v_measure": 0.929933, "h_c_v_m": [0.89893, 0.963151, 0.929933], "fowlkes_mallows_index": 0.847487}