{"center": [30, 117, 148, 182, 205, 57, 101, 0, 72, 44], "label": [7, 7, 7, 7, 7, 7, 7, 7, 7, 7, 2, 2, 2, 7, 2, 2, 7, 7, 7, 7, 2, 2, 7, 0, 0, 0, 0, 0, 0, 0, 0, 0, 0, 0, 0, 0, 9, 9, 9, 0, 0, 0, 9, 9, 9, 5, 5, 5, 5, 5, 5, 5, 5, 5, 5, 5, 5, 5, 5, 5, 5, 5, 5, 5, 5, 5, 5, 8, 7, 8, 8, 8, 8, 8, 8, 8, 8, 8, 8, 8, 8, 8, 8, 8, 8, 8, 8, 6, 6, 6, 6, 6, 6, 6, 6, 6, 6, 6, 6, 6, 6, 6, 6, 6, 6, 6, 6, 6, 1, 1, 1, 1, 1, 1, 1, 1, 1, 1, 1, 1, 1, 1, 1, 1, 1, 1, 1, 1, 1, 2, 2, 2, 2, 2, 2, 2, 2, 2, 2, 2, 2, 2, 2, 2, 2, 2, 2, 2, 2, 4, 4, 4, 4, 4, 4, 4, 4, 4, 4, 4, 4, 4, 4, 4, 4, 4, 4, 4, 4, 4, 3, 3, 3, 3, 3, 3, 3, 3, 3, 3, 3, 3, 3, 3, 3, 3, 3, 3, 3, 3, 3, 5, 4, 5, 4, 5, 5, 5, 4, 4, 4, 4, 4, 4, 4, 4, 4, 4, 4, 5, 5, 4, 4], "davies_bouldin": 1.688717, "calinski_harabasz": 29.171737, "silhouette_coefficient": 0.198872, "cluster_acc": 0.830986, "rand_index": 0.957614, "adjusted_rand_index": 0.769575, "mutual_info": 2.021258, "normalized_mutual_info": 0.891783, "adjusted_mutual_info": 0.880213, "homogeneity": 0.878161, "completeness": 0.905834, "v_measure": 0.891783, "h_c_v_m": [0.878161, 0.905834, 0.891783], "fowlkes_mallows_index": 0.794677}