{"center": [30, 127, 147, 182, 205, 101, 0, 47, 72, 44], "label": [6, 6, 6, 6, 6, 6, 6, 6, 6, 6, 6, 6, 6, 6, 2, 2, 2, 2, 6, 6, 6, 6, 6, 0, 0, 0, 0, 0, 0, 0, 0, 0, 0, 0, 0, 0, 9, 9, 9, 0, 0, 0, 9, 9, 9, 7, 7, 7, 7, 7, 7, 7, 7, 7, 7, 7, 7, 7, 7, 7, 7, 7, 7, 7, 7, 7, 7, 8, 6, 8, 8, 8, 8, 8, 8, 8, 8, 8, 8, 8, 8, 8, 8, 8, 8, 8, 8, 5, 5, 5, 5, 5, 5, 5, 5, 5, 5, 5, 5, 1, 5, 5, 5, 5, 5, 5, 5, 5, 1, 1, 1, 1, 1, 1, 1, 1, 1, 1, 1, 1, 1, 1, 1, 1, 1, 1, 1, 1, 1, 2, 2, 2, 2, 2, 2, 2, 2, 2, 2, 2, 2, 2, 2, 2, 2, 2, 2, 2, 2, 4, 4, 4, 4, 4, 4, 4, 4, 4, 4, 4, 4, 4, 4, 4, 4, 4, 4, 4, 4, 4, 3, 3, 3, 3, 3, 3, 3, 3, 3, 3, 3, 3, 3, 3, 3, 3, 3, 3, 3, 3, 3, 7, 4, 4, 4, 7, 7, 7, 4, 4, 4, 4, 4, 4, 4, 4, 4, 4, 4, 7, 4, 4, 4], "davies_bouldin": 1.669042, "calinski_harabasz": 28.948616, "silhouette_coefficient": 0.197997, "cluster_acc": 0.840376, "rand_index": 0.960891, "adjusted_rand_index": 0.78731, "mutual_info": 2.029779, "normalized_mutual_info": 0.89521, "adjusted_mutual_info": 0.88401, "homogeneity": 0.881863, "completeness": 0.908966, "v_measure": 0.89521, "h_c_v_m": [0.881863, 0.908966, 0.89521], "fowlkes_mallows_index": 0.810606}