{"center": [30, 117, 182, 205, 136, 57, 101, 0, 72, 44], "label": [7, 7, 7, 7, 7, 7, 7, 7, 7, 7, 4, 4, 4, 7, 7, 7, 7, 7, 7, 7, 4, 4, 7, 0, 0, 0, 0, 0, 0, 0, 0, 0, 0, 0, 0, 0, 9, 9, 9, 0, 0, 0, 9, 9, 9, 5, 5, 5, 5, 5, 5, 5, 5, 5, 5, 5, 5, 5, 5, 5, 5, 5, 5, 5, 5, 5, 5, 8, 7, 8, 8, 8, 8, 8, 8, 8, 8, 8, 8, 8, 8, 8, 8, 8, 8, 8, 8, 6, 6, 6, 6, 6, 6, 6, 6, 6, 6, 6, 6, 6, 6, 6, 6, 6, 6, 6, 6, 6, 1, 1, 1, 1, 1, 1, 1, 1, 1, 1, 1, 1, 1, 1, 1, 1, 1, 1, 1, 1, 1, 4, 4, 4, 4, 4, 4, 4, 4, 4, 4, 4, 4, 4, 4, 4, 4, 4, 4, 4, 4, 3, 3, 3, 3, 3, 3, 3, 3, 3, 3, 3, 3, 3, 3, 3, 3, 3, 3, 3, 3, 3, 2, 2, 2, 2, 2, 2, 2, 2, 2, 2, 2, 2, 2, 2, 2, 2, 2, 2, 2, 2, 2, 5, 3, 5, 3, 5, 3, 3, 3, 3, 3, 3, 3, 3, 3, 3, 3, 3, 3, 5, 5, 3, 3], "davies_bouldin": 1.726519, "calinski_harabasz": 28.629082, "silhouette_coefficient": 0.195816, "cluster_acc": 0.840376, "rand_index": 0.961245, "adjusted_rand_index": 0.789401, "mutual_info": 2.04116, "normalized_mutual_info": 0.900397, "adjusted_mutual_info": 0.889749, "homogeneity": 0.886807, "completeness": 0.91441, "v_measure": 0.900397, "h_c_v_m": [0.886807, 0.91441, 0.900397], "fowlkes_mallows_index": 0.812546}