{"center": [79, 115, 162, 61, 39, 138, 180, 207, 100, 3], "label": [9, 9, 9, 9, 9, 9, 9, 9, 9, 9, 5, 5, 5, 9, 5, 5, 5, 5, 5, 5, 5, 5, 9, 4, 4, 4, 4, 4, 4, 4, 4, 4, 4, 4, 4, 4, 4, 4, 4, 4, 4, 4, 4, 4, 4, 3, 3, 3, 3, 3, 3, 3, 3, 3, 3, 3, 3, 3, 3, 3, 3, 3, 3, 3, 3, 3, 3, 0, 1, 0, 0, 0, 0, 0, 0, 0, 0, 0, 0, 0, 0, 0, 0, 0, 0, 0, 0, 8, 8, 8, 8, 8, 8, 8, 8, 8, 8, 8, 8, 8, 8, 8, 8, 8, 8, 8, 8, 8, 1, 1, 1, 1, 1, 1, 1, 1, 1, 1, 1, 1, 1, 1, 1, 1, 1, 1, 1, 1, 1, 5, 5, 5, 5, 5, 5, 5, 5, 5, 5, 5, 5, 5, 5, 5, 5, 5, 5, 5, 5, 2, 2, 2, 2, 2, 2, 2, 2, 2, 2, 2, 2, 2, 2, 2, 2, 2, 2, 2, 2, 2, 6, 6, 6, 6, 6, 6, 6, 6, 6, 6, 6, 6, 6, 6, 6, 6, 6, 6, 6, 6, 6, 7, 7, 7, 7, 7, 7, 7, 2, 2, 2, 7, 7, 7, 2, 2, 2, 7, 7, 7, 7, 7, 7], "davies_bouldin": 1.464139, "calinski_harabasz": 38.962606, "silhouette_coefficient": 0.270982, "cluster_acc": 0.915493, "rand_index": 0.972805, "adjusted_rand_index": 0.847012, "mutual_info": 2.120792, "normalized_mutual_info": 0.92684, "adjusted_mutual_info": 0.919021, "homogeneity": 0.921405, "completeness": 0.93234, "v_measure": 0.92684, "h_c_v_m": [0.921405, 0.93234, 0.92684], "fowlkes_mallows_index": 0.862398}