{"center": [30, 122, 148, 182, 205, 57, 101, 72, 0, 201], "label": [8, 8, 8, 8, 8, 8, 8, 8, 8, 8, 2, 2, 2, 8, 2, 2, 8, 8, 8, 8, 2, 2, 8, 0, 0, 0, 0, 0, 0, 0, 0, 0, 0, 0, 0, 0, 0, 0, 0, 0, 0, 0, 0, 0, 0, 5, 5, 5, 5, 5, 5, 5, 5, 5, 5, 5, 5, 5, 5, 5, 5, 5, 5, 5, 5, 5, 5, 7, 8, 7, 7, 7, 7, 7, 7, 7, 7, 7, 7, 7, 7, 7, 7, 7, 7, 7, 7, 6, 6, 6, 6, 6, 6, 6, 6, 6, 6, 6, 6, 6, 6, 6, 6, 6, 6, 6, 6, 6, 1, 1, 1, 1, 1, 1, 1, 1, 1, 1, 1, 1, 1, 1, 1, 1, 1, 1, 1, 1, 1, 2, 2, 2, 2, 2, 2, 2, 2, 2, 2, 2, 2, 2, 2, 2, 2, 2, 2, 2, 2, 4, 4, 4, 4, 4, 4, 4, 4, 4, 4, 4, 4, 4, 4, 4, 4, 4, 4, 4, 4, 4, 3, 0, 3, 3, 3, 3, 3, 3, 3, 3, 3, 3, 3, 3, 3, 3, 3, 3, 3, 0, 0, 5, 5, 5, 5, 5, 5, 5, 4, 4, 4, 5, 5, 5, 4, 4, 4, 5, 5, 5, 5, 5, 5], "davies_bouldin": 1.614472, "calinski_harabasz": 35.238455, "silhouette_coefficient": 0.233856, "cluster_acc": -1, "rand_index": 0.956551, "adjusted_rand_index": 0.769449, "mutual_info": 1.979657, "normalized_mutual_info": 0.886288, "adjusted_mutual_info": 0.875439, "homogeneity": 0.860087, "completeness": 0.914135, "v_measure": 0.886288, "h_c_v_m": [0.860087, 0.914135, 0.886288], "fowlkes_mallows_index": 0.796621}