{"center": [182, 117, 30, 205, 136, 13, 100, 47, 4, 95], "label": [5, 8, 8, 8, 8, 8, 8, 8, 8, 8, 4, 5, 5, 5, 5, 5, 5, 5, 5, 5, 4, 4, 5, 2, 2, 2, 2, 2, 2, 2, 2, 2, 2, 2, 2, 2, 2, 2, 2, 2, 2, 2, 2, 2, 2, 7, 7, 7, 7, 7, 7, 7, 7, 7, 7, 7, 7, 7, 7, 7, 7, 7, 7, 7, 7, 7, 7, 4, 1, 4, 4, 4, 4, 4, 4, 4, 4, 4, 4, 4, 4, 4, 4, 4, 4, 4, 4, 6, 6, 6, 6, 6, 6, 6, 6, 9, 6, 6, 6, 6, 6, 6, 6, 6, 6, 6, 6, 6, 1, 1, 1, 1, 1, 1, 1, 1, 1, 1, 1, 1, 1, 1, 1, 1, 1, 1, 1, 1, 1, 4, 4, 4, 4, 4, 4, 4, 4, 4, 4, 4, 4, 4, 4, 4, 4, 4, 4, 4, 4, 3, 3, 3, 3, 3, 3, 3, 3, 3, 3, 3, 3, 3, 3, 3, 3, 3, 3, 3, 3, 3, 0, 2, 2, 0, 0, 0, 2, 2, 2, 0, 0, 2, 0, 0, 0, 0, 2, 2, 2, 2, 2, 7, 3, 3, 3, 3, 3, 3, 3, 3, 3, 3, 3, 3, 3, 3, 3, 3, 3, 7, 7, 3, 3], "davies_bouldin": 1.623189, "calinski_harabasz": 23.430411, "silhouette_coefficient": 0.146498, "cluster_acc": 0.690141, "rand_index": 0.929577, "adjusted_rand_index": 0.655203, "mutual_info": 1.833388, "normalized_mutual_info": 0.835563, "adjusted_mutual_info": 0.818595, "homogeneity": 0.796538, "completeness": 0.878609, "v_measure": 0.835563, "h_c_v_m": [0.796538, 0.878609, 0.835563], "fowlkes_mallows_index": 0.703477}