{"center": [30, 201, 140, 122, 182, 57, 101, 72, 0, 206], "label": [8, 8, 8, 8, 8, 8, 8, 8, 8, 8, 2, 2, 2, 8, 8, 8, 8, 8, 8, 8, 2, 2, 8, 0, 0, 0, 0, 0, 0, 0, 0, 0, 0, 0, 0, 0, 0, 0, 0, 0, 0, 0, 0, 0, 0, 5, 5, 5, 5, 5, 5, 5, 5, 5, 5, 5, 5, 5, 5, 5, 5, 5, 5, 5, 5, 5, 5, 7, 8, 7, 7, 7, 7, 7, 7, 7, 7, 7, 7, 7, 7, 7, 7, 7, 7, 7, 7, 6, 6, 6, 6, 6, 6, 6, 6, 6, 6, 6, 6, 6, 6, 6, 6, 6, 6, 6, 6, 6, 3, 3, 3, 3, 3, 3, 3, 3, 3, 3, 3, 3, 3, 3, 3, 3, 3, 3, 3, 3, 3, 2, 2, 2, 2, 2, 2, 2, 2, 2, 2, 2, 2, 2, 2, 2, 2, 2, 2, 2, 2, 9, 9, 9, 9, 9, 9, 9, 9, 9, 9, 9, 9, 9, 9, 9, 9, 9, 9, 9, 9, 9, 4, 4, 4, 4, 4, 4, 4, 4, 4, 4, 4, 4, 4, 4, 4, 4, 4, 4, 4, 4, 4, 1, 1, 1, 1, 1, 1, 1, 9, 9, 9, 1, 1, 1, 9, 9, 9, 1, 1, 1, 1, 1, 1], "davies_bouldin": 1.570129, "calinski_harabasz": 38.345255, "silhouette_coefficient": 0.26645, "cluster_acc": 0.943662, "rand_index": 0.980113, "adjusted_rand_index": 0.88627, "mutual_info": 2.157423, "normalized_mutual_info": 0.939068, "adjusted_mutual_info": 0.932585, "homogeneity": 0.93732, "completeness": 0.940824, "v_measure": 0.939068, "h_c_v_m": [0.93732, 0.940824, 0.939068], "fowlkes_mallows_index": 0.897313}