{"center": [125, 60, 41, 138, 159, 170, 72, 201, 101, 12], "label": [0, 2, 0, 0, 0, 0, 0, 0, 0, 0, 3, 3, 3, 0, 3, 3, 3, 3, 3, 3, 9, 6, 0, 2, 2, 2, 2, 2, 2, 2, 2, 2, 2, 2, 2, 2, 2, 2, 2, 2, 2, 2, 2, 2, 2, 1, 1, 1, 1, 1, 1, 1, 1, 1, 1, 1, 1, 1, 1, 1, 1, 1, 1, 1, 1, 1, 1, 6, 0, 6, 6, 6, 6, 6, 6, 6, 6, 6, 6, 6, 6, 6, 6, 6, 6, 6, 6, 8, 8, 8, 8, 8, 8, 8, 8, 0, 8, 8, 8, 8, 8, 8, 8, 8, 8, 0, 8, 8, 0, 0, 0, 0, 0, 0, 0, 0, 0, 0, 0, 0, 0, 0, 0, 0, 0, 0, 0, 0, 0, 3, 3, 3, 3, 3, 3, 3, 3, 3, 3, 3, 3, 3, 3, 3, 3, 3, 3, 3, 3, 4, 4, 4, 4, 4, 4, 4, 4, 4, 4, 4, 4, 4, 4, 4, 4, 4, 4, 4, 4, 4, 5, 5, 5, 5, 5, 5, 5, 5, 5, 5, 5, 5, 5, 5, 5, 5, 5, 5, 5, 5, 5, 7, 7, 7, 7, 7, 7, 7, 4, 4, 4, 7, 7, 7, 4, 4, 4, 7, 7, 7, 7, 7, 7], "davies_bouldin": 1.485837, "calinski_harabasz": 35.302051, "silhouette_coefficient": 0.229118, "cluster_acc": 0.85446, "rand_index": 0.956108, "adjusted_rand_index": 0.764505, "mutual_info": 1.958564, "normalized_mutual_info": 0.87196, "adjusted_mutual_info": 0.859074, "homogeneity": 0.850923, "completeness": 0.894064, "v_measure": 0.87196, "h_c_v_m": [0.850923, 0.894064, 0.87196], "fowlkes_mallows_index": 0.791179}