{"center": [30, 117, 182, 205, 136, 13, 100, 47, 4, 44], "label": [5, 8, 8, 8, 8, 8, 8, 8, 8, 8, 4, 5, 5, 5, 5, 5, 5, 5, 5, 5, 5, 4, 5, 0, 0, 0, 0, 0, 0, 0, 0, 0, 0, 0, 0, 0, 9, 9, 9, 0, 0, 0, 9, 9, 9, 7, 7, 7, 7, 7, 7, 7, 7, 7, 7, 7, 7, 7, 7, 7, 7, 7, 7, 7, 7, 7, 7, 4, 1, 4, 4, 4, 4, 4, 4, 4, 4, 4, 4, 4, 4, 4, 4, 4, 4, 4, 4, 6, 6, 6, 6, 6, 6, 6, 6, 6, 6, 6, 6, 6, 6, 6, 6, 6, 6, 6, 6, 6, 1, 1, 1, 1, 1, 1, 1, 1, 1, 1, 1, 1, 1, 1, 1, 1, 1, 1, 1, 1, 1, 4, 4, 4, 4, 4, 4, 4, 4, 4, 4, 4, 4, 4, 4, 4, 4, 4, 4, 4, 4, 3, 3, 3, 3, 3, 3, 3, 3, 3, 3, 3, 3, 3, 3, 3, 3, 3, 3, 3, 3, 3, 2, 2, 2, 2, 2, 2, 2, 2, 2, 2, 2, 2, 2, 2, 2, 2, 2, 2, 2, 2, 2, 3, 3, 3, 3, 3, 3, 3, 3, 3, 3, 3, 3, 3, 3, 3, 3, 3, 3, 3, 3, 3, 3], "davies_bouldin": 1.656594, "calinski_harabasz": 25.372841, "silhouette_coefficient": 0.172941, "cluster_acc": 0.7277, "rand_index": 0.946585, "adjusted_rand_index": 0.729761, "mutual_info": 1.978348, "normalized_mutual_info": 0.887463, "adjusted_mutual_info": 0.87519, "homogeneity": 0.859518, "completeness": 0.917286, "v_measure": 0.887463, "h_c_v_m": [0.859518, 0.917286, 0.887463], "fowlkes_mallows_index": 0.766198}