{"center": [127, 30, 159, 148, 182, 57, 101, 72, 0, 201], "label": [8, 1, 8, 8, 1, 8, 8, 8, 8, 8, 8, 8, 8, 8, 3, 3, 3, 3, 8, 8, 8, 8, 8, 1, 1, 1, 1, 1, 1, 1, 1, 1, 1, 1, 1, 1, 1, 1, 1, 1, 1, 1, 1, 1, 1, 5, 5, 5, 5, 5, 5, 5, 5, 5, 5, 5, 5, 5, 5, 5, 5, 5, 5, 5, 5, 5, 5, 7, 8, 7, 7, 7, 7, 7, 7, 7, 7, 7, 7, 7, 7, 7, 7, 7, 7, 7, 7, 6, 6, 6, 6, 6, 6, 6, 6, 6, 6, 6, 6, 6, 6, 6, 6, 6, 6, 6, 6, 6, 0, 0, 0, 0, 0, 0, 0, 0, 0, 0, 0, 0, 0, 0, 0, 0, 0, 0, 0, 0, 0, 3, 3, 3, 3, 3, 3, 3, 3, 3, 3, 3, 3, 3, 3, 3, 3, 3, 3, 3, 3, 2, 2, 2, 2, 2, 2, 2, 2, 2, 2, 2, 2, 2, 2, 2, 2, 2, 2, 2, 2, 2, 4, 4, 4, 4, 4, 4, 4, 4, 4, 4, 4, 4, 4, 4, 4, 4, 4, 4, 4, 4, 4, 5, 5, 5, 5, 5, 5, 5, 2, 2, 2, 5, 5, 5, 2, 2, 2, 5, 5, 5, 5, 5, 5], "davies_bouldin": 1.546472, "calinski_harabasz": 36.064758, "silhouette_coefficient": 0.246867, "cluster_acc": -1, "rand_index": 0.962618, "adjusted_rand_index": 0.8007, "mutual_info": 2.011903, "normalized_mutual_info": 0.899644, "adjusted_mutual_info": 0.890087, "homogeneity": 0.874096, "completeness": 0.926729, "v_measure": 0.899644, "h_c_v_m": [0.874096, 0.926729, 0.899644], "fowlkes_mallows_index": 0.824283}