{"center": [182, 117, 147, 30, 205, 101, 0, 47, 4, 72], "label": [6, 3, 8, 8, 3, 3, 8, 8, 8, 8, 6, 6, 6, 6, 6, 6, 6, 6, 6, 6, 6, 6, 6, 3, 3, 3, 3, 3, 3, 3, 3, 3, 3, 3, 3, 3, 3, 3, 3, 3, 3, 3, 3, 3, 3, 7, 7, 7, 7, 7, 7, 7, 7, 7, 7, 7, 7, 7, 7, 7, 7, 7, 7, 7, 7, 7, 7, 9, 8, 9, 9, 9, 9, 9, 9, 9, 9, 9, 9, 9, 9, 9, 9, 9, 9, 9, 9, 5, 5, 5, 5, 0, 5, 5, 5, 5, 5, 5, 5, 5, 5, 5, 5, 5, 5, 5, 5, 5, 1, 1, 1, 1, 1, 1, 1, 1, 1, 1, 1, 1, 1, 1, 1, 1, 1, 1, 1, 1, 1, 2, 2, 2, 0, 2, 2, 2, 2, 2, 2, 2, 2, 2, 2, 2, 2, 2, 2, 2, 2, 4, 4, 4, 4, 4, 4, 4, 4, 4, 4, 4, 4, 4, 4, 4, 4, 4, 4, 4, 4, 4, 0, 0, 0, 0, 0, 0, 0, 0, 0, 0, 0, 0, 0, 0, 0, 0, 0, 0, 0, 0, 0, 7, 4, 4, 4, 7, 7, 7, 4, 4, 4, 4, 4, 4, 4, 4, 4, 4, 4, 7, 4, 4, 4], "davies_bouldin": 1.561824, "calinski_harabasz": 29.586187, "silhouette_coefficient": 0.217278, "cluster_acc": 0.840376, "rand_index": 0.961511, "adjusted_rand_index": 0.790845, "mutual_info": 2.023331, "normalized_mutual_info": 0.892179, "adjusted_mutual_info": 0.880611, "homogeneity": 0.879061, "completeness": 0.905694, "v_measure": 0.892179, "h_c_v_m": [0.879061, 0.905694, 0.892179], "fowlkes_mallows_index": 0.813845}