{"center": [30, 117, 182, 205, 57, 148, 101, 0, 72, 44], "label": [7, 7, 7, 7, 7, 7, 7, 7, 7, 7, 5, 5, 5, 7, 7, 7, 7, 7, 7, 7, 5, 5, 7, 0, 0, 0, 0, 0, 0, 0, 0, 0, 0, 0, 0, 0, 9, 9, 9, 0, 0, 0, 9, 9, 9, 4, 4, 4, 4, 4, 4, 4, 4, 4, 4, 4, 4, 4, 4, 4, 4, 4, 4, 4, 4, 4, 4, 8, 7, 8, 8, 8, 8, 8, 8, 8, 8, 8, 8, 8, 8, 8, 8, 8, 8, 8, 8, 6, 6, 6, 6, 6, 6, 6, 6, 6, 6, 6, 6, 6, 6, 6, 6, 6, 6, 6, 6, 6, 1, 1, 1, 1, 1, 1, 1, 1, 1, 1, 1, 1, 1, 1, 1, 1, 1, 1, 1, 1, 1, 5, 5, 5, 5, 5, 5, 5, 5, 5, 5, 5, 5, 5, 5, 5, 5, 5, 5, 5, 5, 3, 3, 3, 3, 3, 3, 3, 3, 3, 3, 3, 3, 3, 3, 3, 3, 3, 3, 3, 3, 3, 2, 2, 2, 2, 2, 2, 2, 2, 2, 2, 2, 2, 2, 2, 2, 2, 2, 2, 2, 2, 2, 4, 4, 4, 3, 4, 4, 4, 3, 3, 3, 3, 3, 3, 3, 3, 3, 3, 3, 4, 4, 3, 3], "davies_bouldin": 1.717509, "calinski_harabasz": 29.274087, "silhouette_coefficient": 0.199489, "cluster_acc": 0.840376, "rand_index": 0.959917, "adjusted_rand_index": 0.781159, "mutual_info": 2.032302, "normalized_mutual_info": 0.895801, "adjusted_mutual_info": 0.884677, "homogeneity": 0.882959, "completeness": 0.909022, "v_measure": 0.895801, "h_c_v_m": [0.882959, 0.909022, 0.895801], "fowlkes_mallows_index": 0.804785}