{"center": [71, 161, 4, 45, 108, 27, 203, 142, 184, 100], "label": [2, 2, 2, 2, 2, 2, 2, 2, 2, 2, 7, 7, 7, 2, 7, 7, 7, 7, 7, 7, 7, 7, 2, 5, 5, 5, 5, 5, 5, 5, 5, 5, 5, 5, 5, 5, 5, 5, 5, 5, 5, 5, 5, 5, 5, 3, 3, 3, 3, 3, 3, 3, 3, 3, 3, 3, 3, 3, 3, 3, 3, 3, 3, 3, 3, 3, 3, 0, 2, 0, 0, 0, 0, 0, 0, 0, 0, 0, 0, 0, 0, 0, 0, 0, 0, 0, 0, 9, 9, 9, 9, 9, 9, 9, 9, 9, 9, 9, 9, 9, 9, 9, 9, 9, 9, 9, 9, 9, 4, 4, 4, 4, 4, 4, 4, 4, 4, 4, 4, 4, 4, 4, 4, 4, 4, 4, 4, 4, 4, 7, 7, 7, 7, 7, 7, 7, 7, 7, 7, 7, 7, 7, 7, 7, 7, 7, 7, 7, 7, 1, 1, 1, 1, 1, 1, 1, 1, 1, 1, 1, 1, 1, 1, 1, 1, 1, 1, 1, 1, 1, 8, 8, 8, 8, 8, 8, 8, 8, 8, 8, 8, 8, 8, 8, 8, 8, 8, 8, 8, 8, 8, 6, 6, 6, 6, 6, 6, 6, 1, 1, 1, 6, 6, 6, 1, 1, 1, 6, 6, 6, 6, 6, 6], "davies_bouldin": 1.464265, "calinski_harabasz": 39.254713, "silhouette_coefficient": 0.273577, "cluster_acc": 0.915493, "rand_index": 0.973204, "adjusted_rand_index": 0.848981, "mutual_info": 2.123339, "normalized_mutual_info": 0.927437, "adjusted_mutual_info": 0.919683, "homogeneity": 0.922511, "completeness": 0.932416, "v_measure": 0.927437, "h_c_v_m": [0.922511, 0.932416, 0.927437], "fowlkes_mallows_index": 0.8641}