{"center": [182, 117, 30, 205, 136, 13, 100, 47, 4, 95], "label": [5, 8, 8, 8, 8, 8, 8, 8, 8, 8, 4, 5, 5, 5, 5, 5, 5, 5, 5, 5, 5, 4, 5, 2, 2, 2, 2, 2, 2, 2, 2, 2, 2, 2, 2, 2, 2, 2, 2, 2, 2, 2, 2, 2, 2, 7, 7, 7, 7, 7, 7, 7, 7, 7, 7, 7, 7, 7, 7, 7, 7, 7, 7, 7, 7, 7, 7, 4, 1, 4, 4, 4, 4, 4, 4, 4, 4, 4, 4, 4, 4, 4, 4, 4, 4, 4, 4, 6, 6, 6, 6, 6, 6, 6, 6, 9, 6, 6, 6, 6, 6, 6, 6, 6, 6, 6, 6, 6, 1, 1, 1, 1, 1, 1, 1, 1, 1, 1, 1, 1, 1, 1, 1, 1, 1, 1, 1, 1, 1, 4, 4, 4, 4, 4, 4, 4, 4, 4, 4, 4, 4, 4, 4, 4, 4, 4, 4, 4, 4, 3, 3, 3, 3, 3, 3, 3, 3, 3, 3, 3, 3, 3, 3, 3, 3, 3, 3, 3, 3, 3, 0, 0, 0, 0, 0, 0, 0, 0, 0, 0, 0, 0, 0, 0, 0, 0, 0, 0, 0, 0, 0, 3, 3, 3, 3, 3, 3, 3, 3, 3, 3, 3, 3, 3, 3, 3, 3, 3, 3, 3, 3, 3, 3], "davies_bouldin": 1.491034, "calinski_harabasz": 25.348473, "silhouette_coefficient": 0.194025, "cluster_acc": 0.751174, "rand_index": 0.949951, "adjusted_rand_index": 0.750228, "mutual_info": 1.978348, "normalized_mutual_info": 0.895831, "adjusted_mutual_info": 0.885128, "homogeneity": 0.859518, "completeness": 0.935348, "v_measure": 0.895831, "h_c_v_m": [0.859518, 0.935348, 0.895831], "fowlkes_mallows_index": 0.786384}