{"center": [127, 41, 60, 138, 159, 170, 72, 101, 12, 0], "label": [9, 1, 1, 9, 1, 1, 9, 9, 9, 9, 8, 8, 8, 9, 3, 3, 8, 3, 3, 8, 8, 6, 9, 1, 1, 1, 1, 1, 1, 1, 1, 1, 1, 1, 1, 1, 1, 1, 1, 1, 1, 1, 1, 1, 1, 2, 2, 2, 2, 2, 2, 2, 2, 2, 2, 2, 2, 2, 2, 2, 2, 2, 2, 2, 2, 2, 2, 6, 9, 6, 6, 6, 6, 6, 6, 6, 6, 6, 6, 6, 6, 6, 6, 6, 6, 6, 6, 7, 7, 7, 7, 7, 7, 7, 7, 7, 7, 7, 7, 7, 7, 7, 7, 7, 7, 7, 7, 7, 0, 0, 0, 0, 0, 0, 0, 0, 0, 0, 0, 0, 0, 0, 0, 0, 0, 0, 0, 0, 0, 3, 3, 3, 3, 3, 3, 3, 3, 3, 3, 3, 3, 3, 3, 3, 3, 3, 3, 3, 3, 4, 4, 4, 4, 4, 4, 4, 4, 4, 4, 4, 4, 4, 4, 4, 4, 4, 4, 4, 4, 4, 5, 5, 5, 5, 5, 5, 5, 5, 5, 5, 5, 5, 5, 5, 5, 5, 5, 5, 5, 5, 5, 4, 4, 4, 4, 4, 4, 4, 4, 4, 4, 4, 4, 4, 4, 4, 4, 4, 4, 4, 4, 4, 4], "davies_bouldin": 1.582532, "calinski_harabasz": 28.903062, "silhouette_coefficient": 0.203496, "cluster_acc": 0.826291, "rand_index": 0.96129, "adjusted_rand_index": 0.795412, "mutual_info": 2.025265, "normalized_mutual_info": 0.899412, "adjusted_mutual_info": 0.888603, "homogeneity": 0.879902, "completeness": 0.919806, "v_measure": 0.899412, "h_c_v_m": [0.879902, 0.919806, 0.899412], "fowlkes_mallows_index": 0.820343}