{"center": [39, 79, 162, 60, 138, 125, 180, 196, 101, 11], "label": [5, 5, 5, 5, 5, 5, 5, 5, 5, 5, 9, 9, 9, 5, 9, 9, 9, 9, 9, 9, 9, 9, 5, 0, 0, 0, 0, 0, 0, 0, 0, 0, 0, 0, 0, 0, 0, 0, 0, 0, 0, 0, 0, 0, 0, 3, 3, 3, 3, 3, 3, 3, 3, 3, 3, 3, 3, 3, 3, 3, 3, 3, 3, 3, 3, 3, 3, 1, 5, 1, 1, 1, 1, 1, 1, 1, 1, 1, 1, 1, 1, 1, 1, 1, 1, 1, 1, 8, 8, 8, 8, 8, 8, 8, 8, 8, 8, 8, 8, 8, 8, 8, 8, 8, 8, 8, 8, 8, 5, 5, 5, 5, 5, 5, 5, 5, 5, 5, 5, 5, 5, 5, 5, 5, 5, 5, 5, 5, 5, 4, 4, 4, 4, 4, 4, 4, 4, 4, 4, 4, 4, 4, 4, 4, 4, 4, 4, 4, 4, 2, 2, 2, 2, 2, 2, 2, 2, 2, 2, 2, 2, 2, 2, 2, 2, 2, 2, 2, 2, 2, 6, 6, 6, 6, 6, 6, 6, 6, 6, 6, 6, 6, 6, 6, 6, 6, 6, 6, 6, 6, 6, 7, 7, 7, 7, 7, 7, 7, 2, 2, 2, 7, 7, 7, 2, 2, 2, 7, 7, 7, 7, 7, 7], "davies_bouldin": 1.562481, "calinski_harabasz": 38.037017, "silhouette_coefficient": 0.25945, "cluster_acc": 0.910798, "rand_index": 0.970857, "adjusted_rand_index": 0.837489, "mutual_info": 2.111814, "normalized_mutual_info": 0.924731, "adjusted_mutual_info": 0.916667, "homogeneity": 0.917504, "completeness": 0.932072, "v_measure": 0.924731, "h_c_v_m": [0.917504, 0.932072, 0.924731], "fowlkes_mallows_index": 0.854216}