{"center": [30, 127, 148, 182, 205, 57, 101, 0, 72, 44], "label": [7, 7, 7, 7, 7, 7, 7, 7, 7, 7, 2, 2, 2, 7, 2, 2, 2, 2, 2, 2, 2, 2, 7, 0, 0, 0, 0, 0, 0, 0, 0, 0, 0, 0, 0, 0, 9, 9, 9, 0, 0, 0, 9, 9, 9, 5, 5, 5, 5, 5, 5, 5, 5, 5, 5, 5, 5, 5, 5, 5, 5, 5, 5, 5, 5, 5, 5, 2, 7, 8, 2, 2, 2, 8, 8, 2, 8, 2, 2, 2, 2, 2, 8, 8, 8, 8, 2, 6, 6, 6, 6, 6, 6, 6, 6, 6, 6, 6, 6, 6, 6, 6, 6, 6, 6, 6, 6, 6, 1, 1, 1, 1, 1, 1, 1, 1, 1, 1, 1, 1, 1, 1, 1, 1, 1, 1, 1, 1, 2, 2, 2, 2, 2, 2, 2, 2, 2, 2, 2, 2, 2, 2, 2, 2, 2, 2, 2, 2, 2, 4, 4, 4, 4, 4, 4, 4, 4, 4, 4, 4, 4, 4, 4, 4, 4, 4, 4, 4, 4, 4, 3, 3, 3, 3, 3, 3, 3, 3, 3, 3, 3, 3, 3, 3, 3, 3, 3, 3, 3, 3, 3, 5, 4, 4, 4, 5, 5, 5, 4, 4, 4, 4, 4, 4, 4, 4, 4, 4, 4, 5, 5, 4, 4], "davies_bouldin": 1.653927, "calinski_harabasz": 25.593426, "silhouette_coefficient": 0.147938, "cluster_acc": 0.755869, "rand_index": 0.932058, "adjusted_rand_index": 0.653502, "mutual_info": 1.867682, "normalized_mutual_info": 0.836889, "adjusted_mutual_info": 0.819174, "homogeneity": 0.811438, "completeness": 0.863989, "v_measure": 0.836889, "h_c_v_m": [0.811438, 0.863989, 0.836889], "fowlkes_mallows_index": 0.696644}