{"center": [30, 127, 148, 182, 205, 57, 101, 72, 0, 122], "label": [8, 0, 8, 8, 0, 0, 8, 8, 8, 8, 8, 8, 8, 8, 8, 8, 8, 8, 8, 8, 8, 8, 8, 0, 0, 0, 0, 0, 0, 0, 0, 0, 0, 0, 0, 0, 0, 0, 0, 0, 0, 0, 0, 0, 0, 5, 5, 5, 5, 5, 5, 5, 5, 5, 5, 5, 5, 5, 5, 5, 5, 5, 5, 5, 5, 5, 5, 7, 8, 7, 7, 7, 7, 7, 7, 7, 7, 7, 7, 7, 7, 7, 7, 7, 7, 7, 7, 6, 6, 6, 6, 6, 3, 6, 6, 6, 6, 6, 6, 6, 6, 6, 6, 6, 6, 6, 6, 6, 1, 1, 1, 1, 1, 1, 1, 1, 1, 1, 1, 1, 9, 9, 9, 1, 1, 1, 1, 1, 1, 2, 2, 2, 2, 2, 2, 2, 2, 2, 2, 2, 2, 2, 2, 2, 2, 2, 2, 7, 2, 4, 4, 4, 4, 4, 4, 4, 4, 4, 4, 4, 4, 4, 4, 4, 4, 4, 4, 4, 4, 4, 3, 3, 3, 3, 3, 3, 3, 3, 3, 3, 3, 3, 3, 3, 3, 3, 3, 3, 3, 3, 3, 5, 4, 5, 4, 5, 5, 5, 4, 4, 4, 4, 4, 5, 4, 4, 4, 4, 4, 5, 4, 4, 5], "davies_bouldin": 1.570052, "calinski_harabasz": 29.028172, "silhouette_coefficient": 0.196679, "cluster_acc": 0.85446, "rand_index": 0.961024, "adjusted_rand_index": 0.788895, "mutual_info": 2.009748, "normalized_mutual_info": 0.889752, "adjusted_mutual_info": 0.878224, "homogeneity": 0.87316, "completeness": 0.906987, "v_measure": 0.889752, "h_c_v_m": [0.87316, 0.906987, 0.889752], "fowlkes_mallows_index": 0.812344}