{"center": [127, 41, 60, 138, 159, 170, 72, 101, 0, 201], "label": [8, 1, 8, 8, 8, 8, 8, 8, 8, 8, 8, 8, 8, 8, 3, 3, 3, 3, 8, 8, 8, 6, 8, 1, 1, 1, 1, 1, 1, 1, 1, 1, 1, 1, 1, 1, 1, 1, 1, 1, 1, 1, 1, 1, 1, 2, 2, 2, 2, 2, 2, 2, 2, 2, 2, 2, 2, 2, 2, 2, 2, 2, 2, 2, 2, 2, 2, 6, 8, 6, 6, 6, 6, 6, 6, 6, 6, 6, 6, 6, 6, 6, 6, 6, 6, 6, 6, 7, 7, 7, 7, 7, 7, 7, 7, 7, 7, 7, 7, 7, 7, 7, 7, 7, 7, 7, 7, 7, 0, 0, 0, 0, 0, 0, 0, 0, 0, 0, 0, 0, 0, 0, 0, 0, 0, 0, 0, 0, 0, 3, 3, 3, 3, 3, 3, 3, 3, 3, 3, 3, 3, 3, 3, 3, 3, 3, 3, 3, 3, 4, 4, 4, 4, 4, 4, 4, 4, 4, 4, 4, 4, 4, 4, 4, 4, 4, 4, 4, 4, 4, 5, 5, 5, 5, 5, 5, 5, 5, 5, 5, 5, 5, 5, 5, 5, 5, 5, 5, 5, 5, 5, 9, 9, 9, 9, 9, 9, 9, 4, 4, 4, 9, 9, 9, 4, 4, 4, 9, 9, 9, 9, 9, 9], "davies_bouldin": 1.492775, "calinski_harabasz": 38.650067, "silhouette_coefficient": 0.268044, "cluster_acc": 0.938967, "rand_index": 0.978297, "adjusted_rand_index": 0.875859, "mutual_info": 2.127697, "normalized_mutual_info": 0.926099, "adjusted_mutual_info": 0.918236, "homogeneity": 0.924405, "completeness": 0.927799, "v_measure": 0.926099, "h_c_v_m": [0.924405, 0.927799, 0.926099], "fowlkes_mallows_index": 0.887905}