{"center": [182, 117, 30, 205, 136, 13, 100, 4, 47, 95], "label": [5, 2, 7, 7, 2, 2, 7, 7, 7, 7, 5, 5, 5, 5, 5, 5, 5, 5, 5, 5, 5, 4, 5, 2, 2, 2, 2, 2, 2, 2, 2, 2, 2, 2, 2, 2, 2, 2, 2, 2, 2, 2, 2, 2, 2, 8, 8, 8, 8, 8, 8, 8, 8, 8, 8, 8, 8, 8, 8, 8, 8, 8, 8, 8, 8, 8, 8, 4, 1, 4, 4, 4, 4, 4, 4, 4, 4, 4, 4, 4, 4, 4, 4, 4, 4, 4, 4, 6, 6, 6, 6, 6, 0, 6, 6, 9, 6, 6, 6, 6, 6, 6, 6, 6, 6, 6, 6, 6, 1, 1, 1, 1, 1, 1, 1, 1, 1, 1, 1, 1, 1, 1, 1, 1, 1, 1, 1, 1, 1, 4, 4, 4, 4, 4, 4, 4, 4, 4, 4, 4, 4, 4, 4, 4, 4, 4, 4, 4, 4, 3, 3, 3, 3, 3, 3, 3, 3, 3, 3, 3, 3, 3, 3, 3, 3, 3, 3, 3, 3, 3, 0, 0, 0, 0, 0, 0, 0, 0, 0, 0, 0, 0, 0, 0, 0, 0, 0, 0, 0, 0, 0, 8, 3, 3, 3, 8, 3, 8, 3, 3, 3, 3, 3, 3, 3, 3, 3, 3, 3, 8, 3, 3, 8], "davies_bouldin": 1.527816, "calinski_harabasz": 24.656148, "silhouette_coefficient": 0.1765, "cluster_acc": 0.746479, "rand_index": 0.942688, "adjusted_rand_index": 0.710984, "mutual_info": 1.888214, "normalized_mutual_info": 0.854878, "adjusted_mutual_info": 0.840147, "homogeneity": 0.820358, "completeness": 0.892431, "v_measure": 0.854878, "h_c_v_m": [0.820358, 0.892431, 0.854878], "fowlkes_mallows_index": 0.749721}