{"center": [30, 117, 147, 182, 205, 57, 101, 0, 72, 10], "label": [7, 7, 7, 7, 7, 0, 7, 7, 7, 7, 9, 9, 9, 7, 7, 7, 7, 7, 7, 7, 9, 9, 7, 0, 0, 0, 0, 0, 0, 0, 0, 0, 0, 0, 0, 0, 0, 0, 0, 0, 0, 0, 0, 0, 0, 5, 5, 5, 5, 5, 5, 5, 5, 5, 5, 5, 5, 5, 5, 5, 5, 5, 5, 5, 5, 5, 5, 8, 7, 8, 8, 8, 8, 8, 8, 8, 8, 8, 8, 8, 8, 8, 8, 8, 8, 8, 8, 6, 6, 6, 6, 6, 6, 6, 6, 6, 6, 6, 6, 6, 6, 6, 6, 6, 6, 6, 6, 6, 1, 1, 1, 1, 1, 1, 1, 1, 1, 1, 1, 1, 1, 1, 1, 1, 1, 1, 1, 1, 1, 2, 2, 2, 2, 2, 2, 2, 2, 2, 2, 2, 2, 2, 2, 2, 2, 2, 2, 2, 2, 4, 4, 4, 4, 4, 4, 4, 4, 4, 4, 4, 4, 4, 4, 4, 4, 4, 4, 4, 4, 4, 3, 3, 3, 3, 3, 3, 3, 3, 3, 3, 3, 3, 3, 3, 3, 3, 3, 3, 3, 3, 3, 5, 4, 5, 4, 5, 5, 5, 4, 4, 4, 4, 4, 4, 4, 4, 4, 4, 4, 5, 5, 4, 5], "davies_bouldin": 1.661926, "calinski_harabasz": 29.96897, "silhouette_coefficient": 0.214981, "cluster_acc": 0.86385, "rand_index": 0.966915, "adjusted_rand_index": 0.819365, "mutual_info": 2.071984, "normalized_mutual_info": 0.913837, "adjusted_mutual_info": 0.904687, "homogeneity": 0.900199, "completeness": 0.927894, "v_measure": 0.913837, "h_c_v_m": [0.900199, 0.927894, 0.913837], "fowlkes_mallows_index": 0.83917}