{"center": [125, 161, 60, 39, 141, 170, 72, 101, 12, 0], "label": [9, 9, 9, 9, 9, 9, 9, 9, 9, 9, 8, 8, 8, 9, 4, 4, 8, 8, 8, 8, 4, 6, 9, 3, 3, 3, 3, 3, 3, 3, 3, 3, 3, 3, 3, 3, 3, 3, 3, 3, 3, 3, 3, 3, 3, 2, 2, 2, 2, 2, 2, 2, 2, 2, 2, 2, 2, 2, 2, 2, 2, 2, 2, 2, 2, 2, 2, 6, 9, 6, 6, 6, 6, 6, 6, 6, 6, 6, 6, 6, 6, 6, 6, 6, 6, 6, 6, 7, 7, 7, 7, 7, 7, 7, 7, 0, 7, 7, 7, 7, 7, 7, 7, 7, 7, 7, 7, 7, 0, 0, 0, 0, 0, 0, 0, 0, 0, 0, 0, 0, 0, 0, 0, 0, 0, 0, 0, 0, 0, 4, 4, 4, 4, 4, 4, 4, 4, 4, 4, 4, 4, 4, 4, 4, 4, 4, 4, 4, 4, 1, 1, 1, 1, 1, 1, 1, 1, 1, 1, 1, 1, 1, 1, 1, 1, 1, 1, 1, 1, 1, 5, 5, 5, 5, 5, 5, 5, 5, 5, 5, 5, 5, 5, 5, 5, 5, 5, 5, 5, 5, 5, 1, 1, 1, 1, 1, 1, 1, 1, 1, 1, 1, 1, 1, 1, 1, 1, 1, 1, 1, 1, 1, 1], "davies_bouldin": 1.55439, "calinski_harabasz": 29.849881, "silhouette_coefficient": 0.219688, "cluster_acc": 0.840376, "rand_index": 0.96563, "adjusted_rand_index": 0.815985, "mutual_info": 2.065716, "normalized_mutual_info": 0.913209, "adjusted_mutual_info": 0.903858, "homogeneity": 0.897476, "completeness": 0.929503, "v_measure": 0.913209, "h_c_v_m": [0.897476, 0.929503, 0.913209], "fowlkes_mallows_index": 0.837657}