{"center": [39, 125, 159, 60, 141, 170, 72, 101, 12, 0], "label": [9, 9, 9, 9, 9, 9, 9, 9, 9, 9, 8, 8, 8, 7, 4, 4, 4, 4, 8, 8, 8, 6, 9, 0, 0, 0, 0, 0, 0, 0, 0, 0, 0, 0, 0, 0, 0, 0, 0, 0, 0, 0, 0, 0, 0, 3, 3, 3, 3, 3, 3, 3, 3, 3, 3, 3, 3, 3, 3, 3, 3, 3, 3, 3, 3, 3, 3, 6, 9, 6, 6, 6, 6, 6, 6, 6, 6, 6, 6, 6, 6, 6, 6, 6, 6, 6, 6, 7, 7, 7, 7, 7, 7, 7, 7, 7, 7, 7, 7, 7, 7, 7, 7, 7, 7, 7, 7, 7, 1, 1, 1, 1, 1, 1, 1, 1, 1, 1, 1, 1, 1, 1, 1, 1, 1, 1, 1, 1, 1, 4, 4, 4, 4, 4, 4, 4, 4, 4, 4, 4, 4, 4, 4, 4, 4, 4, 4, 4, 4, 2, 2, 2, 2, 2, 2, 2, 2, 2, 2, 2, 2, 2, 2, 2, 2, 2, 2, 2, 2, 2, 5, 5, 5, 5, 5, 5, 5, 5, 5, 5, 5, 5, 5, 5, 5, 5, 5, 5, 5, 5, 5, 2, 2, 2, 2, 2, 2, 2, 2, 2, 2, 2, 2, 2, 2, 2, 2, 2, 2, 2, 2, 2, 2], "davies_bouldin": 1.573952, "calinski_harabasz": 29.698687, "silhouette_coefficient": 0.217905, "cluster_acc": 0.840376, "rand_index": 0.965054, "adjusted_rand_index": 0.813794, "mutual_info": 2.057152, "normalized_mutual_info": 0.911107, "adjusted_mutual_info": 0.901554, "homogeneity": 0.893756, "completeness": 0.929146, "v_measure": 0.911107, "h_c_v_m": [0.893756, 0.929146, 0.911107], "fowlkes_mallows_index": 0.836109}