{"center": [30, 127, 148, 182, 205, 57, 101, 0, 72, 122], "label": [7, 0, 7, 7, 0, 0, 7, 7, 7, 7, 7, 7, 7, 7, 7, 7, 7, 7, 7, 7, 7, 7, 7, 0, 0, 0, 0, 0, 0, 0, 0, 0, 0, 0, 0, 0, 0, 0, 0, 0, 0, 0, 0, 0, 0, 5, 5, 5, 5, 5, 5, 5, 5, 5, 5, 5, 5, 5, 5, 5, 5, 5, 5, 5, 5, 5, 5, 8, 7, 8, 8, 8, 8, 8, 8, 8, 8, 8, 8, 8, 8, 8, 8, 8, 8, 8, 8, 6, 6, 6, 6, 6, 6, 6, 6, 6, 6, 6, 6, 6, 6, 6, 6, 6, 6, 6, 6, 6, 1, 1, 1, 1, 1, 1, 1, 1, 1, 1, 1, 1, 9, 9, 9, 1, 1, 1, 1, 1, 1, 2, 2, 2, 2, 2, 2, 2, 2, 2, 2, 2, 2, 2, 2, 2, 2, 2, 2, 2, 2, 4, 4, 4, 4, 4, 4, 4, 4, 4, 4, 4, 4, 4, 4, 4, 4, 4, 4, 4, 4, 4, 3, 3, 3, 3, 3, 3, 3, 3, 3, 3, 3, 3, 3, 3, 3, 3, 3, 3, 3, 3, 3, 5, 4, 5, 4, 5, 5, 5, 4, 4, 4, 4, 4, 5, 4, 4, 4, 4, 4, 5, 5, 4, 5], "davies_bouldin": 1.561458, "calinski_harabasz": 29.684792, "silhouette_coefficient": 0.201728, "cluster_acc": 0.86385, "rand_index": 0.964257, "adjusted_rand_index": 0.80622, "mutual_info": 2.045891, "normalized_mutual_info": 0.905593, "adjusted_mutual_info": 0.895724, "homogeneity": 0.888863, "completeness": 0.922964, "v_measure": 0.905593, "h_c_v_m": [0.888863, 0.922964, 0.905593], "fowlkes_mallows_index": 0.827855}