{"center": [127, 201, 30, 148, 159, 182, 57, 101, 72, 0], "label": [8, 1, 8, 8, 1, 1, 8, 8, 8, 8, 8, 8, 8, 8, 8, 8, 8, 8, 8, 8, 8, 7, 8, 1, 1, 1, 1, 1, 1, 1, 1, 1, 1, 1, 1, 1, 1, 1, 1, 1, 1, 1, 1, 1, 1, 5, 5, 5, 5, 5, 5, 5, 5, 5, 5, 5, 5, 5, 5, 5, 5, 5, 5, 5, 5, 5, 5, 7, 8, 7, 7, 7, 7, 7, 7, 7, 7, 7, 7, 7, 7, 7, 7, 7, 7, 7, 7, 6, 6, 6, 6, 6, 6, 6, 6, 0, 6, 6, 6, 6, 6, 6, 6, 6, 6, 6, 6, 6, 0, 0, 0, 0, 0, 0, 0, 0, 0, 0, 0, 0, 0, 0, 0, 0, 0, 0, 0, 0, 0, 2, 2, 2, 2, 2, 2, 2, 2, 2, 2, 2, 2, 2, 2, 2, 2, 2, 2, 2, 2, 3, 3, 3, 3, 3, 3, 3, 3, 3, 3, 3, 3, 3, 3, 3, 3, 3, 3, 3, 3, 3, 4, 4, 4, 4, 4, 4, 4, 4, 4, 4, 4, 4, 4, 4, 4, 4, 4, 4, 4, 4, 4, 5, 5, 5, 5, 5, 5, 5, 3, 3, 3, 5, 5, 5, 3, 3, 3, 5, 5, 5, 5, 5, 5], "davies_bouldin": 1.551848, "calinski_harabasz": 35.765843, "silhouette_coefficient": 0.245673, "cluster_acc": -1, "rand_index": 0.963814, "adjusted_rand_index": 0.806891, "mutual_info": 2.013677, "normalized_mutual_info": 0.900197, "adjusted_mutual_info": 0.890696, "homogeneity": 0.874867, "completeness": 0.927037, "v_measure": 0.900197, "h_c_v_m": [0.874867, 0.927037, 0.900197], "fowlkes_mallows_index": 0.829765}