{"center": [39, 125, 161, 141, 55, 81, 170, 101, 12, 0], "label": [9, 9, 9, 9, 9, 9, 9, 9, 9, 9, 3, 3, 3, 9, 3, 3, 3, 8, 8, 8, 3, 8, 9, 0, 0, 0, 0, 0, 0, 0, 0, 0, 0, 0, 0, 0, 0, 0, 0, 0, 0, 0, 0, 0, 0, 4, 4, 4, 4, 4, 4, 4, 4, 4, 4, 4, 4, 4, 4, 4, 4, 4, 4, 4, 4, 4, 4, 5, 9, 5, 5, 5, 5, 5, 5, 5, 5, 5, 5, 5, 5, 5, 5, 5, 5, 5, 5, 7, 7, 7, 7, 7, 7, 7, 7, 7, 7, 7, 7, 7, 7, 7, 7, 7, 7, 7, 7, 7, 1, 1, 1, 1, 1, 1, 1, 1, 1, 1, 1, 1, 1, 1, 1, 1, 1, 1, 1, 1, 1, 3, 3, 3, 3, 3, 3, 3, 3, 3, 3, 3, 3, 3, 3, 3, 3, 3, 3, 3, 3, 2, 2, 2, 2, 2, 2, 2, 2, 2, 2, 2, 2, 2, 2, 2, 2, 2, 2, 2, 2, 2, 6, 6, 6, 6, 6, 6, 6, 6, 6, 6, 6, 6, 6, 6, 6, 6, 6, 6, 6, 6, 6, 2, 2, 2, 2, 2, 2, 2, 2, 2, 2, 2, 2, 2, 2, 2, 2, 2, 2, 2, 2, 2, 2], "davies_bouldin": 1.557946, "calinski_harabasz": 29.578328, "silhouette_coefficient": 0.217836, "cluster_acc": 0.84507, "rand_index": 0.964877, "adjusted_rand_index": 0.814197, "mutual_info": 2.072724, "normalized_mutual_info": 0.920872, "adjusted_mutual_info": 0.91245, "homogeneity": 0.900521, "completeness": 0.942164, "v_measure": 0.920872, "h_c_v_m": [0.900521, 0.942164, 0.920872], "fowlkes_mallows_index": 0.837141}