{"center": [30, 127, 147, 182, 205, 101, 0, 47, 72, 95], "label": [6, 0, 6, 6, 0, 0, 6, 6, 6, 6, 6, 6, 6, 6, 6, 6, 6, 6, 6, 6, 6, 6, 6, 0, 0, 0, 0, 0, 0, 0, 0, 0, 0, 0, 0, 0, 0, 0, 0, 0, 0, 0, 0, 0, 0, 7, 7, 7, 7, 7, 7, 7, 7, 7, 7, 7, 7, 7, 7, 7, 7, 7, 7, 7, 7, 7, 7, 8, 6, 8, 8, 8, 8, 8, 8, 8, 8, 8, 8, 8, 8, 8, 8, 8, 8, 8, 8, 5, 5, 5, 5, 5, 3, 5, 5, 9, 5, 5, 5, 5, 5, 5, 5, 5, 5, 5, 5, 5, 1, 1, 1, 1, 1, 1, 1, 1, 1, 1, 1, 1, 1, 1, 1, 1, 1, 1, 1, 1, 1, 2, 2, 2, 2, 2, 2, 2, 2, 2, 2, 2, 2, 2, 2, 2, 2, 2, 2, 2, 2, 4, 4, 4, 4, 4, 4, 4, 4, 4, 4, 4, 4, 4, 4, 4, 4, 4, 4, 4, 4, 4, 3, 3, 3, 3, 3, 3, 3, 3, 3, 3, 3, 3, 3, 3, 3, 3, 3, 3, 3, 3, 3, 7, 4, 4, 4, 7, 7, 7, 4, 4, 4, 4, 4, 7, 4, 4, 4, 4, 4, 7, 4, 4, 7], "davies_bouldin": 1.509977, "calinski_harabasz": 28.799951, "silhouette_coefficient": 0.218572, "cluster_acc": 0.868545, "rand_index": 0.964612, "adjusted_rand_index": 0.809838, "mutual_info": 2.030616, "normalized_mutual_info": 0.903524, "adjusted_mutual_info": 0.893819, "homogeneity": 0.882227, "completeness": 0.925875, "v_measure": 0.903524, "h_c_v_m": [0.882227, 0.925875, 0.903524], "fowlkes_mallows_index": 0.83182}