{"center": [39, 125, 60, 141, 159, 72, 170, 101, 12, 0], "label": [9, 9, 9, 9, 9, 9, 9, 9, 9, 9, 8, 8, 8, 7, 3, 3, 3, 3, 8, 8, 3, 5, 9, 0, 0, 0, 0, 0, 0, 0, 0, 0, 0, 0, 0, 0, 0, 0, 0, 0, 0, 0, 0, 0, 0, 2, 2, 2, 2, 2, 2, 2, 2, 2, 2, 2, 2, 2, 2, 2, 2, 2, 2, 2, 2, 2, 2, 5, 9, 5, 5, 5, 5, 5, 5, 5, 5, 5, 5, 5, 5, 5, 5, 5, 5, 5, 5, 7, 7, 7, 7, 7, 7, 7, 7, 7, 7, 7, 7, 7, 7, 7, 7, 7, 7, 7, 7, 7, 1, 1, 1, 1, 1, 1, 1, 1, 1, 1, 1, 1, 1, 1, 1, 1, 1, 1, 1, 1, 1, 3, 3, 3, 3, 3, 3, 3, 3, 3, 3, 3, 3, 3, 3, 3, 3, 3, 3, 3, 3, 4, 4, 4, 4, 4, 4, 4, 4, 4, 4, 4, 4, 4, 4, 4, 4, 4, 4, 4, 4, 4, 6, 6, 6, 6, 6, 6, 6, 6, 6, 6, 6, 6, 6, 6, 6, 6, 6, 6, 6, 6, 6, 4, 4, 4, 4, 4, 4, 4, 4, 4, 4, 4, 4, 4, 4, 4, 4, 4, 4, 4, 4, 4, 4], "davies_bouldin": 1.583664, "calinski_harabasz": 29.441169, "silhouette_coefficient": 0.213679, "cluster_acc": 0.840376, "rand_index": 0.964124, "adjusted_rand_index": 0.809528, "mutual_info": 2.049187, "normalized_mutual_info": 0.908992, "adjusted_mutual_info": 0.899251, "homogeneity": 0.890295, "completeness": 0.928492, "v_measure": 0.908992, "h_c_v_m": [0.890295, 0.928492, 0.908992], "fowlkes_mallows_index": 0.832604}