{"center": [41, 127, 141, 159, 72, 57, 170, 101, 0, 201], "label": [8, 8, 8, 8, 8, 8, 8, 8, 8, 8, 8, 8, 8, 8, 2, 2, 2, 8, 8, 8, 8, 8, 8, 0, 0, 0, 0, 0, 0, 0, 0, 0, 0, 0, 0, 0, 0, 0, 0, 0, 0, 0, 0, 0, 0, 5, 5, 5, 5, 5, 5, 5, 5, 5, 5, 5, 5, 5, 5, 5, 5, 5, 5, 5, 5, 5, 5, 4, 8, 4, 4, 4, 4, 4, 4, 4, 4, 4, 4, 4, 4, 4, 4, 4, 4, 4, 4, 7, 7, 7, 7, 7, 7, 7, 7, 7, 7, 7, 7, 7, 7, 7, 7, 7, 7, 7, 7, 7, 1, 1, 1, 1, 1, 1, 1, 1, 1, 1, 1, 1, 1, 1, 1, 1, 1, 1, 1, 1, 1, 2, 2, 2, 2, 2, 2, 2, 2, 2, 2, 2, 2, 2, 2, 2, 2, 2, 2, 2, 2, 3, 3, 3, 3, 3, 3, 3, 3, 3, 3, 3, 3, 3, 3, 3, 3, 3, 3, 3, 3, 3, 6, 6, 6, 6, 6, 6, 6, 6, 6, 6, 6, 6, 6, 6, 6, 6, 6, 6, 6, 6, 6, 9, 9, 9, 9, 9, 9, 9, 3, 3, 3, 9, 9, 9, 3, 3, 3, 9, 9, 9, 9, 9, 9], "davies_bouldin": 1.490352, "calinski_harabasz": 39.177114, "silhouette_coefficient": 0.272005, "cluster_acc": 0.953052, "rand_index": 0.983125, "adjusted_rand_index": 0.903335, "mutual_info": 2.173862, "normalized_mutual_info": 0.945871, "adjusted_mutual_info": 0.940115, "homogeneity": 0.944462, "completeness": 0.947285, "v_measure": 0.945871, "h_c_v_m": [0.944462, 0.947285, 0.945871], "fowlkes_mallows_index": 0.912698}