{"center": [30, 127, 146, 182, 205, 0, 101, 4, 47, 122], "label": [5, 7, 7, 7, 0, 0, 7, 7, 7, 7, 5, 5, 5, 5, 2, 2, 5, 5, 5, 5, 5, 2, 5, 0, 0, 0, 0, 0, 0, 0, 0, 0, 0, 0, 0, 0, 0, 0, 0, 0, 0, 0, 0, 0, 0, 8, 8, 8, 8, 8, 8, 8, 8, 8, 8, 8, 8, 8, 8, 8, 8, 8, 8, 8, 8, 8, 8, 2, 7, 2, 2, 2, 2, 2, 2, 2, 2, 2, 2, 2, 2, 2, 2, 2, 2, 2, 2, 6, 6, 6, 6, 6, 6, 6, 6, 6, 6, 6, 6, 6, 6, 6, 6, 6, 6, 6, 6, 6, 1, 1, 1, 1, 1, 1, 1, 1, 1, 1, 1, 1, 9, 1, 1, 1, 1, 1, 1, 1, 1, 2, 2, 2, 2, 2, 2, 2, 2, 2, 2, 2, 2, 2, 2, 2, 2, 2, 2, 2, 2, 4, 4, 4, 4, 4, 4, 4, 4, 4, 4, 4, 4, 4, 4, 4, 4, 4, 4, 4, 4, 4, 3, 3, 3, 3, 3, 3, 3, 3, 3, 3, 3, 3, 3, 3, 3, 3, 3, 3, 3, 3, 3, 4, 4, 4, 4, 4, 4, 4, 4, 4, 4, 4, 4, 4, 4, 4, 4, 4, 4, 8, 4, 4, 4], "davies_bouldin": 1.552522, "calinski_harabasz": 24.368142, "silhouette_coefficient": 0.151168, "cluster_acc": 0.746479, "rand_index": 0.944902, "adjusted_rand_index": 0.726301, "mutual_info": 1.921642, "normalized_mutual_info": 0.871739, "adjusted_mutual_info": 0.858574, "homogeneity": 0.834882, "completeness": 0.912, "v_measure": 0.871739, "h_c_v_m": [0.834882, 0.912, 0.871739], "fowlkes_mallows_index": 0.76548}