{"center": [30, 127, 72, 159, 57, 182, 101, 147, 0, 201], "label": [8, 0, 8, 8, 8, 8, 8, 8, 8, 8, 8, 8, 8, 8, 7, 7, 8, 8, 8, 8, 8, 8, 8, 0, 0, 0, 0, 0, 0, 0, 0, 0, 0, 0, 0, 0, 0, 0, 0, 0, 0, 0, 0, 0, 0, 4, 4, 4, 4, 4, 4, 4, 4, 4, 4, 4, 4, 4, 4, 4, 4, 4, 4, 4, 4, 4, 4, 2, 8, 2, 2, 2, 2, 2, 2, 2, 2, 2, 2, 2, 2, 2, 2, 2, 2, 2, 2, 6, 6, 6, 6, 6, 6, 6, 6, 6, 6, 6, 6, 6, 6, 6, 6, 6, 6, 6, 6, 6, 1, 1, 1, 1, 1, 1, 1, 1, 1, 1, 1, 1, 1, 1, 1, 1, 1, 1, 1, 1, 1, 7, 7, 7, 7, 7, 7, 7, 7, 7, 7, 7, 7, 7, 7, 7, 7, 7, 7, 7, 7, 3, 3, 3, 3, 3, 3, 3, 3, 3, 3, 3, 3, 3, 3, 3, 3, 3, 3, 3, 3, 3, 5, 5, 5, 5, 5, 5, 5, 5, 5, 5, 5, 5, 5, 5, 5, 5, 5, 5, 5, 5, 5, 9, 9, 9, 9, 9, 9, 9, 3, 3, 3, 9, 9, 9, 3, 3, 3, 9, 9, 9, 9, 9, 9], "davies_bouldin": 1.490675, "calinski_harabasz": 39.017344, "silhouette_coefficient": 0.270693, "cluster_acc": 0.953052, "rand_index": 0.982948, "adjusted_rand_index": 0.902321, "mutual_info": 2.164897, "normalized_mutual_info": 0.94197, "adjusted_mutual_info": 0.935799, "homogeneity": 0.940567, "completeness": 0.943378, "v_measure": 0.94197, "h_c_v_m": [0.940567, 0.943378, 0.94197], "fowlkes_mallows_index": 0.911781}