{"center": [125, 161, 41, 60, 141, 170, 72, 101, 12, 0], "label": [9, 9, 9, 9, 2, 2, 9, 9, 9, 0, 4, 8, 8, 9, 4, 4, 4, 4, 8, 8, 4, 6, 9, 2, 2, 2, 2, 2, 2, 2, 2, 2, 2, 2, 2, 2, 2, 2, 2, 2, 2, 2, 2, 2, 2, 3, 3, 3, 3, 3, 3, 3, 3, 3, 3, 3, 3, 3, 3, 3, 3, 3, 3, 3, 3, 3, 3, 6, 0, 6, 6, 6, 6, 6, 6, 6, 6, 6, 6, 6, 6, 6, 6, 6, 6, 6, 6, 7, 7, 7, 7, 7, 7, 7, 7, 7, 7, 7, 7, 7, 7, 7, 7, 7, 7, 7, 7, 7, 0, 0, 0, 0, 0, 0, 0, 0, 0, 0, 0, 0, 0, 0, 0, 0, 0, 0, 0, 0, 0, 4, 4, 4, 4, 4, 4, 4, 4, 4, 4, 4, 4, 4, 4, 4, 4, 4, 4, 4, 4, 1, 1, 1, 1, 1, 1, 1, 1, 1, 1, 1, 1, 1, 1, 1, 1, 1, 1, 1, 1, 1, 5, 5, 5, 5, 5, 5, 5, 5, 5, 5, 5, 5, 5, 5, 5, 5, 5, 5, 5, 5, 5, 1, 1, 1, 1, 1, 1, 1, 1, 1, 1, 1, 1, 1, 1, 1, 1, 1, 1, 1, 1, 1, 1], "davies_bouldin": 1.583349, "calinski_harabasz": 28.424571, "silhouette_coefficient": 0.198065, "cluster_acc": 0.830986, "rand_index": 0.96005, "adjusted_rand_index": 0.790207, "mutual_info": 2.006508, "normalized_mutual_info": 0.893855, "adjusted_mutual_info": 0.882568, "homogeneity": 0.871752, "completeness": 0.917107, "v_measure": 0.893855, "h_c_v_m": [0.871752, 0.917107, 0.893855], "fowlkes_mallows_index": 0.816298}