{"center": [127, 201, 140, 30, 182, 57, 101, 72, 0, 206], "label": [7, 2, 7, 7, 7, 7, 7, 7, 7, 7, 1, 1, 1, 7, 1, 1, 1, 1, 1, 1, 1, 1, 7, 2, 2, 2, 2, 2, 2, 2, 2, 2, 2, 2, 2, 2, 2, 2, 2, 2, 2, 2, 2, 2, 2, 4, 4, 4, 4, 4, 4, 4, 4, 4, 4, 4, 4, 4, 4, 4, 4, 4, 4, 4, 4, 4, 4, 6, 7, 6, 6, 6, 6, 6, 6, 1, 6, 6, 6, 6, 6, 6, 6, 6, 6, 6, 6, 5, 5, 5, 5, 5, 5, 5, 5, 5, 5, 5, 5, 5, 5, 5, 5, 5, 5, 5, 5, 5, 0, 0, 0, 0, 0, 0, 0, 0, 0, 0, 0, 0, 0, 0, 0, 0, 0, 0, 0, 0, 0, 1, 1, 1, 1, 1, 1, 1, 1, 1, 1, 1, 1, 1, 1, 1, 1, 1, 1, 1, 1, 8, 8, 8, 8, 8, 8, 8, 8, 8, 8, 8, 8, 8, 8, 8, 8, 8, 8, 8, 8, 8, 3, 2, 3, 3, 3, 3, 3, 3, 3, 3, 3, 3, 3, 3, 3, 3, 3, 3, 3, 2, 2, 4, 4, 4, 4, 4, 4, 4, 8, 8, 8, 4, 4, 4, 8, 8, 8, 4, 4, 4, 4, 4, 4], "davies_bouldin": 1.548588, "calinski_harabasz": 35.088709, "silhouette_coefficient": 0.231392, "cluster_acc": -1, "rand_index": 0.948578, "adjusted_rand_index": 0.73133, "mutual_info": 1.918446, "normalized_mutual_info": 0.862411, "adjusted_mutual_info": 0.849223, "homogeneity": 0.833493, "completeness": 0.893407, "v_measure": 0.862411, "h_c_v_m": [0.833493, 0.893407, 0.862411], "fowlkes_mallows_index": 0.763892}