{"center": [30, 127, 148, 182, 206, 57, 101, 72, 0, 201], "label": [8, 0, 8, 8, 8, 0, 8, 8, 8, 8, 2, 2, 2, 8, 2, 2, 2, 2, 2, 2, 2, 2, 8, 0, 0, 0, 0, 0, 0, 0, 0, 0, 0, 0, 0, 0, 0, 0, 0, 0, 0, 0, 0, 0, 0, 5, 5, 5, 5, 5, 5, 5, 5, 5, 5, 5, 5, 5, 5, 5, 5, 5, 5, 5, 5, 5, 5, 7, 8, 2, 2, 2, 2, 2, 2, 2, 7, 7, 2, 2, 2, 2, 7, 7, 7, 7, 2, 6, 6, 6, 6, 6, 6, 6, 6, 6, 6, 6, 6, 6, 6, 6, 6, 6, 6, 6, 6, 6, 1, 1, 1, 1, 1, 1, 1, 1, 1, 1, 1, 1, 1, 1, 1, 1, 1, 1, 1, 1, 2, 2, 2, 2, 2, 2, 2, 2, 2, 2, 2, 2, 2, 2, 2, 2, 2, 2, 2, 2, 2, 4, 4, 4, 4, 4, 4, 4, 4, 4, 4, 4, 4, 4, 4, 4, 4, 4, 4, 4, 4, 4, 3, 3, 3, 3, 3, 3, 3, 3, 3, 3, 3, 3, 3, 3, 3, 3, 3, 3, 3, 3, 3, 5, 5, 5, 5, 5, 5, 5, 4, 4, 4, 5, 5, 5, 4, 4, 4, 5, 5, 5, 5, 5, 5], "davies_bouldin": 1.548708, "calinski_harabasz": 31.055546, "silhouette_coefficient": 0.187061, "cluster_acc": -1, "rand_index": 0.931881, "adjusted_rand_index": 0.662696, "mutual_info": 1.828478, "normalized_mutual_info": 0.833581, "adjusted_mutual_info": 0.817485, "homogeneity": 0.794405, "completeness": 0.876822, "v_measure": 0.833581, "h_c_v_m": [0.794405, 0.876822, 0.833581], "fowlkes_mallows_index": 0.708668}