{"center": [127, 41, 159, 148, 57, 170, 72, 101, 0, 201], "label": [8, 1, 8, 8, 8, 8, 8, 8, 8, 8, 8, 8, 8, 8, 3, 3, 3, 3, 8, 8, 8, 8, 8, 1, 1, 1, 1, 1, 1, 1, 1, 1, 1, 1, 1, 1, 1, 1, 1, 1, 1, 1, 1, 1, 1, 4, 4, 4, 4, 4, 4, 4, 4, 4, 4, 4, 4, 4, 4, 4, 4, 4, 4, 4, 4, 4, 4, 6, 8, 6, 6, 6, 6, 6, 6, 6, 6, 6, 6, 6, 6, 6, 6, 6, 6, 6, 6, 7, 7, 7, 7, 7, 7, 7, 7, 7, 7, 7, 7, 7, 7, 7, 7, 7, 7, 7, 7, 7, 0, 0, 0, 0, 0, 0, 0, 0, 0, 0, 0, 0, 0, 0, 0, 0, 0, 0, 0, 0, 0, 3, 3, 3, 3, 3, 3, 3, 3, 3, 3, 3, 3, 3, 3, 3, 3, 3, 3, 3, 3, 2, 2, 2, 2, 2, 2, 2, 2, 2, 2, 2, 2, 2, 2, 2, 2, 2, 2, 2, 2, 2, 5, 5, 5, 5, 5, 5, 5, 5, 5, 5, 5, 5, 5, 5, 5, 5, 5, 5, 5, 5, 5, 9, 9, 9, 9, 9, 9, 9, 2, 2, 2, 9, 9, 9, 2, 2, 2, 4, 9, 9, 9, 9, 9], "davies_bouldin": 1.504888, "calinski_harabasz": 38.20829, "silhouette_coefficient": 0.26422, "cluster_acc": 0.938967, "rand_index": 0.978209, "adjusted_rand_index": 0.875505, "mutual_info": 2.126764, "normalized_mutual_info": 0.925996, "adjusted_mutual_info": 0.918119, "homogeneity": 0.924, "completeness": 0.928, "v_measure": 0.925996, "h_c_v_m": [0.924, 0.928, 0.925996], "fowlkes_mallows_index": 0.887613}