{"center": [127, 201, 140, 30, 182, 57, 72, 101, 0, 206], "label": [7, 7, 7, 7, 7, 2, 7, 7, 7, 7, 7, 7, 7, 7, 7, 7, 7, 7, 7, 7, 7, 7, 7, 2, 2, 2, 2, 2, 2, 2, 2, 2, 2, 2, 2, 2, 2, 2, 2, 2, 2, 2, 2, 2, 2, 4, 4, 4, 4, 4, 4, 4, 4, 4, 4, 4, 4, 4, 4, 4, 4, 4, 4, 4, 4, 4, 4, 5, 7, 5, 5, 5, 5, 5, 5, 5, 5, 5, 5, 5, 5, 5, 5, 5, 5, 5, 5, 6, 6, 6, 6, 3, 3, 6, 6, 6, 6, 6, 6, 6, 6, 6, 6, 6, 6, 6, 6, 6, 0, 0, 0, 0, 0, 0, 0, 0, 0, 0, 0, 0, 0, 0, 0, 0, 0, 0, 0, 0, 0, 1, 1, 1, 1, 1, 1, 1, 1, 1, 1, 1, 1, 1, 1, 1, 1, 1, 1, 1, 1, 8, 8, 8, 8, 8, 8, 8, 8, 8, 8, 8, 8, 8, 8, 8, 8, 8, 8, 8, 8, 8, 3, 3, 3, 3, 3, 3, 3, 3, 3, 3, 3, 3, 3, 3, 3, 3, 3, 3, 3, 3, 3, 4, 4, 4, 4, 4, 4, 4, 8, 8, 8, 4, 4, 4, 8, 8, 8, 4, 4, 4, 4, 4, 4], "davies_bouldin": 1.537893, "calinski_harabasz": 35.989942, "silhouette_coefficient": 0.249346, "cluster_acc": -1, "rand_index": 0.967269, "adjusted_rand_index": 0.825328, "mutual_info": 2.042596, "normalized_mutual_info": 0.913143, "adjusted_mutual_info": 0.904875, "homogeneity": 0.887431, "completeness": 0.940389, "v_measure": 0.913143, "h_c_v_m": [0.887431, 0.940389, 0.913143], "fowlkes_mallows_index": 0.846343}