{"center": [182, 117, 30, 205, 136, 13, 100, 4, 128, 47], "label": [5, 7, 7, 7, 7, 7, 7, 7, 7, 7, 5, 5, 5, 5, 5, 5, 5, 5, 5, 5, 5, 4, 5, 2, 2, 2, 2, 2, 2, 2, 2, 2, 2, 2, 2, 2, 2, 2, 2, 2, 2, 2, 2, 2, 2, 9, 9, 9, 9, 9, 9, 9, 9, 9, 9, 9, 9, 9, 9, 9, 9, 9, 9, 9, 9, 9, 9, 4, 1, 4, 4, 4, 4, 4, 4, 4, 4, 4, 4, 4, 4, 4, 4, 4, 4, 4, 4, 6, 6, 6, 6, 6, 6, 6, 6, 6, 6, 6, 6, 6, 6, 6, 6, 6, 6, 6, 6, 6, 1, 1, 1, 1, 1, 1, 1, 1, 1, 1, 1, 1, 1, 1, 1, 1, 1, 1, 8, 1, 8, 4, 4, 4, 4, 4, 4, 4, 4, 4, 4, 4, 4, 4, 4, 4, 4, 4, 4, 4, 4, 3, 3, 3, 3, 3, 3, 3, 3, 3, 3, 3, 3, 3, 3, 3, 3, 3, 3, 3, 3, 3, 0, 2, 0, 0, 0, 0, 0, 2, 2, 0, 0, 0, 0, 0, 0, 0, 0, 0, 0, 0, 0, 9, 3, 3, 3, 9, 3, 9, 3, 3, 3, 3, 3, 3, 3, 3, 3, 3, 3, 9, 9, 3, 9], "davies_bouldin": 1.600464, "calinski_harabasz": 25.000756, "silhouette_coefficient": 0.171477, "cluster_acc": 0.732394, "rand_index": 0.941625, "adjusted_rand_index": 0.701965, "mutual_info": 1.904063, "normalized_mutual_info": 0.856616, "adjusted_mutual_info": 0.841615, "homogeneity": 0.827244, "completeness": 0.88815, "v_measure": 0.856616, "h_c_v_m": [0.827244, 0.88815, 0.856616], "fowlkes_mallows_index": 0.74009}