{"center": [41, 72, 127, 159, 57, 182, 101, 147, 141, 0], "label": [9, 9, 9, 9, 9, 9, 9, 9, 9, 9, 9, 9, 9, 9, 9, 9, 9, 9, 9, 9, 9, 9, 9, 0, 0, 0, 0, 0, 0, 0, 0, 0, 0, 0, 0, 0, 0, 0, 0, 0, 0, 0, 0, 0, 0, 4, 4, 4, 4, 4, 4, 4, 4, 4, 4, 4, 4, 4, 4, 4, 4, 4, 4, 4, 4, 4, 4, 1, 9, 1, 1, 1, 1, 1, 1, 1, 1, 1, 1, 1, 1, 1, 1, 1, 1, 1, 1, 6, 6, 6, 6, 6, 6, 6, 6, 6, 6, 6, 6, 6, 6, 6, 6, 6, 6, 6, 6, 6, 2, 2, 2, 2, 2, 2, 2, 2, 2, 2, 2, 2, 2, 2, 2, 2, 2, 2, 2, 2, 2, 8, 8, 8, 5, 8, 7, 7, 7, 8, 8, 8, 8, 8, 8, 8, 8, 8, 7, 7, 7, 3, 3, 3, 3, 3, 3, 3, 3, 3, 3, 3, 3, 3, 3, 3, 3, 3, 3, 3, 3, 3, 5, 5, 5, 5, 5, 5, 5, 5, 5, 5, 5, 5, 5, 5, 5, 5, 5, 5, 5, 5, 5, 3, 3, 3, 3, 3, 3, 3, 3, 3, 3, 3, 3, 3, 3, 3, 3, 3, 3, 3, 3, 3, 3], "davies_bouldin": 1.653553, "calinski_harabasz": 29.035136, "silhouette_coefficient": 0.204171, "cluster_acc": 0.86385, "rand_index": 0.972451, "adjusted_rand_index": 0.85301, "mutual_info": 2.123203, "normalized_mutual_info": 0.939926, "adjusted_mutual_info": 0.93347, "homogeneity": 0.922452, "completeness": 0.958075, "v_measure": 0.939926, "h_c_v_m": [0.922452, 0.958075, 0.939926], "fowlkes_mallows_index": 0.871253}