{"center": [30, 127, 147, 182, 205, 101, 0, 47, 72, 44], "label": [6, 6, 6, 6, 6, 6, 6, 6, 6, 6, 6, 6, 6, 6, 2, 2, 2, 2, 6, 6, 6, 6, 6, 0, 0, 0, 0, 0, 0, 0, 0, 0, 0, 0, 0, 0, 9, 9, 9, 0, 0, 0, 9, 9, 9, 7, 7, 7, 7, 7, 7, 7, 7, 7, 7, 7, 7, 7, 7, 7, 7, 7, 7, 7, 7, 7, 7, 8, 6, 8, 8, 8, 8, 8, 8, 8, 8, 8, 8, 8, 8, 8, 8, 8, 8, 8, 8, 5, 5, 5, 5, 5, 5, 5, 5, 5, 5, 5, 5, 1, 5, 5, 3, 5, 5, 5, 5, 5, 1, 1, 1, 1, 1, 1, 1, 1, 1, 1, 1, 1, 1, 1, 1, 1, 1, 1, 1, 1, 1, 2, 2, 2, 2, 2, 2, 2, 2, 2, 2, 2, 2, 2, 2, 2, 2, 2, 2, 2, 2, 4, 4, 4, 4, 4, 4, 4, 4, 4, 4, 4, 4, 4, 4, 4, 4, 4, 4, 4, 4, 4, 3, 3, 3, 3, 3, 3, 3, 3, 3, 3, 3, 3, 3, 3, 3, 3, 3, 3, 3, 3, 3, 7, 4, 7, 4, 7, 7, 7, 4, 4, 4, 4, 4, 7, 4, 4, 4, 4, 4, 7, 4, 4, 7], "davies_bouldin": 1.674428, "calinski_harabasz": 29.237767, "silhouette_coefficient": 0.19819, "cluster_acc": 0.835681, "rand_index": 0.957791, "adjusted_rand_index": 0.769462, "mutual_info": 2.001823, "normalized_mutual_info": 0.882291, "adjusted_mutual_info": 0.869727, "homogeneity": 0.869717, "completeness": 0.895233, "v_measure": 0.882291, "h_c_v_m": [0.869717, 0.895233, 0.882291], "fowlkes_mallows_index": 0.79423}