{"center": [127, 41, 60, 138, 159, 170, 72, 101, 12, 0], "label": [9, 9, 9, 9, 9, 1, 9, 9, 9, 9, 8, 8, 8, 9, 3, 3, 8, 3, 8, 8, 3, 6, 9, 1, 1, 1, 1, 1, 1, 1, 1, 1, 1, 1, 1, 1, 1, 1, 1, 1, 1, 1, 1, 1, 1, 2, 2, 2, 2, 2, 2, 2, 2, 2, 2, 2, 2, 2, 2, 2, 2, 2, 2, 2, 2, 2, 2, 6, 9, 6, 6, 6, 6, 6, 6, 6, 6, 6, 6, 6, 6, 6, 6, 6, 6, 6, 6, 7, 7, 7, 7, 7, 7, 7, 7, 7, 7, 7, 7, 7, 7, 7, 7, 7, 7, 7, 7, 7, 0, 0, 0, 0, 0, 0, 0, 0, 0, 0, 0, 0, 0, 0, 0, 0, 0, 0, 0, 0, 0, 3, 3, 3, 3, 3, 3, 3, 3, 3, 3, 3, 3, 3, 3, 3, 3, 3, 3, 3, 3, 4, 4, 4, 4, 4, 4, 4, 4, 4, 4, 4, 4, 4, 4, 4, 4, 4, 4, 4, 4, 4, 5, 5, 5, 5, 5, 5, 5, 5, 5, 5, 5, 5, 5, 5, 5, 5, 5, 5, 5, 5, 5, 4, 4, 4, 4, 4, 4, 4, 4, 4, 4, 4, 4, 4, 4, 4, 4, 4, 4, 4, 4, 4, 4], "davies_bouldin": 1.579432, "calinski_harabasz": 29.42141, "silhouette_coefficient": 0.212491, "cluster_acc": 0.840376, "rand_index": 0.96501, "adjusted_rand_index": 0.813594, "mutual_info": 2.056939, "normalized_mutual_info": 0.911056, "adjusted_mutual_info": 0.901496, "homogeneity": 0.893663, "completeness": 0.929139, "v_measure": 0.911056, "h_c_v_m": [0.893663, 0.929139, 0.911056], "fowlkes_mallows_index": 0.835946}