{"center": [127, 201, 30, 148, 159, 182, 57, 101, 72, 0], "label": [8, 1, 1, 8, 1, 8, 8, 8, 8, 8, 2, 8, 8, 8, 2, 2, 2, 2, 8, 8, 8, 7, 8, 1, 1, 1, 1, 1, 1, 1, 1, 1, 1, 1, 1, 1, 1, 1, 1, 1, 1, 1, 1, 1, 1, 5, 5, 5, 5, 5, 5, 5, 5, 5, 5, 5, 5, 5, 5, 5, 5, 5, 5, 5, 5, 5, 5, 7, 8, 7, 7, 7, 7, 7, 7, 7, 7, 7, 7, 7, 7, 7, 7, 7, 7, 7, 7, 6, 6, 6, 6, 6, 6, 6, 6, 0, 6, 6, 6, 6, 6, 6, 6, 6, 6, 6, 6, 6, 0, 0, 0, 0, 0, 0, 0, 0, 0, 0, 0, 0, 0, 0, 0, 0, 0, 0, 0, 0, 0, 2, 2, 2, 2, 2, 2, 2, 2, 2, 2, 2, 2, 2, 2, 2, 2, 2, 2, 7, 2, 3, 3, 3, 3, 3, 3, 3, 3, 3, 3, 3, 3, 3, 3, 3, 3, 3, 3, 3, 3, 3, 4, 4, 4, 4, 4, 4, 4, 4, 4, 4, 4, 4, 4, 4, 4, 4, 4, 4, 4, 4, 4, 5, 5, 5, 5, 5, 5, 5, 3, 3, 3, 5, 5, 5, 3, 3, 3, 5, 5, 5, 5, 5, 5], "davies_bouldin": 1.567201, "calinski_harabasz": 35.228414, "silhouette_coefficient": 0.238423, "cluster_acc": -1, "rand_index": 0.955, "adjusted_rand_index": 0.760814, "mutual_info": 1.938533, "normalized_mutual_info": 0.867592, "adjusted_mutual_info": 0.854972, "homogeneity": 0.84222, "completeness": 0.894541, "v_measure": 0.867592, "h_c_v_m": [0.84222, 0.894541, 0.867592], "fowlkes_mallows_index": 0.788698}