{"center": [30, 127, 146, 190, 205, 101, 0, 47, 72, 4], "label": [6, 9, 9, 9, 0, 0, 9, 9, 9, 9, 6, 6, 6, 6, 2, 2, 6, 6, 6, 6, 6, 6, 6, 0, 0, 0, 0, 0, 0, 0, 0, 0, 0, 0, 0, 0, 0, 0, 0, 0, 0, 0, 0, 0, 0, 7, 7, 7, 7, 7, 7, 7, 7, 7, 7, 7, 7, 7, 7, 7, 7, 7, 7, 7, 7, 7, 7, 8, 9, 8, 8, 8, 8, 8, 8, 8, 8, 8, 8, 8, 8, 8, 8, 8, 8, 8, 8, 5, 5, 5, 5, 5, 5, 5, 5, 5, 5, 5, 5, 5, 5, 5, 5, 5, 5, 5, 5, 5, 1, 1, 1, 1, 1, 1, 1, 1, 1, 1, 1, 1, 1, 1, 1, 1, 1, 1, 1, 1, 1, 2, 2, 2, 2, 2, 2, 2, 2, 2, 2, 2, 2, 2, 2, 2, 2, 2, 2, 2, 2, 4, 4, 4, 4, 4, 4, 4, 4, 4, 4, 4, 4, 4, 4, 4, 4, 4, 4, 4, 4, 4, 3, 3, 3, 3, 3, 3, 3, 3, 3, 3, 3, 3, 3, 3, 3, 3, 3, 3, 3, 3, 3, 4, 4, 4, 4, 4, 4, 4, 4, 4, 4, 4, 4, 4, 4, 4, 4, 4, 4, 4, 4, 4, 4], "davies_bouldin": 1.559029, "calinski_harabasz": 29.738544, "silhouette_coefficient": 0.221746, "cluster_acc": 0.84507, "rand_index": 0.967402, "adjusted_rand_index": 0.825403, "mutual_info": 2.083882, "normalized_mutual_info": 0.920884, "adjusted_mutual_info": 0.912342, "homogeneity": 0.905369, "completeness": 0.936941, "v_measure": 0.920884, "h_c_v_m": [0.905369, 0.936941, 0.920884], "fowlkes_mallows_index": 0.846094}