{"center": [182, 117, 30, 205, 136, 100, 0, 4, 47, 95], "label": [6, 2, 2, 7, 2, 2, 7, 2, 7, 7, 4, 6, 6, 6, 4, 4, 4, 4, 6, 6, 4, 4, 6, 2, 2, 2, 2, 2, 2, 2, 2, 2, 2, 2, 2, 2, 2, 2, 2, 2, 2, 2, 2, 2, 2, 8, 8, 8, 8, 8, 8, 8, 8, 8, 8, 8, 8, 8, 8, 8, 8, 8, 8, 8, 8, 8, 8, 4, 1, 4, 4, 4, 4, 4, 4, 4, 4, 4, 4, 4, 4, 4, 4, 4, 4, 4, 4, 5, 5, 5, 5, 5, 5, 5, 5, 9, 5, 5, 5, 1, 5, 5, 5, 5, 5, 5, 5, 5, 1, 1, 1, 1, 1, 1, 1, 1, 1, 1, 1, 1, 1, 1, 1, 1, 1, 1, 1, 1, 1, 4, 4, 4, 4, 4, 4, 4, 4, 4, 4, 4, 4, 4, 4, 4, 4, 4, 4, 4, 4, 3, 3, 3, 3, 3, 3, 3, 3, 3, 3, 3, 3, 3, 3, 3, 3, 3, 3, 3, 3, 3, 0, 0, 0, 0, 0, 0, 0, 0, 0, 0, 0, 0, 0, 0, 0, 0, 0, 0, 0, 0, 0, 3, 3, 3, 3, 8, 8, 8, 3, 3, 3, 3, 3, 3, 3, 3, 3, 3, 3, 8, 3, 3, 3], "davies_bouldin": 1.579992, "calinski_harabasz": 23.086637, "silhouette_coefficient": 0.154174, "cluster_acc": 0.71831, "rand_index": 0.929267, "adjusted_rand_index": 0.658886, "mutual_info": 1.804813, "normalized_mutual_info": 0.828182, "adjusted_mutual_info": 0.810846, "homogeneity": 0.784124, "completeness": 0.877486, "v_measure": 0.828182, "h_c_v_m": [0.784124, 0.877486, 0.828182], "fowlkes_mallows_index": 0.708982}