{"center": [41, 127, 72, 159, 57, 182, 101, 147, 0, 201], "label": [8, 0, 8, 8, 8, 8, 8, 8, 8, 8, 8, 8, 8, 8, 7, 7, 7, 7, 8, 8, 8, 8, 8, 0, 0, 0, 0, 0, 0, 0, 0, 0, 0, 0, 0, 0, 0, 0, 0, 0, 0, 0, 0, 0, 0, 4, 4, 4, 4, 4, 4, 4, 4, 4, 4, 4, 4, 4, 4, 4, 4, 4, 4, 4, 4, 4, 4, 2, 8, 2, 2, 2, 2, 2, 2, 2, 2, 2, 2, 2, 2, 2, 2, 2, 2, 2, 2, 6, 6, 6, 6, 6, 6, 6, 6, 6, 6, 6, 6, 6, 6, 6, 6, 6, 6, 6, 6, 6, 1, 1, 1, 1, 1, 1, 1, 1, 1, 1, 1, 1, 1, 1, 1, 1, 1, 1, 1, 1, 1, 7, 7, 7, 7, 7, 7, 7, 7, 7, 7, 7, 7, 7, 7, 7, 7, 7, 7, 7, 7, 3, 3, 3, 3, 3, 3, 3, 3, 3, 3, 3, 3, 3, 3, 3, 3, 3, 3, 3, 3, 3, 5, 5, 5, 5, 5, 5, 5, 5, 5, 5, 5, 5, 5, 5, 5, 5, 5, 5, 5, 5, 5, 9, 9, 9, 9, 9, 9, 9, 3, 3, 3, 9, 9, 9, 3, 3, 3, 9, 9, 9, 9, 9, 9], "davies_bouldin": 1.488777, "calinski_harabasz": 38.893265, "silhouette_coefficient": 0.269771, "cluster_acc": 0.943662, "rand_index": 0.979848, "adjusted_rand_index": 0.884703, "mutual_info": 2.146076, "normalized_mutual_info": 0.934048, "adjusted_mutual_info": 0.927031, "homogeneity": 0.93239, "completeness": 0.935712, "v_measure": 0.934048, "h_c_v_m": [0.93239, 0.935712, 0.934048], "fowlkes_mallows_index": 0.895889}