{"center": [127, 30, 148, 182, 206, 57, 72, 101, 0, 201], "label": [8, 1, 1, 8, 1, 1, 8, 8, 8, 8, 8, 8, 8, 8, 8, 8, 8, 8, 8, 8, 8, 6, 8, 1, 1, 1, 1, 1, 1, 1, 1, 1, 1, 1, 1, 1, 1, 1, 1, 1, 1, 1, 1, 1, 1, 5, 5, 5, 5, 5, 5, 5, 5, 5, 5, 5, 5, 5, 5, 5, 5, 5, 5, 5, 5, 5, 5, 6, 8, 6, 6, 6, 6, 6, 6, 6, 6, 6, 6, 6, 6, 6, 6, 6, 6, 6, 6, 7, 7, 7, 7, 3, 7, 7, 7, 0, 7, 7, 7, 7, 7, 7, 7, 7, 7, 7, 7, 7, 0, 0, 0, 0, 0, 0, 0, 0, 0, 0, 0, 0, 0, 0, 0, 0, 0, 0, 0, 0, 0, 2, 2, 2, 2, 2, 2, 2, 2, 2, 2, 2, 2, 2, 2, 2, 2, 2, 6, 6, 2, 4, 4, 4, 4, 4, 4, 4, 4, 4, 4, 4, 4, 4, 4, 4, 4, 4, 4, 4, 4, 4, 3, 3, 3, 3, 3, 3, 3, 3, 3, 3, 3, 3, 3, 3, 3, 3, 3, 3, 3, 3, 3, 5, 5, 5, 5, 5, 5, 5, 4, 4, 4, 5, 5, 5, 4, 4, 4, 5, 5, 5, 5, 5, 5], "davies_bouldin": 1.556309, "calinski_harabasz": 35.093349, "silhouette_coefficient": 0.24025, "cluster_acc": -1, "rand_index": 0.957082, "adjusted_rand_index": 0.771488, "mutual_info": 1.954022, "normalized_mutual_info": 0.874048, "adjusted_mutual_info": 0.862047, "homogeneity": 0.848949, "completeness": 0.900676, "v_measure": 0.874048, "h_c_v_m": [0.848949, 0.900676, 0.874048], "fowlkes_mallows_index": 0.798137}