{"center": [127, 60, 30, 159, 148, 170, 201, 101, 72, 0], "label": [8, 2, 2, 8, 2, 8, 8, 8, 8, 8, 4, 8, 8, 8, 4, 4, 4, 4, 8, 8, 8, 7, 8, 2, 2, 2, 2, 2, 2, 2, 2, 2, 2, 2, 2, 2, 2, 2, 2, 2, 2, 2, 2, 2, 2, 1, 1, 1, 1, 1, 1, 1, 1, 1, 1, 1, 1, 1, 1, 1, 1, 1, 1, 1, 1, 1, 1, 7, 8, 7, 7, 7, 7, 7, 7, 7, 7, 7, 7, 7, 7, 7, 7, 7, 7, 7, 7, 6, 6, 6, 6, 6, 6, 6, 6, 0, 6, 6, 6, 6, 6, 6, 6, 6, 6, 6, 6, 6, 0, 0, 0, 0, 0, 0, 0, 0, 0, 0, 0, 0, 0, 0, 0, 0, 0, 0, 0, 0, 0, 4, 4, 4, 4, 4, 4, 4, 4, 4, 4, 4, 4, 4, 4, 4, 4, 4, 4, 4, 4, 3, 3, 3, 3, 3, 3, 3, 3, 3, 3, 3, 3, 3, 3, 3, 3, 3, 3, 3, 3, 3, 5, 5, 5, 5, 5, 5, 5, 5, 5, 5, 5, 5, 5, 5, 5, 5, 5, 5, 5, 5, 5, 1, 1, 1, 1, 1, 1, 1, 3, 3, 3, 1, 1, 1, 3, 3, 3, 1, 1, 1, 1, 1, 1], "davies_bouldin": 1.564071, "calinski_harabasz": 35.426467, "silhouette_coefficient": 0.240326, "cluster_acc": -1, "rand_index": 0.956506, "adjusted_rand_index": 0.768994, "mutual_info": 1.956336, "normalized_mutual_info": 0.875724, "adjusted_mutual_info": 0.863875, "homogeneity": 0.849955, "completeness": 0.903105, "v_measure": 0.875724, "h_c_v_m": [0.849955, 0.903105, 0.875724], "fowlkes_mallows_index": 0.796124}