{"center": [127, 201, 140, 30, 182, 57, 101, 72, 0, 206], "label": [7, 2, 7, 7, 7, 2, 7, 7, 7, 7, 1, 1, 1, 7, 1, 1, 1, 1, 1, 1, 1, 1, 7, 2, 2, 2, 2, 2, 2, 2, 2, 2, 2, 2, 2, 2, 2, 2, 2, 2, 2, 2, 2, 2, 2, 4, 4, 4, 4, 4, 4, 4, 4, 4, 4, 4, 4, 4, 4, 4, 4, 4, 4, 4, 4, 4, 4, 6, 7, 6, 6, 1, 1, 6, 6, 1, 6, 6, 1, 1, 1, 1, 6, 6, 6, 6, 1, 5, 5, 5, 5, 5, 5, 5, 5, 5, 5, 5, 5, 5, 5, 5, 5, 5, 5, 5, 5, 5, 0, 0, 0, 0, 0, 0, 0, 0, 0, 0, 0, 0, 0, 0, 0, 0, 0, 0, 0, 0, 1, 1, 1, 1, 1, 1, 1, 1, 1, 1, 1, 1, 1, 1, 1, 1, 1, 1, 1, 1, 1, 8, 8, 8, 8, 8, 8, 8, 8, 8, 8, 8, 8, 8, 8, 8, 8, 8, 8, 8, 8, 8, 3, 3, 3, 3, 3, 3, 3, 3, 3, 3, 3, 3, 3, 3, 3, 3, 3, 3, 3, 3, 3, 4, 4, 4, 4, 4, 4, 4, 8, 8, 8, 4, 4, 4, 8, 8, 8, 4, 4, 4, 4, 4, 4], "davies_bouldin": 1.547391, "calinski_harabasz": 32.293787, "silhouette_coefficient": 0.20394, "cluster_acc": -1, "rand_index": 0.937373, "adjusted_rand_index": 0.682462, "mutual_info": 1.855548, "normalized_mutual_info": 0.840352, "adjusted_mutual_info": 0.824921, "homogeneity": 0.806166, "completeness": 0.877566, "v_measure": 0.840352, "h_c_v_m": [0.806166, 0.877566, 0.840352], "fowlkes_mallows_index": 0.723391}