{"center": [30, 117, 182, 205, 148, 57, 101, 0, 72, 44], "label": [7, 7, 7, 7, 7, 7, 7, 7, 7, 7, 4, 4, 4, 7, 4, 7, 7, 7, 7, 7, 4, 4, 7, 0, 0, 0, 0, 0, 0, 0, 0, 0, 0, 0, 0, 0, 9, 9, 9, 0, 0, 0, 9, 9, 9, 5, 5, 5, 5, 5, 5, 5, 5, 5, 5, 5, 5, 5, 5, 5, 5, 5, 5, 5, 5, 5, 5, 8, 7, 8, 8, 8, 8, 8, 8, 8, 8, 8, 8, 8, 8, 8, 8, 8, 8, 8, 8, 6, 6, 6, 6, 6, 6, 6, 6, 6, 6, 6, 6, 6, 6, 6, 6, 6, 6, 6, 6, 6, 1, 1, 1, 1, 1, 1, 1, 1, 1, 1, 1, 1, 1, 1, 1, 1, 1, 1, 1, 1, 1, 4, 4, 4, 4, 4, 4, 4, 4, 4, 4, 4, 4, 4, 4, 4, 4, 4, 4, 4, 4, 3, 3, 3, 3, 3, 3, 3, 3, 3, 3, 3, 3, 3, 3, 3, 3, 3, 3, 3, 3, 3, 2, 2, 2, 2, 2, 2, 2, 2, 2, 2, 2, 2, 2, 2, 2, 2, 2, 2, 2, 2, 2, 5, 3, 5, 3, 5, 3, 5, 3, 3, 3, 3, 3, 3, 3, 3, 3, 3, 3, 5, 5, 3, 3], "davies_bouldin": 1.713674, "calinski_harabasz": 28.815383, "silhouette_coefficient": 0.196217, "cluster_acc": 0.835681, "rand_index": 0.959341, "adjusted_rand_index": 0.778922, "mutual_info": 2.030506, "normalized_mutual_info": 0.895707, "adjusted_mutual_info": 0.884559, "homogeneity": 0.882179, "completeness": 0.909658, "v_measure": 0.895707, "h_c_v_m": [0.882179, 0.909658, 0.895707], "fowlkes_mallows_index": 0.803073}