{"center": [30, 201, 127, 140, 182, 57, 101, 72, 0, 206], "label": [7, 0, 7, 7, 7, 7, 7, 7, 7, 7, 2, 2, 2, 7, 2, 2, 2, 2, 2, 2, 2, 2, 7, 0, 0, 0, 0, 0, 0, 0, 0, 0, 0, 0, 0, 0, 0, 0, 0, 0, 0, 0, 0, 0, 0, 4, 4, 4, 4, 4, 4, 4, 4, 4, 4, 4, 4, 4, 4, 4, 4, 4, 4, 4, 4, 4, 4, 6, 7, 6, 6, 6, 6, 6, 6, 6, 6, 6, 6, 6, 6, 6, 6, 6, 6, 6, 6, 5, 5, 5, 5, 5, 5, 5, 5, 5, 5, 5, 5, 5, 5, 5, 5, 5, 5, 5, 5, 5, 1, 1, 1, 1, 1, 1, 1, 1, 1, 1, 1, 1, 1, 1, 1, 1, 1, 1, 1, 1, 1, 2, 2, 2, 2, 2, 2, 2, 2, 2, 2, 2, 2, 2, 2, 2, 2, 2, 2, 2, 2, 8, 8, 8, 8, 8, 8, 8, 8, 8, 8, 8, 8, 8, 8, 8, 8, 8, 8, 8, 8, 8, 3, 0, 3, 3, 3, 3, 3, 3, 3, 3, 3, 3, 3, 3, 3, 3, 3, 3, 3, 0, 0, 4, 4, 4, 4, 4, 4, 4, 8, 8, 8, 4, 4, 4, 8, 8, 8, 4, 4, 4, 4, 4, 4], "davies_bouldin": 1.546051, "calinski_harabasz": 35.483093, "silhouette_coefficient": 0.235442, "cluster_acc": -1, "rand_index": 0.950749, "adjusted_rand_index": 0.742042, "mutual_info": 1.939338, "normalized_mutual_info": 0.871313, "adjusted_mutual_info": 0.85899, "homogeneity": 0.84257, "completeness": 0.902086, "v_measure": 0.871313, "h_c_v_m": [0.84257, 0.902086, 0.871313], "fowlkes_mallows_index": 0.773268}