{"center": [39, 80, 55, 125, 161, 141, 171, 101, 12, 179], "label": [3, 3, 3, 3, 3, 3, 3, 3, 3, 3, 8, 8, 8, 3, 8, 8, 8, 8, 8, 8, 8, 8, 3, 0, 0, 0, 0, 0, 0, 0, 0, 0, 0, 0, 0, 0, 0, 0, 0, 0, 0, 0, 0, 0, 0, 2, 2, 2, 2, 2, 2, 2, 2, 2, 2, 2, 2, 2, 2, 2, 2, 2, 2, 2, 2, 2, 2, 1, 3, 1, 1, 1, 1, 1, 1, 1, 1, 1, 1, 1, 1, 1, 1, 1, 1, 1, 1, 7, 7, 7, 7, 7, 7, 7, 7, 7, 7, 7, 7, 7, 7, 7, 7, 7, 7, 7, 7, 7, 3, 3, 3, 3, 3, 3, 3, 3, 3, 3, 3, 3, 3, 3, 3, 3, 3, 3, 3, 3, 3, 5, 5, 5, 5, 5, 5, 5, 5, 5, 5, 5, 5, 5, 5, 5, 5, 5, 5, 5, 5, 4, 4, 4, 4, 4, 4, 4, 4, 4, 4, 4, 4, 4, 4, 4, 4, 4, 4, 4, 4, 4, 6, 6, 6, 6, 6, 6, 6, 6, 6, 6, 6, 6, 6, 6, 6, 6, 6, 6, 6, 6, 6, 4, 4, 4, 4, 4, 4, 4, 4, 4, 4, 4, 4, 4, 4, 4, 4, 4, 4, 4, 4, 4, 4], "davies_bouldin": 1.649545, "calinski_harabasz": 31.45753, "silhouette_coefficient": 0.214138, "cluster_acc": -1, "rand_index": 0.960227, "adjusted_rand_index": 0.795819, "mutual_info": 2.039083, "normalized_mutual_info": 0.919715, "adjusted_mutual_info": 0.911979, "homogeneity": 0.885905, "completeness": 0.956208, "v_measure": 0.919715, "h_c_v_m": [0.885905, 0.956208, 0.919715], "fowlkes_mallows_index": 0.823823}