{"center": [127, 201, 30, 148, 159, 182, 57, 101, 72, 0], "label": [8, 1, 1, 8, 1, 1, 8, 8, 8, 8, 8, 8, 8, 8, 8, 8, 8, 8, 8, 8, 8, 7, 8, 1, 1, 1, 1, 1, 1, 1, 1, 1, 1, 1, 1, 1, 1, 1, 1, 1, 1, 1, 1, 1, 1, 5, 5, 5, 5, 5, 5, 5, 5, 5, 5, 5, 5, 5, 5, 5, 5, 5, 5, 5, 5, 5, 5, 7, 8, 7, 7, 7, 7, 7, 7, 7, 7, 7, 7, 7, 7, 7, 7, 7, 7, 7, 7, 6, 6, 6, 6, 6, 6, 6, 6, 0, 6, 6, 6, 6, 6, 6, 6, 6, 6, 6, 6, 6, 0, 0, 0, 0, 0, 0, 0, 0, 0, 0, 0, 0, 0, 0, 0, 0, 0, 0, 0, 0, 0, 2, 2, 2, 2, 2, 2, 2, 2, 2, 2, 2, 2, 2, 2, 2, 2, 2, 2, 2, 2, 3, 3, 3, 3, 3, 3, 3, 3, 3, 3, 3, 3, 3, 3, 3, 3, 3, 3, 3, 3, 3, 4, 4, 4, 4, 4, 4, 4, 4, 4, 4, 4, 4, 4, 4, 4, 4, 4, 4, 4, 4, 4, 5, 5, 5, 5, 5, 5, 5, 3, 3, 3, 5, 5, 5, 3, 3, 3, 5, 5, 5, 5, 5, 5], "davies_bouldin": 1.55114, "calinski_harabasz": 35.689255, "silhouette_coefficient": 0.244547, "cluster_acc": -1, "rand_index": 0.96222, "adjusted_rand_index": 0.798613, "mutual_info": 2.004585, "normalized_mutual_info": 0.896385, "adjusted_mutual_info": 0.886516, "homogeneity": 0.870917, "completeness": 0.923387, "v_measure": 0.896385, "h_c_v_m": [0.870917, 0.923387, 0.896385], "fowlkes_mallows_index": 0.822424}