{"center": [30, 127, 147, 182, 205, 47, 101, 0, 72, 122], "label": [7, 0, 7, 7, 0, 7, 7, 7, 7, 7, 7, 7, 7, 7, 2, 2, 7, 7, 7, 7, 7, 7, 7, 0, 0, 0, 0, 0, 0, 0, 0, 0, 0, 0, 0, 0, 0, 0, 0, 0, 0, 0, 0, 0, 0, 5, 5, 5, 5, 5, 5, 5, 5, 5, 5, 5, 5, 5, 5, 5, 5, 5, 5, 5, 5, 5, 5, 8, 7, 8, 8, 8, 8, 8, 8, 8, 8, 8, 8, 8, 8, 8, 8, 8, 8, 8, 8, 6, 6, 6, 6, 6, 6, 6, 6, 6, 6, 6, 6, 6, 6, 6, 6, 6, 6, 6, 6, 6, 1, 1, 1, 1, 1, 1, 1, 1, 1, 1, 1, 1, 1, 1, 1, 1, 1, 1, 1, 1, 1, 2, 2, 2, 2, 2, 2, 2, 2, 2, 2, 2, 2, 2, 2, 2, 2, 2, 2, 2, 2, 4, 4, 4, 4, 4, 4, 4, 4, 4, 4, 4, 4, 4, 4, 4, 4, 4, 4, 4, 4, 4, 3, 3, 3, 3, 3, 3, 3, 3, 3, 3, 3, 3, 3, 3, 3, 3, 3, 3, 3, 3, 3, 4, 4, 4, 4, 4, 4, 4, 4, 4, 4, 4, 4, 4, 4, 4, 4, 4, 4, 4, 4, 4, 4], "davies_bouldin": 1.581532, "calinski_harabasz": 32.031066, "silhouette_coefficient": 0.224861, "cluster_acc": -1, "rand_index": 0.970591, "adjusted_rand_index": 0.84533, "mutual_info": 2.079394, "normalized_mutual_info": 0.931913, "adjusted_mutual_info": 0.9254, "homogeneity": 0.903419, "completeness": 0.962263, "v_measure": 0.931913, "h_c_v_m": [0.903419, 0.962263, 0.931913], "fowlkes_mallows_index": 0.865702}