{"center": [182, 117, 30, 205, 136, 100, 0, 47, 4, 72], "label": [6, 8, 8, 8, 8, 2, 8, 8, 8, 8, 6, 6, 6, 6, 6, 6, 6, 6, 6, 6, 6, 6, 6, 2, 2, 2, 2, 2, 2, 2, 2, 2, 2, 2, 2, 2, 2, 2, 2, 2, 2, 2, 2, 2, 2, 7, 7, 7, 7, 7, 7, 7, 7, 7, 7, 7, 7, 7, 7, 7, 7, 7, 7, 7, 7, 7, 7, 9, 8, 9, 9, 9, 9, 9, 9, 9, 9, 9, 9, 9, 9, 9, 9, 9, 9, 9, 9, 5, 5, 5, 5, 5, 5, 5, 5, 5, 5, 5, 5, 5, 5, 5, 5, 5, 5, 5, 5, 5, 1, 1, 1, 1, 1, 1, 1, 1, 1, 1, 1, 1, 1, 1, 1, 1, 1, 1, 1, 1, 1, 4, 4, 4, 4, 4, 4, 4, 4, 4, 4, 4, 4, 4, 4, 4, 4, 4, 4, 4, 4, 3, 3, 3, 3, 3, 3, 3, 3, 3, 3, 3, 3, 3, 3, 3, 3, 3, 3, 3, 3, 3, 0, 0, 0, 0, 0, 0, 0, 0, 0, 0, 0, 0, 0, 0, 0, 0, 0, 0, 0, 0, 0, 7, 3, 7, 3, 7, 7, 7, 3, 3, 3, 3, 3, 3, 3, 3, 3, 3, 3, 7, 7, 3, 7], "davies_bouldin": 1.549482, "calinski_harabasz": 31.000568, "silhouette_coefficient": 0.230083, "cluster_acc": 0.849765, "rand_index": 0.966117, "adjusted_rand_index": 0.813702, "mutual_info": 2.075376, "normalized_mutual_info": 0.912168, "adjusted_mutual_info": 0.902737, "homogeneity": 0.901673, "completeness": 0.922909, "v_measure": 0.912168, "h_c_v_m": [0.901673, 0.922909, 0.912168], "fowlkes_mallows_index": 0.833598}