{"center": [30, 127, 148, 182, 205, 57, 101, 0, 72, 44], "label": [7, 7, 7, 7, 7, 7, 7, 7, 7, 7, 2, 2, 2, 7, 2, 2, 7, 7, 7, 7, 2, 2, 7, 0, 0, 0, 0, 0, 0, 0, 0, 0, 0, 0, 0, 0, 9, 9, 9, 0, 0, 0, 9, 9, 9, 5, 5, 5, 5, 5, 5, 5, 5, 5, 5, 5, 5, 5, 5, 5, 5, 5, 5, 5, 5, 5, 5, 8, 7, 8, 8, 8, 8, 8, 8, 8, 8, 8, 8, 8, 8, 8, 8, 8, 8, 8, 8, 6, 6, 6, 6, 6, 6, 6, 6, 6, 6, 6, 6, 6, 6, 6, 6, 6, 6, 6, 6, 6, 1, 1, 1, 1, 1, 1, 1, 1, 1, 1, 1, 1, 1, 1, 1, 1, 1, 1, 1, 1, 2, 2, 2, 2, 2, 2, 2, 2, 2, 2, 2, 2, 2, 2, 2, 2, 2, 2, 2, 2, 2, 4, 4, 4, 4, 4, 4, 4, 4, 4, 4, 4, 4, 4, 4, 4, 4, 4, 4, 4, 4, 4, 3, 3, 3, 3, 3, 3, 3, 3, 3, 3, 3, 3, 3, 3, 3, 3, 3, 3, 3, 3, 3, 5, 4, 5, 4, 5, 5, 5, 4, 4, 4, 4, 4, 5, 4, 4, 4, 4, 4, 5, 5, 4, 4], "davies_bouldin": 1.68334, "calinski_harabasz": 29.350481, "silhouette_coefficient": 0.200076, "cluster_acc": 0.826291, "rand_index": 0.955178, "adjusted_rand_index": 0.75638, "mutual_info": 1.998775, "normalized_mutual_info": 0.881963, "adjusted_mutual_info": 0.869341, "homogeneity": 0.868393, "completeness": 0.895963, "v_measure": 0.881963, "h_c_v_m": [0.868393, 0.895963, 0.881963], "fowlkes_mallows_index": 0.782819}