{"center": [30, 127, 159, 148, 57, 182, 72, 101, 0, 201], "label": [8, 0, 8, 8, 8, 8, 8, 8, 8, 8, 8, 8, 8, 8, 3, 3, 8, 3, 8, 8, 8, 8, 8, 0, 0, 0, 0, 0, 0, 0, 0, 0, 0, 0, 0, 0, 0, 0, 0, 0, 0, 0, 0, 0, 0, 4, 4, 4, 4, 4, 4, 4, 4, 4, 4, 4, 4, 4, 4, 4, 4, 4, 4, 4, 4, 4, 4, 6, 8, 6, 6, 6, 6, 6, 6, 6, 6, 6, 6, 6, 6, 6, 6, 6, 6, 6, 6, 7, 7, 7, 7, 7, 7, 7, 7, 7, 7, 7, 7, 7, 7, 7, 7, 7, 7, 7, 7, 7, 1, 1, 1, 1, 1, 1, 1, 1, 1, 1, 1, 1, 1, 1, 1, 1, 1, 1, 1, 1, 1, 3, 3, 3, 3, 3, 3, 3, 3, 3, 3, 3, 3, 3, 3, 3, 3, 3, 3, 3, 3, 2, 2, 2, 2, 2, 2, 2, 2, 2, 2, 2, 2, 2, 2, 2, 2, 2, 2, 2, 2, 2, 5, 5, 5, 5, 5, 5, 5, 5, 5, 5, 5, 5, 5, 5, 5, 5, 5, 5, 5, 5, 5, 9, 9, 9, 9, 9, 9, 9, 2, 2, 2, 9, 9, 9, 2, 2, 2, 4, 9, 9, 9, 9, 4], "davies_bouldin": 1.522474, "calinski_harabasz": 37.600501, "silhouette_coefficient": 0.259608, "cluster_acc": 0.938967, "rand_index": 0.978165, "adjusted_rand_index": 0.87538, "mutual_info": 2.122465, "normalized_mutual_info": 0.924404, "adjusted_mutual_info": 0.916357, "homogeneity": 0.922132, "completeness": 0.926687, "v_measure": 0.924404, "h_c_v_m": [0.922132, 0.926687, 0.924404], "fowlkes_mallows_index": 0.887524}