{"center": [127, 41, 60, 138, 159, 170, 72, 101, 12, 0], "label": [9, 9, 1, 9, 9, 1, 9, 9, 9, 9, 8, 8, 8, 9, 3, 3, 8, 3, 8, 8, 8, 6, 9, 1, 1, 1, 1, 1, 1, 1, 1, 1, 1, 1, 1, 1, 1, 1, 1, 1, 1, 1, 1, 1, 1, 2, 2, 2, 2, 2, 2, 2, 2, 2, 2, 2, 2, 2, 2, 2, 2, 2, 2, 2, 2, 2, 2, 6, 9, 6, 6, 6, 6, 6, 6, 6, 6, 6, 6, 6, 6, 6, 6, 6, 6, 6, 6, 7, 7, 7, 7, 7, 7, 7, 7, 0, 7, 7, 7, 7, 7, 7, 7, 7, 7, 7, 7, 7, 0, 0, 0, 0, 0, 0, 0, 0, 0, 0, 0, 0, 0, 0, 0, 0, 0, 0, 0, 0, 0, 3, 3, 3, 3, 3, 3, 3, 3, 3, 3, 3, 3, 3, 3, 3, 3, 3, 3, 3, 3, 4, 4, 4, 4, 4, 4, 4, 4, 4, 4, 4, 4, 4, 4, 4, 4, 4, 4, 4, 4, 4, 5, 5, 5, 5, 5, 5, 5, 5, 5, 5, 5, 5, 5, 5, 5, 5, 5, 5, 5, 5, 5, 4, 4, 4, 4, 4, 4, 4, 4, 4, 4, 4, 4, 4, 4, 4, 4, 4, 4, 4, 4, 4, 4], "davies_bouldin": 1.570394, "calinski_harabasz": 29.32289, "silhouette_coefficient": 0.211519, "cluster_acc": 0.830986, "rand_index": 0.962884, "adjusted_rand_index": 0.802117, "mutual_info": 2.034216, "normalized_mutual_info": 0.900501, "adjusted_mutual_info": 0.889777, "homogeneity": 0.883791, "completeness": 0.917855, "v_measure": 0.900501, "h_c_v_m": [0.883791, 0.917855, 0.900501], "fowlkes_mallows_index": 0.825557}