{"center": [30, 127, 148, 182, 205, 57, 101, 72, 0, 201], "label": [8, 8, 8, 8, 8, 0, 8, 8, 8, 8, 2, 2, 2, 8, 2, 2, 2, 2, 2, 2, 2, 2, 8, 0, 0, 0, 0, 0, 0, 0, 0, 0, 0, 0, 0, 0, 0, 0, 0, 0, 0, 0, 0, 0, 0, 5, 5, 5, 5, 5, 5, 5, 5, 5, 5, 5, 5, 5, 5, 5, 5, 5, 5, 5, 5, 5, 5, 7, 8, 7, 2, 7, 2, 7, 7, 2, 7, 7, 2, 2, 2, 2, 7, 7, 7, 7, 2, 6, 6, 6, 6, 6, 6, 6, 6, 6, 6, 6, 6, 6, 6, 6, 6, 6, 6, 6, 6, 6, 1, 1, 1, 1, 1, 1, 1, 1, 1, 1, 1, 1, 1, 1, 1, 1, 1, 1, 1, 1, 2, 2, 2, 2, 2, 2, 2, 2, 2, 2, 2, 2, 2, 2, 2, 2, 2, 2, 2, 2, 2, 4, 4, 4, 4, 4, 4, 4, 4, 4, 4, 4, 4, 4, 4, 4, 4, 4, 4, 4, 4, 4, 3, 3, 3, 3, 3, 3, 3, 3, 3, 3, 3, 3, 3, 3, 3, 3, 3, 3, 3, 3, 3, 5, 5, 5, 5, 5, 5, 5, 4, 4, 4, 5, 5, 5, 4, 4, 4, 5, 5, 5, 5, 5, 5], "davies_bouldin": 1.552089, "calinski_harabasz": 32.445083, "silhouette_coefficient": 0.206531, "cluster_acc": -1, "rand_index": 0.938701, "adjusted_rand_index": 0.688521, "mutual_info": 1.868128, "normalized_mutual_info": 0.845407, "adjusted_mutual_info": 0.830465, "homogeneity": 0.811632, "completeness": 0.882116, "v_measure": 0.845407, "h_c_v_m": [0.811632, 0.882116, 0.845407], "fowlkes_mallows_index": 0.728573}