{"center": [39, 161, 60, 125, 141, 81, 170, 101, 12, 201], "label": [3, 3, 3, 3, 3, 3, 3, 3, 3, 3, 4, 4, 4, 3, 4, 4, 4, 8, 8, 8, 8, 5, 3, 0, 0, 0, 0, 0, 0, 0, 0, 0, 0, 0, 0, 0, 0, 0, 0, 0, 0, 0, 0, 0, 0, 2, 2, 2, 2, 2, 2, 2, 2, 2, 2, 2, 2, 2, 2, 2, 2, 2, 2, 2, 2, 2, 2, 5, 3, 5, 5, 5, 5, 5, 5, 5, 5, 5, 5, 5, 5, 5, 5, 5, 5, 5, 5, 7, 7, 7, 7, 7, 7, 7, 7, 3, 7, 7, 7, 7, 7, 7, 7, 7, 7, 7, 7, 7, 3, 3, 3, 3, 3, 3, 3, 3, 3, 3, 3, 3, 3, 3, 3, 3, 3, 3, 3, 3, 3, 4, 4, 4, 4, 4, 4, 4, 4, 4, 4, 4, 4, 4, 4, 4, 4, 4, 4, 4, 4, 1, 1, 1, 1, 1, 1, 1, 1, 1, 1, 1, 1, 1, 1, 1, 1, 1, 1, 1, 1, 1, 6, 6, 6, 6, 6, 6, 6, 6, 6, 6, 6, 6, 6, 6, 6, 6, 6, 6, 6, 6, 6, 9, 9, 9, 9, 9, 9, 9, 1, 1, 1, 9, 9, 9, 1, 1, 1, 9, 9, 9, 9, 9, 9], "davies_bouldin": 1.598475, "calinski_harabasz": 35.955799, "silhouette_coefficient": 0.237451, "cluster_acc": 0.873239, "rand_index": 0.960803, "adjusted_rand_index": 0.786496, "mutual_info": 2.005915, "normalized_mutual_info": 0.88606, "adjusted_mutual_info": 0.874043, "homogeneity": 0.871495, "completeness": 0.90112, "v_measure": 0.88606, "h_c_v_m": [0.871495, 0.90112, 0.88606], "fowlkes_mallows_index": 0.809758}