{"ACC": [0.825, 0.7875, 0.7875, 0.866667, 0.866667, 1.0], "AMI": [0.467688, 0.411224, 0.411224, 0.541892, 0.541892, 1.0], "ARI": [0.420023, 0.326935, 0.326935, 0.535981, 0.535981, 1.0], "NMI": [0.469348, 0.413073, 0.413073, 0.543318, 0.543318, 1.0], "FMI": [0.720697, 0.678632, 0.678632, 0.776037, 0.776037, 1.0], "FILE_NAME": ["dcp_0.5__dcm_1__rhom_0__dem_0.json", "dcp_1.0__dcm_1__rhom_0__dem_0.json", "dcp_1.5__dcm_1__rhom_0__dem_0.json", "dcp_2.0__dcm_1__rhom_0__dem_0.json", "dcp_2.5__dcm_1__rhom_0__dem_0.json", "dcp_3.0__dcm_1__rhom_0__dem_0.json"], "cluster_acc": 1.0, "adjusted_mutual_info": 1.0, "adjusted_rand_index": 1.0, "fowlkes_mallows_index": 1.0, "normalized_mutual_info": 1.0, "file_name": "dcp_3.0__dcm_1__rhom_0__dem_0.json"}