{"center": [47, 131, 162], "label": [0, 0, 0, 0, 0, 0, 0, 0, 0, 0, 0, 0, 0, 0, 0, 0, 0, 0, 0, 0, 0, 0, 0, 0, 0, 0, 0, 0, 0, 0, 0, 0, 0, 0, 0, 0, 0, 0, 0, 0, 0, 0, 0, 0, 0, 0, 0, 0, 0, 0, 0, 0, 0, 0, 0, 0, 0, 0, 0, 0, 2, 2, 0, 0, 0, 0, 0, 0, 2, 0, 1, 0, 0, 0, 0, 0, 0, 0, 0, 0, 0, 0, 0, 2, 0, 0, 0, 0, 0, 0, 0, 0, 0, 0, 0, 0, 1, 0, 0, 0, 0, 0, 0, 0, 0, 0, 0, 0, 0, 0, 0, 0, 0, 0, 0, 0, 0, 0, 1, 0, 0, 0, 0, 0, 0, 0, 0, 0, 0, 0, 1, 1, 1, 1, 2, 2, 1, 2, 2, 2, 2, 2, 2, 2, 1, 1, 2, 2, 2, 1, 1, 1, 1, 2, 2, 2, 2, 2, 2, 2, 2, 2, 2, 1, 2, 2, 2, 2, 2, 1, 1, 2, 2, 2, 2, 2, 2, 2], "davies_bouldin": 1.746829, "calinski_harabasz": 43.891827, "silhouette_coefficient": 0.210947, "cluster_acc": 0.550562, "rand_index": 0.689583, "adjusted_rand_index": 0.390833, "mutual_info": 0.491295, "normalized_mutual_info": 0.518409, "adjusted_mutual_info": 0.512427, "homogeneity": 0.452374, "completeness": 0.607018, "v_measure": 0.518409, "h_c_v_m": [0.452374, 0.607018, 0.518409], "fowlkes_mallows_index": 0.658434}