{"center": [24, 91, 140], "label": [0, 0, 0, 0, 0, 0, 0, 0, 0, 0, 0, 0, 0, 0, 0, 0, 0, 0, 0, 0, 0, 0, 0, 0, 0, 0, 0, 0, 0, 0, 0, 0, 0, 0, 0, 0, 0, 0, 0, 0, 0, 0, 0, 0, 0, 0, 0, 0, 0, 0, 0, 0, 0, 0, 0, 0, 0, 0, 0, 1, 2, 2, 0, 0, 1, 0, 0, 0, 2, 0, 1, 0, 0, 0, 0, 1, 0, 1, 0, 1, 0, 0, 1, 2, 0, 0, 1, 1, 1, 1, 1, 1, 1, 0, 0, 0, 1, 0, 0, 1, 0, 0, 1, 1, 0, 1, 0, 1, 1, 0, 1, 1, 1, 1, 1, 1, 0, 0, 2, 1, 0, 0, 1, 1, 1, 1, 1, 1, 1, 1, 1, 2, 2, 2, 2, 2, 2, 2, 2, 2, 2, 2, 2, 2, 2, 2, 2, 2, 2, 2, 2, 2, 2, 2, 2, 2, 2, 2, 2, 2, 2, 2, 2, 2, 2, 2, 2, 2, 2, 2, 2, 2, 2, 2, 2, 2, 2, 2], "davies_bouldin": 1.540839, "calinski_harabasz": 64.934683, "silhouette_coefficient": 0.240608, "cluster_acc": 0.797753, "rand_index": 0.777947, "adjusted_rand_index": 0.516756, "mutual_info": 0.648197, "normalized_mutual_info": 0.611904, "adjusted_mutual_info": 0.607665, "homogeneity": 0.596845, "completeness": 0.627741, "v_measure": 0.611904, "h_c_v_m": [0.596845, 0.627741, 0.611904], "fowlkes_mallows_index": 0.689501}