{"center": [56, 91, 162], "label": [0, 0, 0, 0, 0, 0, 0, 0, 0, 0, 0, 0, 0, 0, 0, 0, 0, 0, 0, 0, 0, 0, 0, 0, 0, 0, 0, 0, 0, 0, 0, 0, 0, 0, 0, 0, 0, 0, 0, 0, 0, 0, 0, 0, 0, 0, 0, 0, 0, 0, 0, 0, 0, 0, 0, 0, 0, 0, 0, 2, 2, 2, 0, 0, 1, 0, 0, 1, 2, 0, 2, 0, 1, 0, 0, 1, 0, 1, 0, 0, 1, 0, 1, 2, 1, 0, 1, 1, 1, 1, 1, 1, 1, 1, 0, 0, 2, 0, 0, 0, 0, 1, 1, 1, 1, 1, 1, 1, 1, 0, 0, 1, 1, 1, 1, 1, 1, 1, 2, 2, 1, 0, 0, 0, 0, 1, 1, 1, 1, 2, 2, 2, 2, 2, 2, 2, 2, 2, 2, 2, 2, 2, 2, 2, 2, 2, 2, 2, 2, 2, 2, 2, 2, 2, 2, 2, 2, 2, 2, 2, 2, 2, 2, 2, 2, 2, 2, 2, 2, 2, 2, 2, 2, 2, 2, 2, 2, 2], "davies_bouldin": 1.354416, "calinski_harabasz": 67.765383, "silhouette_coefficient": 0.236146, "cluster_acc": 0.803371, "rand_index": 0.780042, "adjusted_rand_index": 0.518317, "mutual_info": 0.648936, "normalized_mutual_info": 0.609601, "adjusted_mutual_info": 0.605359, "homogeneity": 0.597526, "completeness": 0.622174, "v_measure": 0.609601, "h_c_v_m": [0.597526, 0.622174, 0.609601], "fowlkes_mallows_index": 0.688195}