{"center": [24, 90, 140], "label": [0, 0, 0, 0, 0, 0, 0, 0, 0, 0, 0, 0, 0, 0, 0, 0, 0, 0, 0, 0, 0, 0, 0, 0, 0, 0, 0, 0, 0, 0, 0, 0, 0, 0, 0, 0, 0, 0, 0, 0, 0, 0, 0, 0, 0, 0, 0, 0, 0, 0, 0, 0, 0, 0, 0, 0, 0, 0, 0, 1, 2, 2, 0, 0, 1, 1, 0, 0, 2, 1, 1, 0, 1, 0, 0, 1, 0, 1, 1, 0, 1, 1, 1, 2, 1, 1, 1, 1, 1, 1, 1, 1, 1, 1, 1, 0, 1, 1, 0, 1, 1, 0, 1, 1, 0, 1, 0, 1, 1, 1, 1, 1, 1, 1, 1, 1, 0, 1, 2, 1, 1, 0, 1, 1, 1, 1, 1, 1, 1, 1, 2, 2, 2, 2, 2, 2, 2, 2, 2, 2, 2, 2, 2, 2, 2, 2, 2, 2, 2, 2, 2, 2, 2, 2, 2, 2, 2, 2, 2, 2, 2, 2, 2, 2, 2, 2, 2, 2, 2, 2, 2, 2, 2, 2, 2, 2, 2, 2], "davies_bouldin": 1.450562, "calinski_harabasz": 72.263955, "silhouette_coefficient": 0.261289, "cluster_acc": 0.882022, "rand_index": 0.853107, "adjusted_rand_index": 0.672554, "mutual_info": 0.7746, "normalized_mutual_info": 0.714705, "adjusted_mutual_info": 0.711666, "homogeneity": 0.713234, "completeness": 0.716182, "v_measure": 0.714705, "h_c_v_m": [0.713234, 0.716182, 0.714705], "fowlkes_mallows_index": 0.783789}