{"center": [37, 47, 148], "label": [1, 0, 0, 1, 0, 0, 0, 0, 0, 1, 0, 0, 0, 1, 1, 0, 0, 0, 0, 1, 1, 1, 1, 0, 0, 0, 0, 0, 0, 1, 0, 0, 0, 0, 0, 1, 0, 0, 0, 1, 1, 1, 1, 1, 1, 1, 1, 1, 0, 0, 1, 0, 1, 0, 1, 0, 1, 0, 1, 2, 2, 2, 0, 1, 2, 0, 1, 2, 2, 0, 2, 0, 0, 0, 1, 2, 0, 2, 0, 1, 2, 0, 2, 2, 0, 2, 2, 2, 2, 2, 2, 2, 2, 2, 1, 0, 2, 1, 1, 2, 0, 2, 2, 2, 2, 2, 2, 2, 2, 1, 1, 2, 2, 2, 2, 2, 2, 2, 2, 2, 1, 0, 1, 1, 1, 2, 2, 2, 2, 2, 2, 2, 2, 2, 2, 2, 2, 2, 2, 2, 2, 2, 2, 2, 2, 2, 2, 2, 2, 2, 2, 2, 2, 2, 2, 2, 2, 2, 2, 2, 2, 2, 2, 2, 2, 2, 2, 2, 2, 2, 2, 2, 2, 2, 2, 2, 2, 2], "davies_bouldin": 2.712494, "calinski_harabasz": 41.004273, "silhouette_coefficient": 0.140575, "cluster_acc": 0.533708, "rand_index": 0.675236, "adjusted_rand_index": 0.298071, "mutual_info": 0.431304, "normalized_mutual_info": 0.4095, "adjusted_mutual_info": 0.403011, "homogeneity": 0.397135, "completeness": 0.42266, "v_measure": 0.4095, "h_c_v_m": [0.397135, 0.42266, 0.4095], "fowlkes_mallows_index": 0.551837}