{"center": [47, 125, 148], "label": [0, 0, 0, 0, 0, 0, 0, 0, 0, 0, 0, 0, 0, 0, 0, 0, 0, 0, 0, 0, 0, 0, 0, 0, 0, 0, 0, 0, 0, 0, 0, 0, 0, 0, 0, 0, 0, 0, 0, 0, 0, 0, 0, 0, 0, 0, 0, 0, 0, 0, 0, 0, 0, 0, 0, 0, 0, 0, 0, 1, 2, 2, 1, 1, 1, 1, 1, 1, 2, 1, 2, 1, 1, 0, 1, 1, 1, 1, 1, 1, 1, 1, 1, 2, 1, 1, 1, 1, 1, 1, 1, 1, 1, 1, 1, 0, 2, 1, 1, 1, 1, 1, 1, 1, 1, 1, 1, 1, 1, 1, 1, 1, 1, 1, 1, 1, 1, 1, 2, 1, 1, 1, 1, 1, 1, 1, 1, 1, 1, 1, 2, 2, 2, 2, 2, 2, 2, 2, 2, 2, 2, 2, 2, 2, 2, 2, 2, 2, 2, 2, 2, 2, 2, 2, 2, 2, 2, 2, 2, 2, 2, 2, 2, 2, 2, 2, 2, 2, 2, 2, 2, 2, 2, 2, 2, 2, 2, 2], "davies_bouldin": 1.306138, "calinski_harabasz": 82.410465, "silhouette_coefficient": 0.299279, "cluster_acc": 0.949438, "rand_index": 0.93487, "adjusted_rand_index": 0.85366, "mutual_info": 0.91881, "normalized_mutual_info": 0.84168, "adjusted_mutual_info": 0.840007, "homogeneity": 0.84602, "completeness": 0.837384, "v_measure": 0.84168, "h_c_v_m": [0.84602, 0.837384, 0.84168], "fowlkes_mallows_index": 0.902621}