{"center": [47, 125, 148], "label": [0, 0, 0, 0, 0, 0, 0, 0, 0, 0, 0, 0, 0, 0, 0, 0, 0, 0, 0, 0, 0, 0, 0, 0, 0, 0, 0, 0, 0, 0, 0, 0, 0, 0, 0, 0, 0, 0, 0, 0, 0, 0, 0, 0, 0, 0, 0, 0, 0, 0, 0, 0, 0, 0, 0, 0, 0, 0, 0, 1, 2, 2, 1, 1, 1, 1, 1, 1, 2, 1, 1, 1, 1, 0, 1, 1, 1, 1, 1, 1, 1, 1, 1, 2, 1, 1, 1, 1, 1, 1, 1, 1, 1, 1, 1, 0, 2, 1, 1, 1, 1, 1, 1, 1, 1, 1, 1, 1, 1, 1, 1, 1, 1, 1, 1, 1, 1, 1, 2, 1, 1, 1, 1, 1, 1, 1, 1, 1, 1, 1, 2, 2, 2, 2, 2, 2, 2, 2, 2, 2, 2, 2, 2, 2, 2, 2, 2, 2, 2, 2, 2, 2, 2, 2, 2, 2, 2, 2, 2, 2, 2, 2, 2, 2, 2, 2, 2, 2, 2, 2, 2, 2, 2, 2, 2, 2, 2, 2], "davies_bouldin": 1.307723, "calinski_harabasz": 82.138618, "silhouette_coefficient": 0.298277, "cluster_acc": 0.955056, "rand_index": 0.941471, "adjusted_rand_index": 0.868543, "mutual_info": 0.930762, "normalized_mutual_info": 0.852929, "adjusted_mutual_info": 0.851374, "homogeneity": 0.857025, "completeness": 0.848872, "v_measure": 0.852929, "h_c_v_m": [0.857025, 0.848872, 0.852929], "fowlkes_mallows_index": 0.912557}