{"ACC": [0.426282, 0.442308, 0.371795], "AMI": [0.012048, 0.019342, 0.019412], "ARI": [0.015324, 0.022875, 0.007838], "NMI": [0.017928, 0.025172, 0.025467], "FMI": [0.348861, 0.353411, 0.367], "FILE_NAME": ["bi__ts_0.1.json", "bi__ts_0.2.json", "bi__ts_0.3.json"], "cluster_acc": 0.442308, "adjusted_mutual_info": 0.019412, "adjusted_rand_index": 0.022875, "fowlkes_mallows_index": 0.367, "normalized_mutual_info": 0.025467, "file_name": "bi__ts_0.3.json"}