{"ACC": [1.0, -1, 1.0, 1.0, 1.0, 1.0, -1, -1, -1, -1], "AMI": [1.0, 0.512056, 1.0, 1.0, 1.0, 1.0, 0.991737, 0.961602, 0.638066, 0.598331], "ARI": [1.0, 0.323526, 1.0, 1.0, 1.0, 1.0, 0.995108, 0.975948, 0.555873, 0.481782], "NMI": [1.0, 0.516012, 1.0, 1.0, 1.0, 1.0, 0.991812, 0.961956, 0.6409, 0.601493], "FMI": [1.0, 0.53526, 1.0, 1.0, 1.0, 1.0, 0.996729, 0.983914, 0.689078, 0.636568], "FILE_NAME": ["db__eps_0.1__ms_1.json", "db__eps_0.1__ms_10.json", "db__eps_0.1__ms_2.json", "db__eps_0.1__ms_3.json", "db__eps_0.1__ms_4.json", "db__eps_0.1__ms_5.json", "db__eps_0.1__ms_6.json", "db__eps_0.1__ms_7.json", "db__eps_0.1__ms_8.json", "db__eps_0.1__ms_9.json"], "cluster_acc": 1.0, "adjusted_mutual_info": 1.0, "adjusted_rand_index": 1.0, "fowlkes_mallows_index": 1.0, "normalized_mutual_info": 1.0, "file_name": "db__eps_0.1__ms_1.json"}