{"ACC": [0.394231, 0.394231, 0.435897, 0.464744, 0.464744, 0.464744, 0.423077, 0.413462, 0.413462, 0.429487, 0.432692, 0.429487, 0.413462, 0.416667, 0.407051, 0.407051, 0.458333, 0.458333, 0.458333, 0.487179, 0.532051, 0.528846, 0.528846, 0.522436, 0.512821, 0.509615, 0.509615, 0.519231, 0.519231, 0.519231, 0.522436, 0.519231, 0.519231, 0.522436, 0.503205, 0.532051, 0.535256, 0.435897, 0.439103, 0.435897], "AMI": [0.003975, 0.003975, 0.114732, 0.121451, 0.121451, 0.121451, 0.106577, 0.07645, 0.057333, 0.062809, 0.062512, 0.061199, 0.052964, 0.054353, 0.030847, 0.030847, 0.08993, 0.088004, 0.086956, 0.095756, 0.128651, 0.1284, 0.130159, 0.154989, 0.124268, 0.123358, 0.123358, 0.152518, 0.15053, 0.15053, 0.151689, 0.15053, 0.15053, 0.151689, 0.141192, 0.164392, 0.165833, 0.127116, 0.126543, 0.130912], "ARI": [0.002666, 0.002666, 0.027939, 0.036662, 0.036662, 0.036662, 0.015025, 0.012834, 0.021794, 0.028624, 0.028867, 0.025943, 0.021255, 0.022155, 0.026106, 0.026106, 0.041562, 0.041482, 0.040044, 0.050084, 0.089446, 0.086211, 0.085198, 0.098631, 0.076694, 0.075331, 0.075331, 0.076946, 0.075693, 0.075693, 0.077293, 0.075693, 0.075693, 0.077293, 0.067342, 0.092439, 0.094329, 0.053909, 0.053066, 0.059419], "NMI": [0.010019, 0.010019, 0.121053, 0.127965, 0.127965, 0.127965, 0.113621, 0.085337, 0.06318, 0.06862, 0.068336, 0.067023, 0.058898, 0.060266, 0.036759, 0.036759, 0.095615, 0.093689, 0.09265, 0.101398, 0.134125, 0.133886, 0.135647, 0.160349, 0.129777, 0.128869, 0.128869, 0.157927, 0.155949, 0.155949, 0.157104, 0.155949, 0.155949, 0.157104, 0.146693, 0.169857, 0.171282, 0.132668, 0.132099, 0.136444], "FMI": [0.35154, 0.35154, 0.460176, 0.47947, 0.47947, 0.47947, 0.49135, 0.526214, 0.374118, 0.378187, 0.379206, 0.376908, 0.377982, 0.377617, 0.371162, 0.371162, 0.390127, 0.389292, 0.388808, 0.3947, 0.425842, 0.424381, 0.42483, 0.437136, 0.417195, 0.415931, 0.415931, 0.423801, 0.422541, 0.422541, 0.42402, 0.422541, 0.422541, 0.42402, 0.418247, 0.448823, 0.449207, 0.404516, 0.403944, 0.408461], "FILE_NAME": ["dcp_0.1__dcm_1__rhom_0__dem_0.json", "dcp_0.2__dcm_1__rhom_0__dem_0.json", "dcp_0.3__dcm_1__rhom_0__dem_0.json", "dcp_0.4__dcm_1__rhom_0__dem_0.json", "dcp_0.5__dcm_1__rhom_0__dem_0.json", "dcp_0.6__dcm_1__rhom_0__dem_0.json", "dcp_0.7__dcm_1__rhom_0__dem_0.json", "dcp_0.8__dcm_1__rhom_0__dem_0.json", "dcp_0.9__dcm_1__rhom_0__dem_0.json", "dcp_1.0__dcm_1__rhom_0__dem_0.json", "dcp_1.1__dcm_1__rhom_0__dem_0.json", "dcp_1.2__dcm_1__rhom_0__dem_0.json", "dcp_1.3__dcm_1__rhom_0__dem_0.json", "dcp_1.4__dcm_1__rhom_0__dem_0.json", "dcp_1.5__dcm_1__rhom_0__dem_0.json", "dcp_1.6__dcm_1__rhom_0__dem_0.json", "dcp_1.7__dcm_1__rhom_0__dem_0.json", "dcp_1.8__dcm_1__rhom_0__dem_0.json", "dcp_1.9__dcm_1__rhom_0__dem_0.json", "dcp_2.0__dcm_1__rhom_0__dem_0.json", "dcp_2.1__dcm_1__rhom_0__dem_0.json", "dcp_2.2__dcm_1__rhom_0__dem_0.json", "dcp_2.3__dcm_1__rhom_0__dem_0.json", "dcp_2.4__dcm_1__rhom_0__dem_0.json", "dcp_2.5__dcm_1__rhom_0__dem_0.json", "dcp_2.6__dcm_1__rhom_0__dem_0.json", "dcp_2.7__dcm_1__rhom_0__dem_0.json", "dcp_2.8__dcm_1__rhom_0__dem_0.json", "dcp_2.9__dcm_1__rhom_0__dem_0.json", "dcp_3.0__dcm_1__rhom_0__dem_0.json", "dcp_3.1__dcm_1__rhom_0__dem_0.json", "dcp_3.2__dcm_1__rhom_0__dem_0.json", "dcp_3.3__dcm_1__rhom_0__dem_0.json", "dcp_3.4__dcm_1__rhom_0__dem_0.json", "dcp_3.5__dcm_1__rhom_0__dem_0.json", "dcp_3.6__dcm_1__rhom_0__dem_0.json", "dcp_3.7__dcm_1__rhom_0__dem_0.json", "dcp_3.8__dcm_1__rhom_0__dem_0.json", "dcp_3.9__dcm_1__rhom_0__dem_0.json", "dcp_4.0__dcm_1__rhom_0__dem_0.json"], "cluster_acc": 0.535256, "adjusted_mutual_info": 0.165833, "adjusted_rand_index": 0.098631, "fowlkes_mallows_index": 0.526214, "normalized_mutual_info": 0.171282, "file_name": "dcp_3.7__dcm_1__rhom_0__dem_0.json"}