{"ACC": [0.410256, 0.410256, 0.410256, 0.471154, 0.471154, 0.471154, 0.567308, 0.567308, 0.567308, 0.833333, 0.833333, 0.833333, 0.833333, 0.977564, 0.977564, 0.977564, 0.971154, 0.971154, 0.971154, 1.0, 1.0, 1.0, 1.0, 1.0, 1.0, 0.980769, 0.980769, 0.980769, 0.980769, 0.980769, 0.980769, 0.980769, 0.980769, 0.980769, 0.980769, 1.0, 1.0], "AMI": [0.095533, 0.095533, 0.095533, 0.156533, 0.156533, 0.156533, 0.324078, 0.324078, 0.324078, 0.668755, 0.668755, 0.668755, 0.668755, 0.923672, 0.923672, 0.923672, 0.908479, 0.908479, 0.908479, 1.0, 1.0, 1.0, 1.0, 1.0, 1.0, 0.931869, 0.931869, 0.931869, 0.931869, 0.931869, 0.931869, 0.931869, 0.931869, 0.931869, 0.931869, 1.0, 1.0], "ARI": [0.053653, 0.053653, 0.053653, 0.078064, 0.078064, 0.078064, 0.292561, 0.292561, 0.292561, 0.615419, 0.615419, 0.615419, 0.615419, 0.933632, 0.933632, 0.933632, 0.915552, 0.915552, 0.915552, 1.0, 1.0, 1.0, 1.0, 1.0, 1.0, 0.942822, 0.942822, 0.942822, 0.942822, 0.942822, 0.942822, 0.942822, 0.942822, 0.942822, 0.942822, 1.0, 1.0], "NMI": [0.101172, 0.101172, 0.101172, 0.163449, 0.163449, 0.163449, 0.329275, 0.329275, 0.329275, 0.670757, 0.670757, 0.670757, 0.670757, 0.924122, 0.924122, 0.924122, 0.909018, 0.909018, 0.909018, 1.0, 1.0, 1.0, 1.0, 1.0, 1.0, 0.93227, 0.93227, 0.93227, 0.93227, 0.93227, 0.93227, 0.93227, 0.93227, 0.93227, 0.93227, 1.0, 1.0], "FMI": [0.397911, 0.397911, 0.397911, 0.489339, 0.489339, 0.489339, 0.580891, 0.580891, 0.580891, 0.749829, 0.749829, 0.749829, 0.749829, 0.955662, 0.955662, 0.955662, 0.943614, 0.943614, 0.943614, 1.0, 1.0, 1.0, 1.0, 1.0, 1.0, 0.961793, 0.961793, 0.961793, 0.961793, 0.961793, 0.961793, 0.961793, 0.961793, 0.961793, 0.961793, 1.0, 1.0], "FILE_NAME": ["dcp_0.4__dem_1.json", "dcp_0.5__dem_1.json", "dcp_0.6__dem_1.json", "dcp_0.7__dem_1.json", "dcp_0.8__dem_1.json", "dcp_0.9__dem_1.json", "dcp_1.0__dem_1.json", "dcp_1.1__dem_1.json", "dcp_1.2__dem_1.json", "dcp_1.3__dem_1.json", "dcp_1.4__dem_1.json", "dcp_1.5__dem_1.json", "dcp_1.6__dem_1.json", "dcp_1.7__dem_1.json", "dcp_1.8__dem_1.json", "dcp_1.9__dem_1.json", "dcp_2.0__dem_1.json", "dcp_2.1__dem_1.json", "dcp_2.2__dem_1.json", "dcp_2.3__dem_1.json", "dcp_2.4__dem_1.json", "dcp_2.5__dem_1.json", "dcp_2.6__dem_1.json", "dcp_2.7__dem_1.json", "dcp_2.8__dem_1.json", "dcp_2.9__dem_1.json", "dcp_3.0__dem_1.json", "dcp_3.1__dem_1.json", "dcp_3.2__dem_1.json", "dcp_3.3__dem_1.json", "dcp_3.4__dem_1.json", "dcp_3.5__dem_1.json", "dcp_3.6__dem_1.json", "dcp_3.7__dem_1.json", "dcp_3.8__dem_1.json", "dcp_3.9__dem_1.json", "dcp_4.0__dem_1.json"], "cluster_acc": 1.0, "adjusted_mutual_info": 1.0, "adjusted_rand_index": 1.0, "fowlkes_mallows_index": 1.0, "normalized_mutual_info": 1.0, "file_name": "dcp_2.3__dem_1.json"}