{"ACC": [1.0, 0.378205, 0.580128, 0.580128, 0.580128, 0.762821, 0.865385, 0.865385, 0.865385, 0.891026, 0.891026, 0.891026, 0.916667, 0.932692, 0.932692, 0.948718, 0.948718, 0.948718, 0.948718, 0.948718, 0.948718, 0.948718, 0.948718, 0.948718, 0.948718, 1.0, 1.0, 1.0, 1.0, 1.0, 1.0, 1.0, 1.0, 1.0, 1.0, 1.0, 1.0, 1.0, 1.0, 1.0, 1.0], "AMI": [1.0, 0.004251, 0.298534, 0.298534, 0.298534, 0.528663, 0.69098, 0.69098, 0.69098, 0.724506, 0.724506, 0.724506, 0.780386, 0.838254, 0.838254, 0.864137, 0.864137, 0.864137, 0.864137, 0.864137, 0.864137, 0.864137, 0.864137, 0.864137, 0.864137, 1.0, 1.0, 1.0, 1.0, 1.0, 1.0, 1.0, 1.0, 1.0, 1.0, 1.0, 1.0, 1.0, 1.0, 1.0, 1.0], "ARI": [1.0, 0.002846, 0.192198, 0.192198, 0.192198, 0.460639, 0.65791, 0.65791, 0.65791, 0.71111, 0.71111, 0.71111, 0.773569, 0.815734, 0.815734, 0.855484, 0.855484, 0.855484, 0.855484, 0.855484, 0.855484, 0.855484, 0.855484, 0.855484, 0.855484, 1.0, 1.0, 1.0, 1.0, 1.0, 1.0, 1.0, 1.0, 1.0, 1.0, 1.0, 1.0, 1.0, 1.0, 1.0, 1.0], "NMI": [1.0, 0.010225, 0.303099, 0.303099, 0.303099, 0.531506, 0.692816, 0.692816, 0.692816, 0.726135, 0.726135, 0.726135, 0.781686, 0.839213, 0.839213, 0.86494, 0.86494, 0.86494, 0.86494, 0.86494, 0.86494, 0.86494, 0.86494, 0.86494, 0.86494, 1.0, 1.0, 1.0, 1.0, 1.0, 1.0, 1.0, 1.0, 1.0, 1.0, 1.0, 1.0, 1.0, 1.0, 1.0, 1.0], "FMI": [1.0, 0.345111, 0.510761, 0.510761, 0.510761, 0.649362, 0.773451, 0.773451, 0.773451, 0.807726, 0.807726, 0.807726, 0.849468, 0.87774, 0.87774, 0.903801, 0.903801, 0.903801, 0.903801, 0.903801, 0.903801, 0.903801, 0.903801, 0.903801, 0.903801, 1.0, 1.0, 1.0, 1.0, 1.0, 1.0, 1.0, 1.0, 1.0, 1.0, 1.0, 1.0, 1.0, 1.0, 1.0, 1.0], "FILE_NAME": ["dcm_1__dcp_1.8__rho_0__dem_0__ush_0.json", "dcp_0.1__dcm_1__rhom_0__dem_0.json", "dcp_0.2__dcm_1__rhom_0__dem_0.json", "dcp_0.3__dcm_1__rhom_0__dem_0.json", "dcp_0.4__dcm_1__rhom_0__dem_0.json", "dcp_0.5__dcm_1__rhom_0__dem_0.json", "dcp_0.6__dcm_1__rhom_0__dem_0.json", "dcp_0.7__dcm_1__rhom_0__dem_0.json", "dcp_0.8__dcm_1__rhom_0__dem_0.json", "dcp_0.9__dcm_1__rhom_0__dem_0.json", "dcp_1.0__dcm_1__rhom_0__dem_0.json", "dcp_1.1__dcm_1__rhom_0__dem_0.json", "dcp_1.2__dcm_1__rhom_0__dem_0.json", "dcp_1.3__dcm_1__rhom_0__dem_0.json", "dcp_1.4__dcm_1__rhom_0__dem_0.json", "dcp_1.5__dcm_1__rhom_0__dem_0.json", "dcp_1.6__dcm_1__rhom_0__dem_0.json", "dcp_1.7__dcm_1__rhom_0__dem_0.json", "dcp_1.8__dcm_1__rhom_0__dem_0.json", "dcp_1.9__dcm_1__rhom_0__dem_0.json", "dcp_2.0__dcm_1__rhom_0__dem_0.json", "dcp_2.1__dcm_1__rhom_0__dem_0.json", "dcp_2.2__dcm_1__rhom_0__dem_0.json", "dcp_2.3__dcm_1__rhom_0__dem_0.json", "dcp_2.4__dcm_1__rhom_0__dem_0.json", "dcp_2.5__dcm_1__rhom_0__dem_0.json", "dcp_2.6__dcm_1__rhom_0__dem_0.json", "dcp_2.7__dcm_1__rhom_0__dem_0.json", "dcp_2.8__dcm_1__rhom_0__dem_0.json", "dcp_2.9__dcm_1__rhom_0__dem_0.json", "dcp_3.0__dcm_1__rhom_0__dem_0.json", "dcp_3.1__dcm_1__rhom_0__dem_0.json", "dcp_3.2__dcm_1__rhom_0__dem_0.json", "dcp_3.3__dcm_1__rhom_0__dem_0.json", "dcp_3.4__dcm_1__rhom_0__dem_0.json", "dcp_3.5__dcm_1__rhom_0__dem_0.json", "dcp_3.6__dcm_1__rhom_0__dem_0.json", "dcp_3.7__dcm_1__rhom_0__dem_0.json", "dcp_3.8__dcm_1__rhom_0__dem_0.json", "dcp_3.9__dcm_1__rhom_0__dem_0.json", "dcp_4.0__dcm_1__rhom_0__dem_0.json"], "cluster_acc": 1.0, "adjusted_mutual_info": 1.0, "adjusted_rand_index": 1.0, "fowlkes_mallows_index": 1.0, "normalized_mutual_info": 1.0, "file_name": "dcm_1__dcp_1.8__rho_0__dem_0__ush_0.json"}