{"ACC": [-1, -1, -1, -1, -1, -1, -1, -1, -1, -1, -1, -1, -1, -1, -1, -1, -1, -1, -1, -1, -1, -1, -1, -1, -1, -1, -1, -1, -1, -1, -1, -1, -1, -1, -1, -1, -1, -1, -1, -1, -1, -1, -1, -1, -1, -1, -1, -1, -1, -1, -1, -1, -1, -1, -1, -1, -1, -1, -1, -1, -1, -1, -1, -1, -1, -1, -1, -1, -1, -1, -1, -1, -1, -1, -1, -1, -1, -1, -1, -1, -1, -1, -1, -1, -1, -1, -1, -1, -1, -1], "AMI": [0.373883, 0.210797, 0.219537, 0.227851, 0.149872, 0.229996, 0.31955, 0.398992, 0.271019, 0.373883, 0.210797, 0.219537, 0.227851, 0.149872, 0.229996, 0.31955, 0.398992, 0.271019, 0.373883, 0.210797, 0.219537, 0.227851, 0.149872, 0.229996, 0.31955, 0.398992, 0.271019, 0.373883, 0.210797, 0.219537, 0.227851, 0.149872, 0.229996, 0.31955, 0.398992, 0.271019, 0.373883, 0.210797, 0.219537, 0.227851, 0.149872, 0.229996, 0.31955, 0.398992, 0.271019, 0.373883, 0.210797, 0.219537, 0.227851, 0.149872, 0.229996, 0.31955, 0.398992, 0.271019, 0.373883, 0.210797, 0.219537, 0.227851, 0.149872, 0.229996, 0.31955, 0.398992, 0.271019, 0.373883, 0.210797, 0.219537, 0.227851, 0.149872, 0.229996, 0.31955, 0.398992, 0.271019, 0.373883, 0.210797, 0.219537, 0.227851, 0.149872, 0.229996, 0.31955, 0.398992, 0.271019, 0.373883, 0.210797, 0.219537, 0.227851, 0.149872, 0.229996, 0.31955, 0.398992, 0.271019], "ARI": [0.126838, 0.017911, 0.017718, 0.019865, 0.014515, 0.026464, 0.090534, 0.156519, 0.055392, 0.126838, 0.017911, 0.017718, 0.019865, 0.014515, 0.026464, 0.090534, 0.156519, 0.055392, 0.126838, 0.017911, 0.017718, 0.019865, 0.014515, 0.026464, 0.090534, 0.156519, 0.055392, 0.126838, 0.017911, 0.017718, 0.019865, 0.014515, 0.026464, 0.090534, 0.156519, 0.055392, 0.126838, 0.017911, 0.017718, 0.019865, 0.014515, 0.026464, 0.090534, 0.156519, 0.055392, 0.126838, 0.017911, 0.017718, 0.019865, 0.014515, 0.026464, 0.090534, 0.156519, 0.055392, 0.126838, 0.017911, 0.017718, 0.019865, 0.014515, 0.026464, 0.090534, 0.156519, 0.055392, 0.126838, 0.017911, 0.017718, 0.019865, 0.014515, 0.026464, 0.090534, 0.156519, 0.055392, 0.126838, 0.017911, 0.017718, 0.019865, 0.014515, 0.026464, 0.090534, 0.156519, 0.055392, 0.126838, 0.017911, 0.017718, 0.019865, 0.014515, 0.026464, 0.090534, 0.156519, 0.055392], "NMI": [0.379533, 0.330745, 0.278462, 0.253528, 0.16538, 0.243956, 0.326248, 0.404289, 0.278746, 0.379533, 0.330745, 0.278462, 0.253528, 0.16538, 0.243956, 0.326248, 0.404289, 0.278746, 0.379533, 0.330745, 0.278462, 0.253528, 0.16538, 0.243956, 0.326248, 0.404289, 0.278746, 0.379533, 0.330745, 0.278462, 0.253528, 0.16538, 0.243956, 0.326248, 0.404289, 0.278746, 0.379533, 0.330745, 0.278462, 0.253528, 0.16538, 0.243956, 0.326248, 0.404289, 0.278746, 0.379533, 0.330745, 0.278462, 0.253528, 0.16538, 0.243956, 0.326248, 0.404289, 0.278746, 0.379533, 0.330745, 0.278462, 0.253528, 0.16538, 0.243956, 0.326248, 0.404289, 0.278746, 0.379533, 0.330745, 0.278462, 0.253528, 0.16538, 0.243956, 0.326248, 0.404289, 0.278746, 0.379533, 0.330745, 0.278462, 0.253528, 0.16538, 0.243956, 0.326248, 0.404289, 0.278746, 0.379533, 0.330745, 0.278462, 0.253528, 0.16538, 0.243956, 0.326248, 0.404289, 0.278746], "FMI": [0.459891, 0.164738, 0.372887, 0.44252, 0.517102, 0.47154, 0.474609, 0.466474, 0.479726, 0.459891, 0.164738, 0.372887, 0.44252, 0.517102, 0.47154, 0.474609, 0.466474, 0.479726, 0.459891, 0.164738, 0.372887, 0.44252, 0.517102, 0.47154, 0.474609, 0.466474, 0.479726, 0.459891, 0.164738, 0.372887, 0.44252, 0.517102, 0.47154, 0.474609, 0.466474, 0.479726, 0.459891, 0.164738, 0.372887, 0.44252, 0.517102, 0.47154, 0.474609, 0.466474, 0.479726, 0.459891, 0.164738, 0.372887, 0.44252, 0.517102, 0.47154, 0.474609, 0.466474, 0.479726, 0.459891, 0.164738, 0.372887, 0.44252, 0.517102, 0.47154, 0.474609, 0.466474, 0.479726, 0.459891, 0.164738, 0.372887, 0.44252, 0.517102, 0.47154, 0.474609, 0.466474, 0.479726, 0.459891, 0.164738, 0.372887, 0.44252, 0.517102, 0.47154, 0.474609, 0.466474, 0.479726, 0.459891, 0.164738, 0.372887, 0.44252, 0.517102, 0.47154, 0.474609, 0.466474, 0.479726], "FILE_NAME": ["op__eps_0.1__ms_10.json", "op__eps_0.1__ms_2.json", "op__eps_0.1__ms_3.json", "op__eps_0.1__ms_4.json", "op__eps_0.1__ms_5.json", "op__eps_0.1__ms_6.json", "op__eps_0.1__ms_7.json", "op__eps_0.1__ms_8.json", "op__eps_0.1__ms_9.json", "op__eps_0.2__ms_10.json", "op__eps_0.2__ms_2.json", "op__eps_0.2__ms_3.json", "op__eps_0.2__ms_4.json", "op__eps_0.2__ms_5.json", "op__eps_0.2__ms_6.json", "op__eps_0.2__ms_7.json", "op__eps_0.2__ms_8.json", "op__eps_0.2__ms_9.json", "op__eps_0.3__ms_10.json", "op__eps_0.3__ms_2.json", "op__eps_0.3__ms_3.json", "op__eps_0.3__ms_4.json", "op__eps_0.3__ms_5.json", "op__eps_0.3__ms_6.json", "op__eps_0.3__ms_7.json", "op__eps_0.3__ms_8.json", "op__eps_0.3__ms_9.json", "op__eps_0.4__ms_10.json", "op__eps_0.4__ms_2.json", "op__eps_0.4__ms_3.json", "op__eps_0.4__ms_4.json", "op__eps_0.4__ms_5.json", "op__eps_0.4__ms_6.json", "op__eps_0.4__ms_7.json", "op__eps_0.4__ms_8.json", "op__eps_0.4__ms_9.json", "op__eps_0.5__ms_10.json", "op__eps_0.5__ms_2.json", "op__eps_0.5__ms_3.json", "op__eps_0.5__ms_4.json", "op__eps_0.5__ms_5.json", "op__eps_0.5__ms_6.json", "op__eps_0.5__ms_7.json", "op__eps_0.5__ms_8.json", "op__eps_0.5__ms_9.json", "op__eps_0.6__ms_10.json", "op__eps_0.6__ms_2.json", "op__eps_0.6__ms_3.json", "op__eps_0.6__ms_4.json", "op__eps_0.6__ms_5.json", "op__eps_0.6__ms_6.json", "op__eps_0.6__ms_7.json", "op__eps_0.6__ms_8.json", "op__eps_0.6__ms_9.json", "op__eps_0.7__ms_10.json", "op__eps_0.7__ms_2.json", "op__eps_0.7__ms_3.json", "op__eps_0.7__ms_4.json", "op__eps_0.7__ms_5.json", "op__eps_0.7__ms_6.json", "op__eps_0.7__ms_7.json", "op__eps_0.7__ms_8.json", "op__eps_0.7__ms_9.json", "op__eps_0.8__ms_10.json", "op__eps_0.8__ms_2.json", "op__eps_0.8__ms_3.json", "op__eps_0.8__ms_4.json", "op__eps_0.8__ms_5.json", "op__eps_0.8__ms_6.json", "op__eps_0.8__ms_7.json", "op__eps_0.8__ms_8.json", "op__eps_0.8__ms_9.json", "op__eps_0.9__ms_10.json", "op__eps_0.9__ms_2.json", "op__eps_0.9__ms_3.json", "op__eps_0.9__ms_4.json", "op__eps_0.9__ms_5.json", "op__eps_0.9__ms_6.json", "op__eps_0.9__ms_7.json", "op__eps_0.9__ms_8.json", "op__eps_0.9__ms_9.json", "op__eps_1.0__ms_10.json", "op__eps_1.0__ms_2.json", "op__eps_1.0__ms_3.json", "op__eps_1.0__ms_4.json", "op__eps_1.0__ms_5.json", "op__eps_1.0__ms_6.json", "op__eps_1.0__ms_7.json", "op__eps_1.0__ms_8.json", "op__eps_1.0__ms_9.json"], "cluster_acc": -1, "adjusted_mutual_info": 0.398992, "adjusted_rand_index": 0.156519, "fowlkes_mallows_index": 0.517102, "normalized_mutual_info": 0.404289, "file_name": "op__eps_0.1__ms_8.json"}