{"ACC": [1.0, 0.509615, 0.967949, 0.958333, 0.884615, 0.817308, 0.798077, 0.50641, 0.650641, 0.567308, 0.621795, 0.644231, 0.560897, 0.551282, 0.541667, 0.480769, 0.445513, 0.416667, 0.439103, 0.365385, 1.0, 0.346154, 0.352564, 0.349359, 0.349359, 0.362179, 0.346154, 0.349359, 0.355769, 0.375, 0.36859, 0.737179, 0.371795, 0.371795, 0.375, 0.375, 0.371795, 0.365385, 0.36859, 0.358974, 0.36859, 0.362179, 1.0, 0.375, 1.0, 1.0, 1.0, 0.416667], "AMI": [1.0, 0.370597, 0.902076, 0.882646, 0.713801, 0.565679, 0.539776, 0.288249, 0.29281, 0.27269, 0.249945, 0.302208, 0.225186, 0.218159, 0.212213, 0.124399, 0.058017, 0.011131, 0.020731, -0.001633, 1.0, -0.004943, -0.004543, -0.004433, -0.004734, -0.003488, -0.00528, -0.004686, -0.003999, -0.000927, -0.002247, 0.696795, -0.002084, -9.4e-05, -0.001849, -0.002266, -0.001789, -0.001681, -0.001335, -0.002951, -0.001214, -0.003271, 1.0, -0.00099, 1.0, 1.0, 1.0, 0.23775], "ARI": [1.0, 0.204944, 0.909027, 0.883693, 0.700845, 0.549903, 0.513761, 0.168494, 0.267092, 0.185932, 0.230388, 0.268688, 0.118714, 0.113001, 0.098039, 0.047538, 0.059522, 0.012258, 0.022565, -0.002032, 1.0, -0.005403, -0.004979, -0.004649, -0.005068, -0.002499, -0.005705, -0.005165, -0.004441, -0.001153, -0.002547, 0.554389, -0.002095, -0.000619, -0.001249, -0.00192, -0.001074, -0.000983, -0.000498, -0.003199, -0.000282, -0.002816, 1.0, -4.6e-05, 1.0, 1.0, 1.0, 0.077135], "NMI": [1.0, 0.375262, 0.902653, 0.883339, 0.715493, 0.568236, 0.542485, 0.293264, 0.29699, 0.277369, 0.254372, 0.306324, 0.230255, 0.223276, 0.217457, 0.130038, 0.063572, 0.017008, 0.026508, 0.004303, 1.0, 0.000977, 0.001382, 0.001509, 0.001202, 0.00308, 0.000654, 0.001249, 0.001926, 0.004996, 0.003682, 0.698809, 0.003865, 0.005861, 0.004105, 0.003694, 0.004174, 0.004282, 0.004623, 0.003006, 0.004759, 0.002704, 1.0, 0.004976, 1.0, 1.0, 1.0, 0.243883], "FMI": [1.0, 0.575175, 0.939309, 0.922514, 0.800935, 0.699036, 0.674838, 0.538807, 0.512015, 0.503583, 0.486766, 0.512052, 0.468538, 0.464481, 0.465247, 0.410861, 0.372354, 0.346274, 0.34787, 0.334427, 1.0, 0.328156, 0.329266, 0.331522, 0.330545, 0.381118, 0.3294, 0.330295, 0.330068, 0.334318, 0.333084, 0.738216, 0.335758, 0.338384, 0.337139, 0.336918, 0.338325, 0.338325, 0.338363, 0.335148, 0.340257, 0.337386, 1.0, 0.339911, 1.0, 1.0, 1.0, 0.534439], "FILE_NAME": ["snn_dpc__k_10.json", "snn_dpc__k_11.json", "snn_dpc__k_12.json", "snn_dpc__k_13.json", "snn_dpc__k_14.json", "snn_dpc__k_15.json", "snn_dpc__k_16.json", "snn_dpc__k_17.json", "snn_dpc__k_18.json", "snn_dpc__k_19.json", "snn_dpc__k_20.json", "snn_dpc__k_21.json", "snn_dpc__k_22.json", "snn_dpc__k_23.json", "snn_dpc__k_24.json", "snn_dpc__k_25.json", "snn_dpc__k_26.json", "snn_dpc__k_27.json", "snn_dpc__k_28.json", "snn_dpc__k_29.json", "snn_dpc__k_3.json", "snn_dpc__k_30.json", "snn_dpc__k_31.json", "snn_dpc__k_32.json", "snn_dpc__k_33.json", "snn_dpc__k_34.json", "snn_dpc__k_35.json", "snn_dpc__k_36.json", "snn_dpc__k_37.json", "snn_dpc__k_38.json", "snn_dpc__k_39.json", "snn_dpc__k_4.json", "snn_dpc__k_40.json", "snn_dpc__k_41.json", "snn_dpc__k_42.json", "snn_dpc__k_43.json", "snn_dpc__k_44.json", "snn_dpc__k_45.json", "snn_dpc__k_46.json", "snn_dpc__k_47.json", "snn_dpc__k_48.json", "snn_dpc__k_49.json", "snn_dpc__k_5.json", "snn_dpc__k_50.json", "snn_dpc__k_6.json", "snn_dpc__k_7.json", "snn_dpc__k_8.json", "snn_dpc__k_9.json"], "cluster_acc": 1.0, "adjusted_mutual_info": 1.0, "adjusted_rand_index": 1.0, "fowlkes_mallows_index": 1.0, "normalized_mutual_info": 1.0, "file_name": "snn_dpc__k_10.json"}