{"ACC": [0.339744, 0.342949, 0.339744, 0.339744, 0.339744, 0.342949, 0.342949, 0.342949, 0.342949, 0.342949], "AMI": [-0.005429, -0.005583, -0.005429, -0.005429, -0.005429, -0.005057, -0.005247, -0.005247, -0.005032, -0.005247], "ARI": [-0.005867, -0.006059, -0.005867, -0.005867, -0.005867, -0.005382, -0.005647, -0.005647, -0.005395, -0.005647], "NMI": [0.000494, 0.000339, 0.000494, 0.000494, 0.000494, 0.00087, 0.000675, 0.000675, 0.00089, 0.000675], "FMI": [0.327846, 0.3275, 0.327846, 0.327846, 0.327846, 0.328977, 0.328138, 0.328138, 0.32844, 0.328138], "FILE_NAME": ["sc__gamma_0.5.json", "sc__gamma_1.0.json", "sc__gamma_1.5.json", "sc__gamma_2.0.json", "sc__gamma_2.5.json", "sc__gamma_3.0.json", "sc__gamma_3.5.json", "sc__gamma_4.0.json", "sc__gamma_4.5.json", "sc__gamma_5.0.json"], "cluster_acc": 0.342949, "adjusted_mutual_info": -0.005032, "adjusted_rand_index": -0.005382, "fowlkes_mallows_index": 0.328977, "normalized_mutual_info": 0.00089, "file_name": "sc__gamma_4.5.json"}