{"label": [4, 2, 3, 1, 0, 1, 2, 3, 2, 4, 1, 2, 2, 1, 1, 2, 1, 1, 1, 4, 4, 3, 3, 3, 3, 0, 2, 2, 3, 3, 2, 2, 2, 0, 3, 3, 0, 2, 2, 4, 4, 3, 4, 0, 3, 3, 4, 4, 2, 1, 2, 2, 1, 1, 4, 4, 4, 2, 1, 5, 5, 5, 8, 8, 7, 8, 8, 8, 5, 6, 11, 3, 10, 3, 3, 8, 8, 7, 6, 0, 8, 8, 7, 13, 8, 8, 7, 7, 7, 7, 7, 7, 7, 8, 8, 6, 11, 8, 8, 8, 8, 8, 10, 10, 10, 7, 10, 7, 10, 10, 9, 10, 7, 7, 10, 7, 10, 10, 5, 10, 10, 0, 0, 9, 9, 10, 10, 7, 10, 7, 11, 11, 11, 11, 5, 13, 13, 13, 13, 13, 13, 12, 13, 13, 11, 12, 12, 12, 12, 12, 11, 11, 11, 12, 12, 12, 12, 13, 12, 12, 12, 13, 13, 11, 12, 12, 12, 12, 12, 12, 11, 12, 12, 12, 12, 12, 12, 12], "damping": 0.5, "center": [0, 1, 1, 0, 1, 1, 7, 27, 8, 4, 3, 3, 7, 23], "davies_bouldin": 1.802137, "calinski_harabasz": 27.380185, "silhouette_coefficient": 0.112677, "cluster_acc": -1, "rand_index": 0.733321, "adjusted_rand_index": 0.268915, "mutual_info": 0.948028, "normalized_mutual_info": 0.526822, "adjusted_mutual_info": 0.504401, "homogeneity": 0.872923, "completeness": 0.377249, "v_measure": 0.526822, "h_c_v_m": [0.872923, 0.377249, 0.526822], "fowlkes_mallows_index": 0.460542}