{
    "label": [
        2,
        0,
        0,
        0,
        2,
        1,
        0,
        2,
        0,
        0,
        1,
        2,
        0,
        0,
        1,
        1,
        1,
        2,
        1,
        1,
        2,
        2,
        2,
        2,
        2,
        0,
        2,
        2,
        2,
        0,
        0,
        2,
        1,
        1,
        0,
        0,
        2,
        0,
        0,
        2,
        2,
        0,
        0,
        2,
        1,
        0,
        1,
        0,
        2,
        2,
        5,
        5,
        5,
        3,
        5,
        6,
        5,
        3,
        5,
        6,
        3,
        6,
        3,
        4,
        6,
        5,
        6,
        6,
        4,
        3,
        4,
        6,
        4,
        6,
        5,
        5,
        5,
        5,
        4,
        3,
        3,
        3,
        6,
        4,
        6,
        5,
        5,
        4,
        6,
        6,
        6,
        6,
        6,
        3,
        6,
        6,
        6,
        6,
        3,
        6,
        8,
        4,
        8,
        4,
        8,
        7,
        6,
        7,
        4,
        8,
        8,
        4,
        8,
        4,
        8,
        8,
        5,
        7,
        7,
        4,
        8,
        4,
        7,
        4,
        8,
        7,
        4,
        4,
        8,
        5,
        7,
        7,
        8,
        4,
        4,
        7,
        8,
        5,
        4,
        8,
        8,
        8,
        4,
        8,
        8,
        8,
        4,
        8,
        8,
        4
    ],
    "damping": 0.5,
    "center": [
        0,
        5,
        0,
        33,
        56,
        3,
        15,
        1,
        3
    ],
    "davies_bouldin": 1.043589,
    "calinski_harabasz": 234.374013,
    "silhouette_coefficient": 0.319433,
    "cluster_acc": -1,
    "rand_index": 0.755973,
    "adjusted_rand_index": 0.337551,
    "mutual_info": 0.926111,
    "normalized_mutual_info": 0.570497,
    "adjusted_mutual_info": 0.554921,
    "homogeneity": 0.842983,
    "completeness": 0.431136,
    "v_measure": 0.570497,
    "h_c_v_m": [
        0.842983,
        0.431136,
        0.570497
    ],
    "fowlkes_mallows_index": 0.513933
}