{"center": [449, 363, 625, 174, 351, 101, 681, 558, 1255, 841, 50, 1356, 265, 1268, 736, 676, 1046, 848, 768, 304], "davies_bouldin": 2.013077722815269, "calinski_harabasz": 93.50771152863983, "silhouette_coefficient": 0.1419853140313696, "cluster_acc": 0.6402777777777777, "rand_index": 0.9462473940236276, "adjusted_rand_index": 0.5221418358288208, "mutual_info": 2.2321635264398862, "normalized_mutual_info": 0.7712956506851236, "adjusted_mutual_info": 0.7600620165604326, "homogeneity": 0.7451144904186501, "completeness": 0.799383672475888, "v_measure": 0.7712956506851236, "h_c_v_m": [0.7451144904186501, 0.799383672475888, 0.7712956506851236], "fowlkes_mallows_index": 0.5582815223798017, "label": [11, 11, 11, 11, 11, 11, 11, 11, 11, 11, 11, 11, 11, 11, 11, 11, 11, 11, 11, 11, 11, 11, 11, 11, 11, 11, 11, 11, 2, 11, 11, 11, 2, 2, 11, 11, 11, 11, 11, 11, 11, 11, 11, 11, 11, 11, 11, 11, 11, 11, 11, 11, 11, 11, 11, 11, 11, 11, 11, 11, 11, 11, 11, 11, 11, 11, 11, 11, 11, 11, 11, 11, 6, 6, 6, 6, 6, 6, 6, 12, 12, 12, 12, 12, 6, 12, 12, 12, 12, 6, 6, 6, 6, 6, 6, 6, 6, 6, 6, 6, 6, 6, 6, 6, 6, 6, 6, 6, 6, 6, 6, 6, 6, 6, 6, 6, 6, 6, 12, 12, 12, 12, 12, 12, 12, 12, 12, 4, 6, 6, 6, 6, 6, 6, 6, 6, 6, 6, 6, 6, 6, 6, 6, 6, 4, 4, 4, 4, 4, 4, 4, 4, 4, 4, 4, 4, 4, 4, 4, 4, 4, 4, 4, 4, 4, 4, 4, 4, 4, 4, 4, 4, 4, 4, 4, 4, 4, 4, 4, 4, 4, 4, 4, 4, 4, 4, 4, 4, 4, 4, 4, 4, 4, 4, 4, 4, 4, 4, 4, 4, 4, 4, 4, 4, 4, 4, 4, 4, 4, 4, 4, 4, 4, 4, 4, 4, 13, 13, 13, 13, 13, 13, 13, 13, 13, 13, 13, 13, 13, 13, 13, 13, 13, 13, 13, 13, 13, 13, 13, 13, 13, 13, 13, 13, 13, 13, 13, 13, 13, 13, 13, 13, 13, 13, 13, 13, 13, 13, 13, 13, 13, 13, 13, 13, 13, 13, 13, 13, 13, 13, 13, 13, 13, 13, 13, 13, 13, 13, 13, 13, 13, 13, 13, 13, 13, 13, 13, 13, 5, 20, 20, 20, 5, 5, 5, 5, 5, 5, 5, 5, 20, 20, 20, 20, 20, 20, 20, 20, 20, 5, 5, 20, 5, 5, 5, 5, 5, 5, 5, 5, 20, 20, 20, 20, 20, 20, 20, 20, 20, 20, 5, 5, 5, 20, 5, 5, 5, 5, 5, 5, 20, 20, 20, 20, 20, 20, 20, 20, 20, 20, 20, 5, 5, 5, 5, 20, 5, 5, 20, 20, 2, 2, 2, 2, 2, 2, 2, 2, 2, 2, 2, 2, 2, 2, 2, 2, 2, 2, 2, 2, 2, 2, 2, 2, 2, 2, 2, 2, 2, 2, 2, 2, 2, 2, 2, 2, 2, 2, 2, 2, 2, 2, 2, 2, 2, 2, 2, 2, 2, 2, 2, 2, 2, 2, 2, 2, 2, 2, 2, 2, 2, 2, 2, 2, 2, 2, 2, 2, 2, 2, 2, 2, 1, 1, 1, 1, 1, 1, 1, 1, 1, 1, 1, 1, 1, 1, 1, 1, 1, 1, 1, 1, 1, 1, 1, 1, 1, 1, 1, 1, 1, 1, 1, 1, 1, 1, 1, 1, 1, 1, 1, 1, 1, 1, 1, 1, 1, 1, 1, 1, 1, 1, 1, 1, 1, 1, 1, 1, 1, 1, 1, 1, 1, 1, 1, 1, 1, 1, 1, 1, 1, 1, 1, 1, 8, 8, 8, 8, 8, 8, 8, 8, 8, 8, 8, 8, 8, 8, 8, 8, 8, 8, 8, 8, 8, 8, 8, 8, 8, 8, 8, 8, 8, 8, 8, 8, 8, 8, 8, 8, 8, 8, 8, 8, 8, 8, 8, 8, 8, 8, 8, 8, 8, 8, 8, 8, 8, 8, 8, 8, 8, 8, 8, 8, 8, 8, 8, 8, 8, 8, 8, 8, 8, 8, 8, 8, 3, 3, 3, 3, 3, 3, 3, 3, 3, 3, 3, 3, 3, 3, 3, 3, 3, 3, 3, 3, 3, 3, 3, 3, 3, 3, 3, 3, 3, 3, 3, 3, 3, 3, 3, 3, 3, 3, 3, 3, 3, 3, 3, 3, 3, 3, 3, 3, 3, 3, 3, 3, 3, 3, 3, 3, 3, 3, 3, 3, 3, 3, 3, 3, 3, 3, 3, 3, 3, 3, 3, 3, 16, 7, 7, 7, 7, 7, 7, 7, 2, 2, 2, 2, 7, 16, 16, 16, 16, 16, 16, 16, 16, 16, 16, 7, 16, 16, 16, 16, 16, 16, 16, 16, 7, 7, 7, 7, 7, 7, 7, 7, 7, 7, 7, 7, 7, 7, 7, 7, 2, 2, 2, 2, 16, 16, 16, 16, 7, 16, 16, 16, 16, 16, 16, 16, 16, 16, 16, 7, 16, 16, 7, 7, 14, 14, 14, 14, 14, 14, 14, 14, 14, 14, 15, 15, 14, 15, 15, 15, 15, 15, 15, 15, 15, 16, 16, 14, 16, 16, 16, 16, 16, 16, 16, 16, 16, 16, 14, 16, 16, 16, 16, 19, 19, 19, 5, 19, 19, 14, 5, 20, 20, 20, 20, 19, 19, 19, 19, 14, 14, 14, 14, 14, 14, 14, 14, 14, 14, 14, 14, 14, 14, 14, 14, 14, 10, 10, 18, 18, 18, 18, 18, 18, 18, 10, 10, 10, 10, 10, 10, 10, 10, 10, 10, 10, 10, 10, 10, 10, 10, 10, 10, 10, 10, 10, 10, 10, 10, 10, 18, 10, 10, 10, 10, 10, 10, 10, 10, 10, 10, 18, 10, 10, 10, 10, 10, 10, 10, 10, 10, 10, 18, 10, 10, 10, 10, 10, 10, 10, 18, 10, 10, 18, 10, 10, 18, 18, 14, 14, 14, 14, 14, 12, 1, 1, 1, 1, 1, 1, 14, 1, 1, 9, 9, 9, 16, 16, 16, 16, 16, 14, 16, 16, 16, 16, 16, 16, 16, 16, 16, 16, 14, 16, 16, 16, 16, 16, 16, 2, 2, 12, 4, 14, 4, 12, 12, 12, 12, 12, 12, 12, 14, 14, 14, 14, 14, 14, 14, 14, 14, 14, 14, 14, 14, 14, 14, 14, 14, 14, 16, 16, 7, 7, 7, 7, 7, 7, 16, 2, 16, 3, 7, 16, 16, 16, 16, 16, 16, 16, 16, 16, 16, 7, 16, 16, 16, 16, 16, 16, 16, 7, 7, 7, 7, 7, 7, 7, 7, 7, 7, 7, 7, 7, 7, 7, 7, 7, 7, 2, 2, 16, 16, 16, 16, 16, 7, 16, 16, 16, 16, 16, 16, 16, 16, 16, 16, 7, 16, 16, 7, 7, 17, 17, 12, 12, 12, 12, 12, 12, 12, 12, 17, 17, 17, 17, 17, 17, 17, 17, 17, 17, 17, 17, 17, 17, 17, 17, 17, 17, 17, 17, 17, 17, 17, 17, 17, 17, 17, 17, 17, 17, 17, 12, 12, 12, 17, 17, 12, 12, 12, 12, 12, 12, 12, 12, 12, 12, 17, 12, 17, 17, 17, 17, 17, 17, 17, 17, 17, 12, 17, 17, 12, 12, 7, 7, 7, 7, 7, 7, 7, 14, 14, 14, 14, 14, 7, 16, 16, 16, 16, 16, 16, 16, 16, 16, 16, 7, 16, 7, 7, 7, 7, 7, 7, 7, 7, 7, 7, 7, 7, 7, 7, 7, 7, 7, 7, 7, 7, 7, 7, 9, 9, 9, 9, 9, 16, 16, 16, 16, 7, 16, 16, 16, 16, 16, 16, 16, 16, 16, 16, 7, 16, 7, 7, 7, 16, 16, 7, 7, 7, 7, 7, 16, 14, 7, 7, 16, 7, 16, 16, 16, 16, 16, 16, 16, 16, 16, 16, 7, 16, 16, 16, 16, 16, 16, 16, 16, 7, 7, 7, 7, 7, 7, 7, 7, 7, 7, 7, 7, 7, 7, 7, 7, 7, 7, 7, 16, 16, 16, 16, 16, 7, 16, 16, 16, 16, 16, 16, 16, 16, 16, 16, 7, 16, 16, 7, 7, 14, 14, 9, 9, 9, 9, 9, 9, 9, 9, 9, 9, 14, 9, 9, 9, 9, 9, 9, 9, 9, 9, 9, 9, 9, 9, 9, 9, 9, 9, 9, 9, 9, 9, 9, 9, 9, 9, 9, 14, 14, 14, 14, 14, 14, 9, 14, 14, 14, 14, 14, 14, 14, 14, 14, 14, 9, 14, 14, 14, 14, 14, 14, 14, 14, 14, 14, 9, 14, 14, 9, 9, 12, 12, 12, 12, 12, 12, 12, 12, 12, 12, 12, 12, 12, 12, 12, 12, 12, 12, 12, 12, 12, 12, 12, 12, 12, 12, 12, 12, 12, 12, 12, 12, 12, 12, 12, 12, 12, 12, 12, 12, 12, 12, 12, 12, 12, 12, 12, 12, 12, 12, 12, 12, 12, 12, 12, 12, 12, 12, 12, 12, 12, 12, 12, 12, 12, 12, 12, 12, 12, 12, 12, 12, 7, 7, 7, 7, 7, 14, 14, 2, 14, 14, 14, 14, 7, 14, 14, 16, 16, 16, 16, 16, 16, 16, 16, 7, 16, 16, 7, 7, 7, 7, 7, 7, 7, 7, 7, 7, 7, 7, 7, 7, 7, 7, 7, 7, 7, 7, 14, 14, 14, 14, 14, 2, 14, 14, 16, 16, 7, 16, 16, 16, 16, 16, 16, 16, 16, 16, 7, 7, 7, 7, 7, 7]}