{"center": [449, 625, 363, 346, 174, 265, 1255, 54, 681, 558, 672, 1356, 837, 1109, 73, 1267, 1045, 765, 1292, 838], "davies_bouldin": 2.0396217796076437, "calinski_harabasz": 89.52842657160889, "silhouette_coefficient": 0.13240232065696558, "cluster_acc": 0.6680555555555555, "rand_index": 0.9487047332252335, "adjusted_rand_index": 0.5484988196054362, "mutual_info": 2.288708830525362, "normalized_mutual_info": 0.791934592178032, "adjusted_mutual_info": 0.781857252187726, "homogeneity": 0.7639897766331932, "completeness": 0.8220013235218196, "v_measure": 0.791934592178032, "h_c_v_m": [0.7639897766331932, 0.8220013235218196, 0.791934592178032], "fowlkes_mallows_index": 0.584604411149992, "label": [8, 8, 8, 8, 8, 8, 8, 8, 8, 8, 8, 8, 8, 8, 8, 8, 8, 8, 8, 8, 8, 8, 8, 8, 8, 8, 8, 8, 8, 8, 8, 8, 8, 8, 8, 8, 8, 8, 8, 8, 8, 8, 8, 8, 8, 8, 8, 8, 8, 8, 8, 8, 8, 8, 8, 8, 8, 8, 8, 8, 8, 8, 8, 8, 8, 8, 8, 8, 8, 8, 8, 8, 15, 15, 15, 15, 15, 15, 15, 12, 12, 12, 12, 12, 15, 12, 12, 12, 15, 15, 15, 15, 15, 15, 15, 15, 15, 15, 15, 15, 15, 15, 15, 15, 15, 15, 15, 15, 15, 15, 15, 15, 15, 15, 15, 15, 15, 15, 12, 12, 12, 12, 12, 12, 12, 12, 12, 12, 15, 15, 15, 15, 15, 15, 15, 15, 15, 15, 15, 15, 15, 15, 15, 15, 5, 5, 5, 5, 5, 5, 5, 5, 5, 5, 5, 5, 5, 5, 5, 5, 5, 5, 5, 5, 5, 5, 5, 5, 5, 5, 5, 5, 5, 5, 5, 5, 5, 5, 5, 5, 5, 5, 5, 5, 5, 5, 5, 5, 5, 5, 5, 5, 5, 5, 5, 5, 5, 5, 5, 5, 5, 5, 5, 5, 5, 5, 5, 5, 5, 5, 5, 5, 5, 5, 5, 5, 6, 6, 6, 6, 6, 6, 6, 6, 6, 6, 6, 6, 6, 6, 6, 6, 6, 6, 6, 6, 6, 6, 6, 6, 6, 6, 6, 6, 6, 6, 6, 6, 6, 6, 6, 6, 6, 6, 6, 6, 6, 6, 6, 6, 6, 6, 6, 6, 6, 6, 6, 6, 6, 6, 6, 6, 6, 6, 6, 6, 6, 6, 6, 6, 6, 6, 6, 6, 6, 6, 6, 6, 4, 4, 4, 4, 4, 4, 4, 4, 4, 4, 4, 4, 4, 4, 4, 4, 4, 4, 4, 4, 4, 4, 4, 4, 4, 4, 4, 4, 4, 4, 4, 4, 4, 4, 4, 4, 4, 4, 4, 4, 4, 4, 4, 4, 4, 4, 4, 4, 4, 4, 4, 4, 4, 4, 4, 4, 4, 4, 4, 4, 4, 4, 4, 4, 4, 4, 4, 4, 4, 4, 4, 4, 3, 3, 3, 3, 3, 3, 3, 3, 3, 3, 3, 3, 3, 3, 3, 3, 3, 3, 3, 3, 3, 3, 3, 3, 3, 3, 3, 3, 3, 3, 3, 3, 3, 3, 3, 3, 3, 3, 3, 3, 3, 3, 3, 3, 3, 3, 3, 3, 3, 3, 3, 3, 3, 3, 3, 3, 3, 3, 3, 3, 3, 3, 3, 3, 3, 3, 3, 3, 3, 3, 3, 3, 1, 1, 1, 1, 1, 1, 1, 1, 1, 1, 1, 1, 1, 1, 1, 1, 1, 1, 1, 1, 1, 1, 1, 1, 1, 1, 1, 1, 1, 1, 1, 1, 1, 1, 1, 1, 1, 1, 1, 1, 1, 1, 1, 1, 1, 1, 1, 1, 1, 1, 1, 1, 1, 1, 1, 1, 1, 1, 1, 1, 1, 1, 1, 1, 1, 1, 1, 1, 1, 1, 1, 1, 10, 10, 10, 10, 10, 10, 10, 10, 10, 10, 10, 10, 10, 10, 10, 10, 10, 10, 10, 10, 10, 10, 10, 10, 10, 10, 10, 10, 10, 10, 10, 10, 10, 10, 10, 10, 10, 10, 10, 10, 10, 10, 10, 10, 10, 10, 10, 10, 10, 10, 10, 10, 10, 10, 10, 10, 10, 10, 10, 10, 10, 10, 10, 10, 10, 10, 10, 10, 10, 10, 10, 10, 2, 2, 2, 2, 2, 2, 2, 2, 2, 2, 2, 2, 2, 2, 2, 2, 2, 2, 2, 2, 2, 2, 2, 2, 2, 2, 2, 2, 2, 2, 2, 2, 2, 2, 2, 2, 2, 2, 2, 2, 2, 2, 2, 2, 2, 2, 2, 2, 2, 2, 2, 2, 2, 2, 2, 2, 2, 2, 2, 2, 2, 2, 2, 2, 2, 2, 2, 2, 2, 2, 2, 2, 9, 9, 9, 9, 9, 9, 9, 9, 3, 3, 3, 3, 9, 11, 11, 11, 11, 11, 11, 11, 11, 11, 11, 9, 11, 11, 11, 11, 11, 11, 11, 9, 9, 9, 9, 9, 9, 9, 9, 9, 9, 9, 9, 9, 9, 9, 9, 9, 3, 4, 4, 3, 11, 11, 11, 11, 9, 11, 11, 11, 11, 11, 11, 11, 11, 11, 11, 9, 11, 11, 9, 9, 18, 18, 18, 18, 18, 18, 18, 18, 18, 4, 4, 4, 18, 11, 11, 11, 11, 11, 11, 11, 11, 11, 11, 18, 11, 11, 11, 11, 11, 11, 11, 11, 11, 11, 18, 11, 11, 11, 11, 11, 11, 11, 11, 11, 11, 18, 11, 4, 4, 4, 4, 4, 4, 11, 18, 18, 18, 18, 18, 18, 18, 18, 18, 18, 18, 18, 18, 18, 18, 18, 18, 18, 20, 20, 13, 13, 13, 13, 13, 13, 13, 13, 13, 13, 13, 13, 20, 20, 20, 20, 20, 20, 20, 20, 20, 13, 20, 20, 20, 20, 20, 20, 20, 20, 20, 20, 13, 20, 20, 20, 20, 20, 20, 20, 20, 20, 20, 13, 20, 20, 20, 20, 20, 20, 20, 20, 20, 20, 13, 20, 20, 20, 20, 20, 20, 20, 20, 20, 20, 13, 20, 20, 13, 13, 18, 18, 18, 18, 18, 18, 1, 1, 1, 12, 12, 1, 18, 1, 12, 12, 11, 11, 11, 11, 11, 11, 11, 18, 11, 11, 11, 11, 11, 11, 11, 11, 11, 11, 18, 11, 11, 11, 11, 11, 11, 11, 11, 12, 5, 18, 5, 12, 12, 12, 12, 12, 12, 12, 12, 18, 18, 18, 18, 18, 18, 18, 18, 18, 18, 18, 18, 18, 18, 18, 18, 18, 11, 9, 9, 9, 9, 9, 9, 9, 11, 4, 11, 11, 9, 11, 11, 11, 11, 11, 11, 11, 11, 11, 11, 9, 11, 11, 11, 11, 11, 11, 9, 9, 9, 9, 9, 9, 9, 9, 9, 9, 9, 9, 9, 9, 9, 9, 9, 9, 9, 3, 3, 11, 11, 11, 11, 11, 9, 11, 11, 11, 11, 11, 11, 11, 11, 11, 11, 9, 11, 11, 9, 9, 17, 17, 12, 17, 12, 12, 12, 17, 17, 17, 17, 17, 17, 17, 17, 17, 17, 17, 17, 17, 17, 17, 17, 17, 17, 17, 17, 17, 17, 17, 17, 17, 17, 17, 17, 17, 17, 17, 17, 17, 17, 17, 17, 17, 17, 17, 17, 17, 17, 12, 12, 12, 12, 12, 12, 12, 17, 17, 17, 17, 17, 17, 17, 17, 17, 17, 17, 17, 17, 17, 17, 17, 9, 9, 9, 9, 9, 9, 9, 18, 7, 7, 7, 7, 9, 11, 11, 11, 11, 11, 11, 11, 11, 11, 11, 9, 11, 11, 14, 14, 14, 9, 9, 9, 9, 9, 9, 9, 9, 9, 9, 9, 9, 9, 9, 9, 9, 9, 9, 9, 7, 7, 7, 11, 11, 11, 11, 11, 9, 11, 11, 11, 11, 11, 11, 11, 11, 11, 11, 9, 11, 9, 9, 9, 11, 9, 9, 9, 9, 9, 9, 9, 18, 9, 4, 11, 9, 11, 11, 11, 11, 11, 11, 11, 11, 11, 11, 9, 11, 11, 11, 11, 11, 11, 11, 9, 9, 9, 9, 9, 9, 9, 9, 9, 9, 9, 9, 9, 9, 9, 9, 9, 9, 4, 4, 11, 11, 11, 11, 11, 9, 11, 11, 11, 11, 11, 11, 11, 11, 11, 11, 9, 11, 11, 9, 9, 19, 19, 7, 7, 7, 7, 7, 7, 7, 7, 7, 7, 19, 7, 7, 7, 7, 7, 7, 7, 7, 7, 7, 19, 7, 7, 7, 7, 7, 7, 7, 7, 7, 7, 19, 7, 7, 7, 7, 16, 16, 16, 16, 16, 16, 19, 16, 16, 16, 16, 16, 16, 16, 16, 16, 16, 7, 16, 16, 16, 16, 19, 19, 19, 19, 19, 19, 7, 19, 19, 7, 7, 12, 12, 12, 12, 12, 12, 12, 12, 12, 12, 12, 12, 12, 12, 12, 12, 12, 12, 12, 12, 12, 12, 12, 12, 12, 12, 12, 12, 12, 12, 12, 12, 12, 12, 12, 12, 12, 12, 12, 12, 12, 12, 12, 12, 12, 12, 12, 12, 12, 12, 12, 12, 12, 12, 12, 12, 12, 12, 12, 12, 12, 12, 12, 12, 12, 12, 12, 12, 12, 12, 12, 12, 9, 9, 9, 9, 9, 9, 9, 7, 7, 7, 7, 7, 9, 7, 11, 11, 11, 11, 11, 11, 11, 11, 11, 9, 11, 11, 11, 9, 9, 9, 9, 9, 9, 9, 9, 9, 9, 9, 9, 9, 9, 9, 9, 9, 9, 9, 9, 7, 7, 7, 7, 7, 4, 4, 11, 11, 9, 11, 11, 11, 11, 11, 11, 11, 11, 9, 9, 9, 9, 9, 9, 9]}