{"center": [449, 363, 620, 346, 179, 548, 108, 676, 826, 1250, 53, 265, 1356, 737, 1107, 765, 1272, 1045, 681, 838], "davies_bouldin": 2.034845951846228, "calinski_harabasz": 110.04828346891782, "silhouette_coefficient": 0.1677655637540218, "cluster_acc": -1, "rand_index": 0.9581422283993514, "adjusted_rand_index": 0.6040441476401409, "mutual_info": 2.3769251153750752, "normalized_mutual_info": 0.8124010037273223, "adjusted_mutual_info": 0.8037194447597011, "homogeneity": 0.7934370959509031, "completeness": 0.8322936196982761, "v_measure": 0.8124010037273223, "h_c_v_m": [0.7934370959509031, 0.8322936196982761, 0.8124010037273223], "fowlkes_mallows_index": 0.6302919167878741, "label": [11, 11, 11, 11, 11, 11, 11, 11, 11, 11, 11, 11, 11, 11, 11, 11, 11, 11, 11, 11, 11, 11, 11, 11, 11, 11, 11, 11, 11, 11, 11, 11, 11, 11, 11, 11, 11, 11, 11, 11, 11, 11, 11, 11, 11, 11, 11, 11, 11, 11, 11, 11, 11, 11, 11, 11, 11, 11, 11, 11, 11, 11, 11, 11, 11, 11, 11, 11, 11, 11, 11, 11, 7, 7, 7, 7, 7, 7, 7, 13, 13, 13, 13, 13, 7, 13, 11, 11, 13, 7, 7, 7, 7, 7, 7, 7, 7, 7, 7, 7, 7, 7, 7, 7, 7, 7, 7, 7, 7, 7, 7, 7, 7, 7, 7, 7, 7, 7, 13, 13, 13, 13, 13, 13, 13, 13, 13, 13, 7, 7, 7, 7, 7, 7, 7, 7, 7, 7, 7, 7, 7, 7, 7, 7, 5, 5, 5, 5, 5, 5, 5, 5, 5, 5, 5, 5, 5, 5, 5, 5, 5, 5, 5, 5, 5, 5, 5, 5, 5, 5, 5, 5, 5, 5, 5, 5, 5, 5, 5, 5, 5, 5, 5, 5, 5, 5, 5, 5, 5, 5, 5, 5, 5, 5, 5, 5, 5, 5, 5, 5, 5, 5, 5, 5, 5, 5, 5, 5, 5, 5, 5, 5, 5, 5, 5, 5, 12, 12, 12, 12, 12, 12, 12, 12, 12, 12, 12, 12, 12, 12, 12, 12, 12, 12, 12, 12, 12, 12, 12, 12, 12, 12, 12, 12, 12, 12, 12, 12, 12, 12, 12, 12, 12, 12, 12, 12, 12, 12, 12, 12, 12, 12, 12, 12, 12, 12, 12, 12, 12, 12, 12, 12, 12, 12, 12, 12, 12, 12, 12, 12, 12, 12, 12, 12, 12, 12, 12, 12, 4, 4, 4, 4, 4, 4, 4, 4, 4, 4, 4, 4, 4, 4, 4, 4, 4, 4, 4, 4, 4, 4, 4, 4, 4, 4, 4, 4, 4, 4, 4, 4, 4, 4, 4, 4, 4, 4, 4, 4, 4, 4, 4, 4, 4, 4, 4, 4, 4, 4, 4, 4, 4, 4, 4, 4, 4, 4, 4, 4, 4, 4, 4, 4, 4, 4, 4, 4, 4, 4, 4, 4, 2, 2, 2, 2, 2, 2, 2, 2, 2, 2, 2, 2, 2, 2, 2, 2, 2, 2, 2, 2, 2, 2, 2, 2, 2, 2, 2, 2, 2, 2, 2, 2, 2, 2, 2, 2, 2, 2, 2, 2, 2, 2, 2, 2, 2, 2, 2, 2, 2, 2, 2, 2, 2, 2, 2, 2, 2, 2, 2, 2, 2, 2, 2, 2, 2, 2, 2, 2, 2, 2, 2, 2, 1, 1, 1, 1, 1, 1, 1, 1, 1, 1, 1, 1, 1, 1, 1, 1, 1, 1, 1, 1, 1, 1, 1, 1, 1, 1, 1, 1, 1, 1, 1, 1, 1, 1, 1, 1, 1, 1, 1, 1, 1, 1, 1, 1, 1, 1, 1, 1, 1, 1, 1, 1, 1, 1, 1, 1, 1, 1, 1, 1, 1, 1, 1, 1, 1, 1, 1, 1, 1, 1, 1, 1, 6, 6, 6, 6, 6, 6, 6, 6, 6, 6, 6, 6, 6, 6, 6, 6, 6, 6, 6, 6, 6, 6, 6, 6, 6, 6, 6, 6, 6, 6, 6, 6, 6, 6, 6, 6, 6, 6, 6, 6, 6, 6, 6, 6, 6, 6, 6, 6, 6, 6, 6, 6, 6, 6, 6, 6, 6, 6, 6, 6, 6, 6, 6, 6, 6, 6, 6, 6, 6, 6, 6, 6, 3, 3, 3, 3, 3, 3, 3, 3, 3, 3, 3, 3, 3, 3, 3, 3, 3, 3, 3, 3, 3, 3, 3, 3, 3, 3, 3, 3, 3, 3, 3, 3, 3, 3, 3, 3, 3, 3, 3, 3, 3, 3, 3, 3, 3, 3, 3, 3, 3, 3, 3, 3, 3, 3, 3, 3, 3, 3, 3, 3, 3, 3, 3, 3, 3, 3, 3, 3, 3, 3, 3, 3, 8, 18, 18, 18, 18, 18, 18, 18, 2, 2, 2, 2, 18, 8, 8, 8, 8, 8, 8, 8, 8, 8, 8, 18, 8, 8, 8, 8, 8, 8, 8, 8, 18, 18, 18, 18, 18, 18, 18, 18, 18, 18, 18, 18, 18, 18, 18, 18, 2, 4, 4, 4, 8, 8, 8, 8, 18, 8, 8, 8, 8, 8, 8, 8, 8, 8, 8, 18, 8, 8, 18, 18, 15, 15, 15, 15, 15, 15, 15, 15, 15, 15, 14, 14, 15, 14, 14, 14, 14, 14, 14, 14, 14, 14, 14, 15, 14, 14, 14, 14, 14, 14, 14, 14, 14, 14, 15, 14, 14, 14, 14, 14, 14, 14, 14, 14, 14, 15, 14, 14, 14, 4, 4, 14, 14, 15, 15, 15, 15, 15, 15, 15, 15, 15, 15, 15, 15, 15, 15, 15, 15, 15, 15, 15, 9, 9, 9, 9, 9, 9, 9, 9, 9, 9, 9, 9, 9, 9, 9, 19, 19, 19, 19, 19, 19, 19, 19, 9, 19, 19, 19, 19, 19, 19, 19, 19, 19, 19, 9, 19, 19, 19, 19, 19, 19, 19, 19, 19, 19, 9, 19, 19, 19, 19, 19, 19, 19, 19, 19, 19, 9, 19, 19, 19, 19, 19, 9, 9, 9, 9, 9, 9, 9, 9, 9, 9, 15, 15, 15, 15, 16, 15, 13, 1, 13, 13, 13, 13, 15, 13, 13, 10, 10, 14, 14, 14, 14, 14, 14, 15, 14, 14, 14, 14, 14, 14, 14, 14, 14, 14, 15, 14, 14, 14, 14, 14, 14, 2, 2, 2, 5, 15, 5, 13, 13, 13, 13, 13, 13, 16, 16, 13, 15, 15, 15, 15, 15, 15, 15, 15, 15, 15, 15, 15, 15, 15, 15, 15, 8, 8, 18, 18, 18, 18, 18, 18, 18, 8, 8, 8, 18, 8, 8, 8, 8, 8, 8, 8, 8, 8, 8, 18, 8, 8, 8, 8, 8, 8, 18, 18, 18, 18, 18, 18, 18, 18, 18, 18, 18, 18, 18, 18, 18, 18, 18, 18, 18, 2, 2, 8, 8, 8, 8, 8, 18, 8, 8, 8, 8, 8, 8, 8, 8, 8, 8, 18, 8, 8, 18, 18, 17, 17, 13, 13, 13, 13, 13, 17, 17, 17, 17, 17, 17, 17, 17, 17, 17, 17, 17, 17, 17, 17, 17, 17, 17, 17, 17, 17, 17, 17, 17, 17, 17, 17, 17, 17, 17, 17, 17, 17, 17, 17, 17, 17, 17, 17, 17, 17, 17, 17, 17, 17, 17, 17, 17, 17, 17, 17, 17, 17, 17, 17, 17, 17, 17, 17, 17, 13, 17, 17, 17, 13, 18, 18, 18, 18, 18, 18, 18, 16, 16, 16, 16, 16, 18, 8, 8, 8, 8, 8, 8, 8, 8, 8, 8, 18, 8, 8, 18, 18, 18, 18, 18, 18, 18, 18, 18, 18, 18, 18, 18, 18, 18, 18, 18, 18, 18, 18, 18, 16, 10, 10, 10, 10, 8, 8, 8, 8, 18, 8, 8, 8, 8, 8, 8, 8, 8, 8, 18, 18, 18, 18, 18, 18, 8, 18, 18, 18, 18, 18, 18, 18, 18, 4, 4, 8, 18, 8, 8, 8, 8, 8, 8, 8, 8, 8, 8, 18, 8, 8, 8, 8, 8, 8, 8, 8, 18, 18, 18, 18, 18, 18, 18, 18, 18, 18, 18, 18, 18, 18, 18, 18, 18, 4, 4, 8, 8, 8, 8, 8, 18, 8, 8, 8, 8, 8, 8, 8, 8, 8, 8, 18, 8, 8, 18, 18, 16, 16, 10, 10, 10, 10, 10, 10, 10, 10, 10, 10, 16, 10, 10, 10, 10, 10, 10, 10, 10, 10, 10, 16, 10, 10, 10, 10, 10, 10, 10, 10, 10, 10, 10, 10, 10, 10, 10, 16, 16, 16, 16, 16, 16, 10, 16, 16, 16, 16, 16, 16, 16, 16, 16, 16, 10, 16, 16, 16, 16, 16, 16, 16, 16, 16, 16, 10, 16, 16, 10, 10, 13, 13, 13, 13, 13, 13, 13, 13, 13, 13, 13, 13, 13, 13, 13, 13, 13, 13, 13, 13, 13, 13, 13, 13, 13, 13, 13, 13, 13, 13, 13, 13, 13, 13, 13, 13, 13, 13, 13, 13, 13, 13, 13, 13, 13, 13, 13, 13, 13, 13, 13, 13, 13, 13, 13, 13, 13, 13, 13, 13, 13, 13, 13, 13, 13, 13, 13, 13, 13, 13, 13, 13, 18, 18, 18, 18, 18, 18, 16, 16, 16, 16, 16, 16, 18, 16, 8, 8, 8, 8, 8, 8, 8, 8, 8, 18, 8, 8, 8, 8, 8, 18, 18, 18, 18, 18, 18, 18, 18, 18, 18, 18, 18, 18, 18, 18, 18, 18, 18, 16, 16, 16, 16, 16, 4, 8, 8, 8, 18, 8, 8, 8, 8, 8, 8, 8, 8, 8, 8, 18, 8, 18, 18, 18]}