{"center": [449, 363, 620, 346, 173, 548, 108, 676, 826, 1250, 53, 265, 1356, 737, 1107, 765, 1271, 1045, 681, 838], "davies_bouldin": 2.042384359964745, "calinski_harabasz": 110.03441113839412, "silhouette_coefficient": 0.16793861655324946, "cluster_acc": -1, "rand_index": 0.9579125164079993, "adjusted_rand_index": 0.6015038934780329, "mutual_info": 2.372202735622641, "normalized_mutual_info": 0.8106887767372161, "adjusted_mutual_info": 0.8019297464848212, "homogeneity": 0.791860726862743, "completeness": 0.8304339817918731, "v_measure": 0.8106887767372161, "h_c_v_m": [0.791860726862743, 0.8304339817918731, 0.8106887767372161], "fowlkes_mallows_index": 0.6277941489174338, "label": [11, 11, 11, 11, 11, 11, 11, 11, 11, 11, 11, 11, 11, 11, 11, 11, 11, 11, 11, 11, 11, 11, 11, 11, 11, 11, 11, 11, 11, 11, 11, 11, 2, 11, 11, 11, 11, 11, 11, 11, 11, 11, 11, 11, 11, 11, 11, 11, 11, 11, 11, 11, 11, 11, 11, 11, 11, 11, 11, 11, 11, 11, 11, 11, 11, 11, 11, 11, 11, 11, 11, 11, 7, 7, 7, 7, 7, 7, 7, 13, 13, 13, 13, 13, 7, 13, 11, 11, 13, 7, 7, 7, 7, 7, 7, 7, 7, 7, 7, 7, 7, 7, 7, 7, 7, 7, 7, 7, 7, 7, 7, 7, 7, 7, 7, 7, 7, 7, 13, 13, 13, 13, 13, 13, 13, 13, 13, 13, 7, 7, 7, 7, 7, 7, 7, 7, 7, 7, 7, 7, 7, 7, 7, 7, 5, 5, 5, 5, 5, 5, 5, 5, 5, 5, 5, 5, 5, 5, 5, 5, 5, 5, 5, 5, 5, 5, 5, 5, 5, 5, 5, 5, 5, 5, 5, 5, 5, 5, 5, 5, 5, 5, 5, 5, 5, 5, 5, 5, 5, 5, 5, 5, 5, 5, 5, 5, 5, 5, 5, 5, 5, 5, 5, 5, 5, 5, 5, 5, 5, 5, 5, 5, 5, 5, 5, 5, 12, 12, 12, 12, 12, 12, 12, 12, 12, 12, 12, 12, 12, 12, 12, 12, 12, 12, 12, 12, 12, 12, 12, 12, 12, 12, 12, 12, 12, 12, 12, 12, 12, 12, 12, 12, 12, 12, 12, 12, 12, 12, 12, 12, 12, 12, 12, 12, 12, 12, 12, 12, 12, 12, 12, 12, 12, 12, 12, 12, 12, 12, 12, 12, 12, 12, 12, 12, 12, 12, 12, 12, 4, 4, 4, 4, 4, 4, 4, 4, 4, 4, 4, 4, 4, 4, 4, 4, 4, 4, 4, 4, 4, 4, 4, 4, 4, 4, 4, 4, 4, 4, 4, 4, 4, 4, 4, 4, 4, 4, 4, 4, 4, 4, 4, 4, 4, 4, 4, 4, 4, 4, 4, 4, 4, 4, 4, 4, 4, 4, 4, 4, 4, 4, 4, 4, 4, 4, 4, 4, 4, 4, 4, 4, 2, 2, 2, 2, 2, 2, 2, 2, 2, 2, 2, 2, 2, 2, 2, 2, 2, 2, 2, 2, 2, 2, 2, 2, 2, 2, 2, 2, 2, 2, 2, 2, 2, 2, 2, 2, 2, 2, 2, 2, 2, 2, 2, 2, 2, 2, 2, 2, 2, 2, 2, 2, 2, 2, 2, 2, 2, 2, 2, 2, 2, 2, 2, 2, 2, 2, 2, 2, 2, 2, 2, 2, 1, 1, 1, 1, 1, 1, 1, 1, 1, 1, 1, 1, 1, 1, 1, 1, 1, 1, 1, 1, 1, 1, 1, 1, 1, 1, 1, 1, 1, 1, 1, 1, 1, 1, 1, 1, 1, 1, 1, 1, 1, 1, 1, 1, 1, 1, 1, 1, 1, 1, 1, 1, 1, 1, 1, 1, 1, 1, 1, 1, 1, 1, 1, 1, 1, 1, 1, 1, 1, 1, 1, 1, 6, 6, 6, 6, 6, 6, 6, 6, 6, 6, 6, 6, 6, 6, 6, 6, 6, 6, 6, 6, 6, 6, 6, 6, 6, 6, 6, 6, 6, 6, 6, 6, 6, 6, 6, 6, 6, 6, 6, 6, 6, 6, 6, 6, 6, 6, 6, 6, 6, 6, 6, 6, 6, 6, 6, 6, 6, 6, 6, 6, 6, 6, 6, 6, 6, 6, 6, 6, 6, 6, 6, 6, 3, 3, 3, 3, 3, 3, 3, 3, 3, 3, 3, 3, 3, 3, 3, 3, 3, 3, 3, 3, 3, 3, 3, 3, 3, 3, 3, 3, 3, 3, 3, 3, 3, 3, 3, 3, 3, 3, 3, 3, 3, 3, 3, 3, 3, 3, 3, 3, 3, 3, 3, 3, 3, 3, 3, 3, 3, 3, 3, 3, 3, 3, 3, 3, 3, 3, 3, 3, 3, 3, 3, 3, 8, 18, 18, 18, 18, 18, 18, 18, 2, 2, 2, 2, 18, 8, 8, 8, 8, 8, 8, 8, 8, 8, 8, 18, 8, 8, 8, 8, 8, 8, 8, 8, 18, 18, 18, 18, 18, 18, 18, 18, 18, 18, 18, 18, 18, 18, 18, 18, 2, 4, 4, 4, 8, 8, 8, 8, 18, 8, 8, 8, 8, 8, 8, 8, 8, 8, 8, 18, 8, 8, 18, 18, 15, 15, 15, 15, 15, 15, 15, 15, 15, 15, 14, 14, 15, 14, 14, 14, 14, 14, 14, 14, 14, 14, 14, 15, 14, 14, 14, 14, 14, 14, 14, 14, 14, 14, 15, 14, 14, 14, 14, 14, 14, 14, 14, 14, 14, 15, 14, 14, 14, 4, 4, 14, 14, 15, 15, 15, 15, 15, 15, 15, 15, 15, 15, 15, 15, 15, 15, 15, 15, 15, 15, 15, 9, 9, 9, 9, 9, 9, 9, 9, 9, 9, 9, 9, 9, 9, 9, 19, 19, 19, 19, 19, 19, 19, 19, 9, 19, 19, 19, 19, 19, 19, 19, 19, 19, 19, 9, 19, 19, 19, 19, 19, 19, 19, 19, 19, 19, 9, 19, 19, 19, 19, 19, 19, 19, 19, 19, 19, 9, 19, 19, 19, 19, 19, 9, 9, 9, 9, 9, 9, 9, 9, 9, 9, 15, 15, 15, 15, 16, 15, 13, 1, 13, 13, 13, 13, 15, 13, 13, 10, 10, 10, 14, 14, 14, 14, 14, 15, 14, 14, 14, 14, 14, 14, 14, 14, 14, 14, 15, 14, 14, 14, 14, 14, 14, 2, 2, 2, 5, 15, 5, 13, 13, 13, 13, 13, 13, 16, 13, 13, 15, 15, 15, 15, 15, 15, 15, 15, 15, 15, 15, 15, 15, 15, 15, 15, 8, 8, 18, 18, 18, 18, 18, 18, 18, 2, 8, 8, 18, 8, 8, 8, 8, 8, 8, 8, 8, 8, 8, 18, 8, 8, 8, 8, 8, 8, 18, 18, 18, 18, 18, 18, 18, 18, 18, 18, 18, 18, 18, 18, 18, 18, 18, 18, 18, 2, 2, 8, 8, 8, 8, 8, 18, 8, 8, 8, 8, 8, 8, 8, 8, 8, 8, 18, 8, 8, 18, 18, 17, 17, 13, 13, 13, 13, 13, 17, 17, 17, 17, 17, 17, 17, 17, 17, 17, 17, 17, 17, 17, 17, 17, 17, 17, 17, 17, 17, 17, 17, 17, 17, 17, 17, 17, 17, 17, 17, 17, 17, 17, 17, 17, 17, 17, 17, 17, 17, 17, 17, 17, 17, 17, 17, 17, 17, 13, 17, 17, 17, 17, 17, 17, 17, 17, 17, 17, 13, 17, 17, 17, 13, 18, 18, 18, 18, 18, 18, 18, 16, 16, 16, 16, 16, 18, 8, 8, 8, 8, 8, 8, 8, 8, 8, 8, 18, 8, 8, 18, 18, 18, 18, 18, 18, 18, 18, 18, 18, 18, 18, 18, 18, 18, 18, 18, 18, 18, 18, 18, 16, 10, 10, 10, 10, 8, 8, 8, 8, 18, 8, 8, 8, 8, 8, 8, 8, 8, 8, 18, 18, 18, 18, 18, 18, 8, 18, 18, 18, 18, 18, 18, 18, 18, 4, 4, 8, 18, 8, 8, 8, 8, 8, 8, 8, 8, 8, 8, 18, 8, 8, 8, 8, 8, 8, 8, 8, 18, 18, 18, 18, 18, 18, 18, 18, 18, 18, 18, 18, 18, 18, 18, 18, 18, 4, 4, 8, 8, 8, 8, 8, 18, 8, 8, 8, 8, 8, 8, 8, 8, 8, 8, 18, 8, 8, 18, 18, 16, 16, 10, 10, 10, 10, 10, 10, 10, 10, 10, 10, 16, 10, 10, 10, 10, 10, 10, 10, 10, 10, 10, 16, 10, 10, 10, 10, 10, 10, 10, 10, 10, 10, 10, 10, 10, 10, 10, 16, 16, 16, 16, 16, 16, 10, 16, 16, 16, 16, 16, 16, 16, 16, 16, 16, 10, 16, 16, 16, 16, 16, 16, 16, 16, 16, 16, 10, 16, 16, 10, 10, 13, 13, 13, 13, 13, 13, 13, 13, 13, 13, 13, 13, 13, 13, 13, 13, 13, 13, 13, 13, 13, 13, 13, 13, 13, 13, 13, 13, 13, 13, 13, 13, 13, 13, 13, 13, 13, 13, 13, 13, 13, 13, 13, 13, 13, 13, 13, 13, 13, 13, 13, 13, 13, 13, 13, 13, 13, 13, 13, 13, 13, 13, 13, 13, 13, 13, 13, 13, 13, 13, 13, 13, 18, 18, 18, 18, 18, 18, 16, 16, 16, 16, 16, 16, 18, 16, 8, 8, 8, 8, 8, 8, 8, 8, 8, 18, 8, 8, 8, 8, 8, 18, 18, 18, 18, 18, 18, 18, 18, 18, 18, 18, 18, 18, 18, 18, 18, 18, 16, 16, 16, 16, 16, 16, 16, 8, 8, 8, 18, 8, 8, 8, 8, 8, 8, 8, 8, 8, 8, 18, 8, 18, 18, 18]}