{"center": [449, 363, 625, 174, 346, 101, 681, 558, 1255, 53, 837, 1356, 265, 1268, 736, 676, 1046, 838, 672, 657], "davies_bouldin": 1.9086829456595549, "calinski_harabasz": 102.84371173810025, "silhouette_coefficient": 0.1488432001246802, "cluster_acc": 0.6756944444444445, "rand_index": 0.9551308779244846, "adjusted_rand_index": 0.5758303794078081, "mutual_info": 2.2789343473244053, "normalized_mutual_info": 0.7811232948945724, "adjusted_mutual_info": 0.7708982524976913, "homogeneity": 0.7607269739831551, "completeness": 0.8026434647375328, "v_measure": 0.7811232948945727, "h_c_v_m": [0.7607269739831551, 0.8026434647375328, 0.7811232948945727], "fowlkes_mallows_index": 0.6035023219606336, "label": [10, 10, 10, 10, 10, 10, 10, 10, 10, 10, 10, 10, 10, 10, 10, 10, 10, 10, 10, 10, 10, 10, 10, 10, 10, 10, 10, 10, 10, 10, 10, 10, 2, 10, 10, 10, 10, 10, 10, 10, 10, 10, 10, 10, 10, 10, 10, 10, 10, 10, 10, 10, 10, 10, 10, 10, 10, 10, 10, 10, 10, 10, 10, 10, 10, 10, 10, 10, 10, 10, 10, 10, 6, 6, 6, 6, 6, 6, 6, 12, 12, 12, 12, 12, 6, 12, 12, 12, 12, 6, 6, 6, 6, 6, 6, 6, 6, 6, 6, 6, 6, 6, 6, 6, 6, 6, 6, 6, 6, 6, 6, 6, 6, 6, 6, 6, 6, 6, 12, 12, 12, 12, 12, 12, 12, 12, 12, 12, 6, 6, 6, 6, 6, 6, 6, 6, 6, 6, 6, 6, 6, 6, 6, 6, 4, 4, 4, 4, 4, 4, 4, 4, 4, 4, 4, 4, 4, 4, 4, 4, 4, 4, 4, 4, 4, 4, 4, 4, 4, 4, 4, 4, 4, 4, 4, 4, 4, 4, 4, 4, 4, 4, 4, 4, 4, 4, 4, 4, 4, 4, 4, 4, 4, 4, 4, 4, 4, 4, 4, 4, 4, 4, 4, 4, 4, 4, 4, 4, 4, 4, 4, 4, 4, 4, 4, 4, 13, 13, 13, 13, 13, 13, 13, 13, 13, 13, 13, 13, 13, 13, 13, 13, 13, 13, 13, 13, 13, 13, 13, 13, 13, 13, 13, 13, 13, 13, 13, 13, 13, 13, 13, 13, 13, 13, 13, 13, 13, 13, 13, 13, 13, 13, 13, 13, 13, 13, 13, 13, 13, 13, 13, 13, 13, 13, 13, 13, 13, 13, 13, 13, 13, 13, 13, 13, 13, 13, 13, 13, 5, 5, 5, 5, 5, 5, 5, 5, 5, 5, 5, 5, 5, 5, 5, 5, 5, 5, 5, 5, 5, 5, 5, 5, 5, 5, 5, 5, 5, 5, 5, 5, 5, 5, 5, 5, 5, 5, 5, 5, 5, 5, 5, 5, 5, 5, 5, 5, 5, 5, 5, 5, 5, 5, 5, 5, 5, 5, 5, 5, 5, 5, 5, 5, 5, 5, 5, 5, 5, 5, 5, 5, 2, 2, 2, 2, 2, 2, 2, 2, 2, 2, 2, 2, 2, 2, 2, 2, 2, 2, 2, 2, 2, 2, 2, 2, 2, 2, 2, 2, 2, 2, 2, 2, 2, 2, 2, 2, 2, 2, 2, 2, 2, 2, 2, 2, 2, 2, 2, 2, 2, 2, 2, 2, 2, 2, 2, 2, 2, 2, 2, 2, 2, 2, 2, 2, 2, 2, 2, 2, 2, 2, 2, 2, 1, 1, 1, 1, 1, 1, 1, 1, 1, 1, 1, 1, 1, 1, 1, 1, 1, 1, 1, 1, 1, 1, 1, 1, 1, 1, 1, 1, 1, 1, 1, 1, 1, 1, 1, 1, 1, 1, 1, 1, 1, 1, 1, 1, 1, 1, 1, 1, 1, 1, 1, 1, 1, 1, 1, 1, 1, 1, 1, 1, 1, 1, 1, 1, 1, 1, 1, 1, 1, 1, 1, 1, 8, 8, 8, 8, 8, 8, 8, 8, 8, 8, 8, 8, 8, 8, 8, 8, 8, 8, 8, 8, 8, 8, 8, 8, 8, 8, 8, 8, 8, 8, 8, 8, 8, 8, 8, 8, 8, 8, 8, 8, 8, 8, 8, 8, 8, 8, 8, 8, 8, 8, 8, 8, 8, 8, 8, 8, 8, 8, 8, 8, 8, 8, 8, 8, 8, 8, 8, 8, 8, 8, 8, 8, 3, 3, 3, 3, 3, 3, 3, 3, 3, 3, 3, 3, 3, 3, 3, 3, 3, 3, 3, 3, 3, 3, 3, 3, 3, 3, 3, 3, 3, 3, 3, 3, 3, 3, 3, 3, 3, 3, 3, 3, 3, 3, 3, 3, 3, 3, 3, 3, 3, 3, 3, 3, 3, 3, 3, 3, 3, 3, 3, 3, 3, 3, 3, 3, 3, 3, 3, 3, 3, 3, 3, 3, 16, 7, 7, 7, 7, 7, 7, 7, 2, 2, 2, 20, 7, 19, 19, 19, 19, 19, 19, 19, 16, 16, 16, 7, 16, 16, 16, 16, 16, 16, 16, 16, 7, 7, 7, 7, 7, 7, 7, 7, 7, 7, 7, 7, 7, 7, 7, 7, 2, 2, 5, 5, 19, 19, 19, 19, 7, 19, 19, 16, 16, 16, 16, 16, 16, 16, 16, 7, 16, 16, 7, 7, 14, 14, 14, 14, 14, 14, 14, 14, 14, 14, 15, 15, 14, 15, 15, 15, 15, 15, 15, 15, 15, 15, 19, 14, 19, 19, 19, 19, 19, 19, 19, 19, 19, 19, 14, 19, 19, 19, 19, 14, 14, 14, 5, 14, 5, 14, 5, 5, 5, 5, 5, 14, 14, 14, 14, 14, 14, 14, 14, 14, 14, 14, 14, 14, 14, 14, 14, 14, 14, 14, 14, 14, 18, 18, 11, 11, 11, 11, 11, 11, 11, 11, 11, 18, 11, 18, 18, 18, 18, 18, 18, 18, 18, 18, 18, 11, 18, 18, 18, 18, 18, 18, 18, 18, 18, 18, 11, 18, 18, 18, 18, 18, 18, 18, 18, 18, 18, 11, 18, 18, 18, 18, 18, 18, 18, 18, 18, 18, 11, 18, 18, 18, 18, 18, 18, 18, 18, 18, 18, 11, 18, 18, 11, 11, 14, 14, 14, 14, 14, 12, 1, 1, 12, 12, 12, 1, 14, 12, 1, 9, 9, 9, 19, 19, 19, 19, 19, 14, 19, 19, 19, 19, 19, 19, 19, 19, 19, 19, 14, 19, 19, 19, 19, 19, 19, 2, 2, 2, 4, 14, 4, 12, 12, 12, 12, 12, 12, 14, 14, 14, 14, 14, 14, 14, 14, 14, 14, 14, 14, 14, 14, 14, 14, 14, 14, 14, 16, 16, 7, 7, 7, 7, 7, 7, 19, 19, 19, 3, 7, 19, 19, 16, 19, 16, 16, 16, 16, 16, 16, 7, 16, 16, 16, 16, 16, 16, 7, 7, 7, 7, 7, 7, 7, 7, 7, 7, 7, 7, 7, 7, 7, 7, 7, 7, 7, 2, 2, 16, 19, 19, 19, 19, 7, 19, 16, 16, 16, 16, 16, 16, 16, 16, 16, 7, 16, 16, 7, 7, 17, 17, 12, 12, 12, 12, 12, 12, 17, 17, 17, 17, 17, 17, 17, 17, 17, 17, 17, 17, 17, 17, 17, 17, 17, 17, 17, 17, 17, 17, 17, 17, 17, 17, 17, 17, 17, 17, 17, 17, 17, 12, 12, 12, 17, 17, 17, 12, 12, 12, 12, 12, 12, 12, 12, 12, 17, 17, 17, 17, 17, 17, 17, 17, 17, 17, 17, 12, 17, 17, 12, 12, 7, 7, 7, 7, 7, 7, 7, 14, 14, 14, 14, 14, 7, 19, 19, 19, 19, 19, 19, 19, 19, 19, 19, 7, 7, 7, 7, 7, 7, 7, 7, 7, 7, 7, 7, 7, 7, 7, 7, 7, 7, 7, 7, 7, 7, 7, 7, 9, 9, 9, 9, 9, 19, 19, 19, 19, 7, 19, 19, 19, 19, 19, 19, 19, 19, 19, 7, 7, 7, 7, 7, 7, 16, 16, 7, 7, 7, 7, 7, 7, 14, 5, 5, 19, 7, 19, 19, 19, 19, 19, 19, 16, 16, 16, 16, 7, 16, 16, 16, 16, 16, 16, 16, 16, 7, 7, 7, 7, 7, 7, 7, 7, 7, 7, 7, 7, 7, 7, 7, 7, 7, 5, 5, 19, 19, 19, 19, 19, 7, 19, 16, 16, 16, 16, 16, 16, 16, 16, 16, 7, 16, 16, 7, 7, 14, 14, 9, 9, 9, 9, 9, 9, 9, 9, 9, 9, 14, 9, 9, 9, 9, 9, 9, 9, 9, 9, 9, 14, 9, 9, 9, 9, 9, 9, 9, 9, 9, 9, 9, 9, 9, 9, 9, 14, 14, 14, 14, 14, 14, 9, 14, 14, 14, 14, 14, 14, 14, 14, 14, 14, 9, 14, 14, 14, 14, 14, 14, 14, 14, 14, 14, 9, 14, 14, 9, 9, 12, 12, 12, 12, 12, 12, 12, 12, 12, 12, 12, 12, 12, 12, 12, 12, 12, 12, 12, 12, 12, 12, 12, 12, 12, 12, 12, 12, 12, 12, 12, 12, 12, 12, 12, 12, 12, 12, 12, 12, 12, 12, 12, 12, 12, 12, 12, 12, 12, 12, 12, 12, 12, 12, 12, 12, 12, 12, 12, 12, 12, 12, 12, 12, 12, 12, 12, 12, 12, 12, 12, 12, 7, 7, 7, 7, 7, 7, 9, 9, 14, 9, 9, 9, 7, 9, 9, 19, 19, 19, 19, 19, 19, 19, 19, 7, 19, 7, 7, 7, 7, 7, 7, 7, 7, 7, 7, 7, 7, 7, 7, 7, 7, 7, 7, 7, 7, 7, 9, 9, 14, 9, 9, 9, 9, 9, 19, 19, 7, 19, 19, 19, 19, 19, 19, 19, 19, 19, 7, 7, 7, 7, 7, 7]}