{"center": [453, 363, 628, 173, 351, 101, 558, 676, 837, 265, 1255, 1367, 1268, 681, 838, 482, 1046, 1023, 424, 657], "davies_bouldin": 2.285208566504542, "calinski_harabasz": 83.7858123728303, "silhouette_coefficient": 0.10518549789515647, "cluster_acc": -1, "rand_index": 0.9350378349162227, "adjusted_rand_index": 0.4721980679332307, "mutual_info": 2.1247499549433386, "normalized_mutual_info": 0.7492816002361304, "adjusted_mutual_info": 0.7374036476995663, "homogeneity": 0.7092589593871279, "completeness": 0.7940912251030572, "v_measure": 0.7492816002361303, "h_c_v_m": [0.7092589593871279, 0.7940912251030572, 0.7492816002361303], "fowlkes_mallows_index": 0.520908228289947, "label": [12, 12, 12, 12, 12, 12, 12, 12, 12, 12, 12, 12, 12, 12, 12, 12, 12, 12, 12, 12, 12, 12, 12, 12, 12, 12, 12, 12, 12, 2, 2, 2, 2, 2, 12, 12, 12, 12, 12, 12, 12, 12, 12, 12, 12, 12, 12, 12, 12, 12, 12, 12, 12, 12, 12, 12, 12, 12, 12, 12, 12, 12, 12, 12, 12, 12, 12, 12, 12, 12, 12, 12, 6, 6, 6, 6, 6, 6, 6, 12, 12, 12, 12, 12, 6, 12, 12, 12, 12, 6, 6, 6, 6, 6, 6, 6, 6, 6, 6, 6, 6, 6, 6, 6, 6, 6, 6, 6, 6, 6, 6, 6, 6, 6, 6, 6, 6, 6, 12, 12, 12, 12, 12, 12, 12, 12, 12, 12, 6, 6, 6, 6, 6, 6, 6, 6, 6, 6, 6, 6, 6, 6, 6, 6, 4, 4, 4, 4, 4, 4, 4, 4, 4, 4, 4, 4, 4, 4, 4, 4, 4, 4, 4, 4, 4, 4, 4, 4, 4, 4, 4, 4, 4, 4, 4, 4, 4, 4, 4, 4, 4, 4, 4, 4, 4, 4, 4, 4, 4, 4, 4, 4, 4, 4, 4, 4, 4, 4, 4, 4, 4, 4, 4, 4, 4, 4, 4, 4, 4, 4, 4, 4, 4, 4, 4, 4, 10, 10, 10, 10, 10, 10, 10, 10, 10, 10, 10, 10, 10, 10, 10, 10, 10, 10, 10, 10, 10, 10, 10, 10, 10, 10, 10, 10, 10, 10, 10, 10, 10, 10, 10, 10, 10, 10, 10, 10, 10, 10, 10, 10, 10, 10, 10, 10, 10, 10, 10, 10, 10, 10, 10, 10, 10, 10, 10, 10, 10, 10, 10, 10, 10, 10, 10, 10, 10, 10, 10, 10, 5, 5, 5, 5, 5, 5, 5, 5, 5, 5, 5, 5, 5, 5, 5, 5, 5, 5, 5, 5, 5, 5, 5, 5, 5, 5, 5, 5, 5, 5, 5, 5, 5, 5, 5, 5, 5, 5, 5, 5, 5, 5, 5, 5, 5, 5, 5, 5, 5, 5, 5, 5, 5, 5, 5, 5, 5, 5, 5, 5, 5, 5, 5, 5, 5, 5, 5, 5, 5, 5, 5, 5, 2, 2, 2, 2, 2, 2, 2, 2, 2, 2, 2, 2, 2, 2, 2, 2, 2, 2, 2, 2, 2, 2, 2, 2, 2, 2, 2, 2, 2, 2, 2, 2, 2, 2, 2, 2, 2, 2, 2, 2, 2, 2, 2, 2, 2, 2, 2, 2, 2, 2, 2, 2, 2, 2, 2, 2, 2, 2, 2, 2, 2, 2, 2, 2, 2, 2, 2, 2, 2, 2, 2, 2, 1, 1, 1, 1, 1, 1, 1, 1, 1, 1, 1, 1, 1, 1, 1, 1, 1, 1, 1, 1, 1, 1, 1, 1, 1, 1, 1, 1, 1, 1, 1, 1, 1, 1, 1, 1, 1, 1, 16, 1, 16, 16, 16, 16, 16, 1, 16, 16, 16, 16, 16, 16, 16, 16, 16, 1, 1, 16, 1, 1, 1, 1, 1, 1, 1, 1, 1, 1, 1, 1, 1, 1, 7, 7, 7, 7, 7, 7, 7, 7, 7, 7, 7, 7, 7, 7, 7, 7, 7, 7, 7, 7, 7, 7, 7, 7, 7, 7, 7, 7, 7, 7, 7, 7, 7, 7, 7, 7, 7, 7, 7, 7, 7, 7, 7, 7, 7, 7, 7, 7, 7, 7, 7, 7, 7, 7, 7, 7, 7, 7, 7, 7, 7, 7, 7, 7, 7, 7, 7, 7, 7, 7, 7, 7, 3, 3, 3, 3, 3, 3, 3, 3, 3, 3, 3, 3, 3, 3, 3, 3, 3, 3, 3, 3, 3, 3, 3, 3, 3, 3, 3, 3, 3, 3, 3, 3, 3, 3, 3, 3, 3, 3, 3, 3, 3, 3, 3, 3, 3, 3, 3, 3, 3, 3, 3, 3, 3, 3, 3, 3, 3, 3, 3, 3, 3, 3, 3, 3, 3, 3, 3, 3, 3, 3, 3, 3, 8, 14, 14, 14, 14, 14, 14, 14, 19, 2, 2, 2, 14, 8, 8, 8, 8, 8, 8, 8, 8, 8, 8, 14, 8, 8, 8, 8, 8, 8, 8, 8, 14, 14, 14, 14, 14, 14, 14, 14, 14, 14, 14, 14, 14, 14, 14, 14, 2, 2, 5, 2, 8, 8, 8, 8, 14, 8, 8, 8, 8, 8, 8, 8, 8, 8, 8, 14, 8, 8, 14, 14, 11, 11, 11, 11, 11, 11, 11, 11, 11, 11, 11, 11, 11, 11, 11, 11, 11, 11, 11, 11, 11, 11, 8, 11, 8, 8, 8, 8, 8, 8, 8, 8, 8, 8, 11, 8, 11, 11, 11, 11, 11, 11, 11, 11, 11, 11, 11, 11, 5, 11, 11, 11, 11, 11, 11, 11, 11, 11, 11, 11, 11, 11, 11, 11, 11, 11, 11, 11, 11, 11, 11, 11, 9, 9, 9, 9, 9, 9, 9, 9, 9, 9, 9, 9, 9, 9, 9, 9, 15, 15, 15, 15, 15, 15, 15, 9, 15, 15, 15, 15, 15, 15, 15, 15, 15, 15, 9, 15, 15, 15, 15, 15, 15, 15, 15, 15, 15, 9, 15, 15, 15, 15, 15, 15, 15, 15, 15, 15, 9, 15, 15, 15, 15, 15, 15, 15, 15, 9, 9, 9, 9, 9, 9, 9, 3, 3, 13, 13, 13, 13, 12, 12, 12, 12, 12, 12, 3, 12, 12, 11, 11, 11, 11, 11, 8, 8, 8, 3, 8, 8, 8, 8, 8, 8, 8, 8, 8, 8, 3, 8, 8, 8, 8, 8, 8, 12, 2, 12, 4, 3, 4, 12, 12, 12, 12, 12, 12, 12, 12, 12, 3, 2, 3, 3, 3, 3, 3, 3, 3, 3, 3, 3, 3, 3, 3, 13, 8, 8, 14, 14, 14, 14, 14, 14, 8, 8, 8, 3, 14, 8, 8, 8, 8, 8, 8, 8, 8, 8, 8, 14, 8, 8, 8, 8, 8, 8, 8, 14, 14, 14, 14, 14, 14, 14, 14, 14, 14, 14, 14, 14, 14, 14, 14, 14, 19, 19, 19, 19, 8, 8, 8, 8, 14, 8, 8, 8, 8, 8, 8, 8, 8, 8, 8, 14, 8, 8, 14, 14, 18, 18, 12, 12, 12, 12, 12, 12, 12, 12, 18, 18, 18, 18, 18, 18, 18, 18, 18, 18, 18, 18, 18, 18, 18, 18, 18, 18, 17, 17, 17, 17, 17, 17, 12, 17, 17, 17, 17, 12, 12, 12, 12, 12, 12, 12, 12, 12, 12, 12, 12, 12, 12, 12, 12, 17, 12, 17, 17, 17, 12, 12, 12, 12, 17, 17, 17, 12, 17, 17, 12, 12, 8, 14, 14, 14, 14, 14, 14, 13, 13, 13, 13, 11, 14, 8, 8, 8, 8, 8, 8, 8, 8, 8, 8, 14, 8, 8, 8, 8, 8, 8, 8, 14, 14, 14, 14, 14, 14, 14, 14, 14, 14, 14, 14, 14, 14, 14, 14, 11, 11, 11, 11, 11, 8, 8, 8, 8, 14, 8, 8, 8, 8, 8, 8, 8, 8, 8, 8, 14, 8, 8, 14, 14, 8, 14, 14, 14, 14, 14, 14, 14, 8, 14, 14, 8, 14, 8, 8, 8, 8, 8, 8, 8, 8, 8, 8, 14, 8, 8, 8, 8, 8, 8, 8, 8, 14, 14, 14, 14, 14, 14, 14, 14, 14, 14, 14, 14, 14, 14, 14, 3, 14, 14, 5, 8, 8, 8, 8, 8, 14, 8, 8, 8, 8, 8, 8, 8, 8, 8, 8, 14, 8, 8, 14, 14, 13, 13, 11, 11, 11, 11, 11, 11, 11, 11, 11, 11, 13, 11, 11, 11, 11, 11, 11, 11, 11, 11, 11, 13, 11, 11, 11, 11, 11, 11, 11, 11, 11, 11, 11, 11, 11, 11, 11, 13, 13, 13, 13, 13, 13, 11, 13, 13, 13, 13, 13, 13, 13, 13, 13, 13, 11, 13, 13, 13, 13, 13, 13, 13, 13, 13, 13, 11, 13, 13, 11, 11, 12, 12, 12, 12, 12, 12, 12, 12, 12, 12, 12, 12, 12, 12, 12, 12, 12, 12, 12, 12, 12, 12, 12, 12, 12, 12, 12, 12, 12, 12, 12, 12, 12, 12, 12, 12, 12, 12, 12, 12, 12, 12, 12, 12, 12, 12, 12, 12, 12, 12, 12, 12, 12, 12, 12, 12, 12, 12, 12, 12, 12, 12, 12, 12, 12, 12, 12, 12, 12, 12, 12, 12, 14, 14, 14, 14, 14, 14, 11, 11, 13, 13, 11, 11, 14, 11, 11, 8, 8, 8, 8, 8, 8, 8, 8, 14, 8, 8, 8, 8, 14, 14, 14, 14, 14, 14, 14, 14, 14, 14, 14, 14, 14, 14, 14, 14, 14, 14, 11, 11, 13, 13, 11, 2, 11, 8, 8, 8, 14, 8, 8, 8, 8, 8, 8, 8, 8, 8, 8, 14, 8, 14, 14, 14]}