{"center": [449, 363, 625, 174, 351, 101, 681, 1255, 558, 841, 54, 1356, 265, 736, 1268, 1046, 676, 768, 859, 345], "davies_bouldin": 1.987357666610618, "calinski_harabasz": 86.99541294797608, "silhouette_coefficient": 0.13397507536283046, "cluster_acc": 0.65, "rand_index": 0.9417226468998533, "adjusted_rand_index": 0.5031357803080968, "mutual_info": 2.209064356333154, "normalized_mutual_info": 0.7673807874488043, "adjusted_mutual_info": 0.7558215244814204, "homogeneity": 0.7374037980077662, "completeness": 0.7998983079668842, "v_measure": 0.7673807874488044, "h_c_v_m": [0.7374037980077662, 0.7998983079668842, 0.7673807874488044], "fowlkes_mallows_index": 0.5447850829895564, "label": [11, 11, 11, 11, 11, 11, 11, 11, 11, 11, 11, 11, 11, 11, 11, 11, 11, 11, 11, 11, 11, 11, 11, 11, 11, 11, 11, 11, 2, 11, 11, 11, 2, 11, 11, 11, 11, 11, 11, 11, 11, 11, 11, 11, 11, 11, 11, 11, 11, 11, 11, 11, 11, 11, 11, 11, 11, 11, 11, 11, 11, 11, 11, 11, 11, 11, 11, 11, 11, 11, 11, 11, 6, 6, 6, 6, 6, 6, 6, 12, 12, 12, 12, 12, 6, 12, 12, 12, 6, 6, 6, 6, 6, 6, 6, 6, 6, 6, 6, 6, 6, 6, 6, 6, 6, 6, 6, 6, 6, 6, 6, 6, 6, 6, 6, 6, 6, 6, 12, 12, 12, 12, 12, 12, 12, 12, 12, 4, 6, 6, 6, 6, 6, 6, 6, 6, 6, 6, 6, 6, 6, 6, 6, 6, 4, 4, 4, 4, 4, 4, 4, 4, 4, 4, 4, 4, 4, 4, 4, 4, 4, 4, 4, 4, 4, 4, 4, 4, 4, 4, 4, 4, 4, 4, 4, 4, 4, 4, 4, 4, 4, 4, 4, 4, 4, 4, 4, 4, 4, 4, 4, 4, 4, 4, 4, 4, 4, 4, 4, 4, 4, 4, 4, 4, 4, 4, 4, 4, 4, 4, 4, 4, 4, 4, 4, 4, 13, 13, 13, 13, 13, 13, 13, 13, 13, 13, 13, 13, 13, 13, 13, 13, 13, 13, 13, 13, 13, 13, 13, 13, 13, 13, 13, 13, 13, 13, 13, 13, 13, 13, 13, 13, 13, 13, 13, 13, 13, 13, 13, 13, 13, 13, 13, 13, 13, 13, 13, 13, 13, 13, 13, 13, 13, 13, 13, 13, 13, 13, 13, 13, 13, 13, 13, 13, 13, 13, 13, 13, 20, 20, 20, 20, 20, 20, 20, 5, 5, 5, 20, 20, 20, 20, 20, 20, 20, 20, 20, 20, 20, 20, 20, 20, 20, 5, 5, 5, 5, 5, 20, 20, 20, 20, 20, 20, 20, 20, 20, 20, 20, 20, 20, 20, 5, 20, 5, 5, 5, 5, 5, 20, 20, 20, 20, 20, 20, 20, 20, 20, 20, 20, 20, 20, 5, 5, 5, 20, 5, 5, 20, 20, 2, 2, 2, 2, 2, 2, 2, 2, 2, 2, 2, 2, 2, 2, 2, 2, 2, 2, 2, 2, 2, 2, 2, 2, 2, 2, 2, 2, 2, 2, 2, 2, 2, 2, 2, 2, 2, 2, 2, 2, 2, 2, 2, 2, 2, 2, 2, 2, 2, 2, 2, 2, 2, 2, 2, 2, 2, 2, 2, 2, 2, 2, 2, 2, 2, 2, 2, 2, 2, 2, 2, 2, 1, 1, 1, 1, 1, 1, 1, 1, 1, 1, 1, 1, 1, 1, 1, 1, 1, 1, 1, 1, 1, 1, 1, 1, 1, 1, 1, 1, 1, 1, 1, 1, 1, 1, 1, 1, 1, 1, 1, 1, 1, 1, 1, 1, 1, 1, 1, 1, 1, 1, 1, 1, 1, 1, 1, 1, 1, 1, 1, 1, 1, 1, 1, 1, 1, 1, 1, 1, 1, 1, 1, 1, 9, 9, 9, 9, 9, 9, 9, 9, 9, 9, 9, 9, 9, 9, 9, 9, 9, 9, 9, 9, 9, 9, 9, 9, 9, 9, 9, 9, 9, 9, 9, 9, 9, 9, 9, 9, 9, 9, 9, 9, 9, 9, 9, 9, 9, 9, 9, 9, 9, 9, 9, 9, 9, 9, 9, 9, 9, 9, 9, 9, 9, 9, 9, 9, 9, 9, 9, 9, 9, 9, 9, 9, 3, 3, 3, 3, 3, 3, 3, 3, 3, 3, 3, 3, 3, 3, 3, 3, 3, 3, 3, 3, 3, 3, 3, 3, 3, 3, 3, 3, 3, 3, 3, 3, 3, 3, 3, 3, 3, 3, 3, 3, 3, 3, 3, 3, 3, 3, 3, 3, 3, 3, 3, 3, 3, 3, 3, 3, 3, 3, 3, 3, 3, 3, 3, 3, 3, 3, 3, 3, 3, 3, 3, 3, 17, 7, 7, 7, 7, 7, 7, 7, 2, 2, 2, 2, 7, 17, 17, 17, 17, 17, 17, 17, 17, 17, 17, 7, 17, 17, 17, 17, 17, 17, 17, 17, 7, 7, 7, 7, 7, 7, 7, 7, 7, 7, 7, 7, 7, 7, 7, 7, 2, 2, 2, 20, 17, 17, 17, 17, 7, 17, 17, 17, 17, 17, 17, 17, 17, 17, 17, 7, 17, 17, 7, 7, 7, 7, 7, 7, 7, 15, 15, 15, 15, 15, 14, 14, 7, 14, 14, 14, 14, 14, 14, 14, 17, 17, 17, 7, 17, 17, 17, 17, 17, 17, 17, 17, 17, 17, 7, 17, 17, 17, 17, 18, 18, 18, 18, 18, 18, 7, 18, 18, 18, 18, 18, 18, 18, 18, 20, 18, 7, 7, 7, 7, 7, 7, 7, 7, 7, 7, 7, 7, 7, 7, 7, 7, 10, 10, 19, 19, 19, 19, 19, 19, 19, 10, 10, 10, 10, 10, 10, 10, 10, 10, 10, 10, 10, 10, 10, 10, 10, 10, 10, 10, 10, 10, 10, 10, 10, 10, 19, 10, 10, 10, 10, 10, 10, 10, 10, 10, 10, 19, 10, 10, 10, 10, 10, 10, 10, 10, 10, 10, 19, 10, 10, 10, 10, 10, 10, 10, 19, 10, 10, 19, 10, 10, 19, 19, 7, 7, 15, 15, 15, 12, 1, 1, 1, 12, 1, 1, 7, 1, 1, 8, 8, 8, 17, 17, 17, 17, 17, 7, 17, 17, 17, 17, 17, 17, 17, 17, 17, 17, 7, 17, 17, 17, 17, 17, 17, 17, 2, 2, 4, 7, 4, 12, 12, 12, 12, 12, 12, 12, 12, 12, 7, 7, 7, 7, 7, 7, 7, 7, 7, 7, 7, 7, 7, 7, 7, 7, 17, 17, 7, 7, 7, 7, 7, 7, 17, 2, 17, 17, 7, 17, 17, 17, 17, 17, 17, 17, 17, 17, 17, 7, 17, 17, 17, 17, 17, 17, 17, 7, 7, 7, 7, 7, 7, 7, 7, 7, 7, 7, 7, 7, 7, 7, 7, 7, 7, 2, 2, 17, 17, 17, 17, 17, 7, 17, 17, 17, 17, 17, 17, 17, 17, 17, 17, 7, 17, 17, 7, 7, 16, 16, 12, 12, 12, 12, 12, 12, 12, 16, 16, 16, 16, 16, 16, 16, 16, 16, 16, 16, 16, 16, 16, 16, 16, 16, 16, 16, 16, 16, 16, 16, 16, 16, 16, 16, 16, 16, 16, 16, 16, 12, 12, 12, 16, 16, 12, 12, 12, 12, 12, 12, 12, 12, 12, 12, 16, 16, 16, 16, 16, 16, 16, 16, 16, 16, 16, 12, 16, 16, 12, 12, 7, 7, 7, 7, 7, 7, 7, 7, 15, 15, 15, 15, 7, 17, 17, 17, 17, 17, 17, 17, 17, 17, 17, 7, 17, 7, 7, 7, 7, 7, 7, 7, 7, 7, 7, 7, 7, 7, 7, 7, 7, 7, 7, 7, 7, 7, 7, 8, 8, 8, 8, 8, 17, 17, 17, 17, 7, 17, 17, 17, 17, 17, 17, 17, 17, 17, 7, 7, 7, 7, 7, 7, 17, 17, 7, 7, 7, 7, 7, 7, 7, 7, 7, 17, 7, 17, 17, 17, 17, 17, 17, 17, 17, 17, 17, 7, 17, 17, 17, 17, 17, 17, 17, 17, 7, 7, 7, 7, 7, 7, 7, 7, 7, 7, 7, 7, 7, 7, 7, 7, 7, 7, 7, 17, 17, 17, 17, 17, 7, 17, 17, 17, 17, 17, 17, 17, 17, 17, 17, 7, 17, 17, 7, 7, 15, 15, 8, 8, 8, 8, 8, 8, 8, 8, 8, 8, 15, 8, 8, 8, 8, 8, 8, 8, 8, 8, 8, 8, 8, 8, 8, 8, 8, 8, 8, 8, 8, 8, 8, 8, 8, 8, 8, 15, 15, 15, 15, 15, 15, 8, 15, 15, 15, 15, 15, 15, 15, 15, 15, 15, 8, 15, 15, 15, 15, 15, 15, 15, 15, 15, 15, 8, 15, 15, 8, 8, 12, 12, 12, 12, 12, 12, 12, 12, 12, 12, 12, 12, 12, 12, 12, 12, 12, 12, 12, 12, 12, 12, 12, 12, 12, 12, 12, 12, 12, 12, 12, 12, 12, 12, 12, 12, 12, 12, 12, 12, 12, 12, 12, 12, 12, 12, 12, 12, 12, 12, 12, 12, 12, 12, 12, 12, 12, 12, 12, 12, 12, 12, 12, 12, 12, 12, 12, 12, 12, 12, 12, 12, 7, 7, 7, 7, 7, 7, 15, 15, 15, 15, 15, 15, 7, 15, 15, 17, 17, 17, 17, 17, 17, 17, 17, 7, 17, 17, 7, 7, 7, 7, 7, 7, 7, 7, 7, 7, 7, 7, 7, 7, 7, 7, 7, 7, 7, 7, 15, 15, 15, 15, 15, 2, 2, 15, 17, 17, 7, 17, 17, 17, 17, 17, 17, 17, 17, 7, 7, 7, 7, 7, 7, 7]}