{"center": [449, 363, 625, 349, 173, 101, 548, 676, 53, 837, 265, 1356, 1268, 1250, 737, 681, 1045, 838, 482, 672], "davies_bouldin": 1.9475830335330695, "calinski_harabasz": 104.1651943199725, "silhouette_coefficient": 0.14533946517190685, "cluster_acc": 0.6604166666666667, "rand_index": 0.9538636012663115, "adjusted_rand_index": 0.5579057634291104, "mutual_info": 2.2894895637470105, "normalized_mutual_info": 0.7789402395583026, "adjusted_mutual_info": 0.7680890546735074, "homogeneity": 0.7642503917851348, "completeness": 0.7942058690460303, "v_measure": 0.7789402395583026, "h_c_v_m": [0.7642503917851348, 0.7942058690460303, 0.7789402395583026], "fowlkes_mallows_index": 0.5853301503999659, "label": [9, 9, 9, 9, 9, 9, 9, 9, 9, 9, 9, 9, 9, 9, 9, 9, 9, 9, 9, 9, 9, 9, 9, 9, 9, 9, 9, 9, 9, 9, 2, 2, 2, 9, 9, 9, 9, 9, 9, 9, 9, 9, 9, 9, 9, 9, 9, 9, 9, 9, 9, 9, 9, 9, 9, 9, 9, 9, 9, 9, 9, 9, 9, 9, 9, 9, 9, 9, 9, 9, 9, 9, 6, 6, 6, 6, 6, 6, 6, 12, 12, 12, 12, 12, 6, 12, 12, 12, 12, 6, 6, 6, 6, 6, 6, 6, 6, 6, 6, 6, 6, 6, 6, 6, 6, 6, 6, 6, 6, 6, 6, 6, 6, 6, 6, 6, 6, 6, 12, 12, 12, 12, 12, 12, 12, 12, 12, 12, 6, 6, 6, 6, 6, 6, 6, 6, 6, 6, 6, 6, 6, 6, 6, 6, 5, 5, 5, 5, 5, 5, 5, 5, 5, 5, 5, 5, 5, 5, 5, 5, 5, 5, 5, 5, 5, 5, 5, 5, 5, 5, 5, 5, 5, 5, 5, 5, 5, 5, 5, 5, 5, 5, 5, 5, 5, 5, 5, 5, 5, 5, 5, 5, 5, 5, 5, 5, 5, 5, 5, 5, 5, 5, 5, 5, 5, 5, 5, 5, 5, 5, 5, 5, 5, 5, 5, 5, 11, 11, 11, 11, 11, 11, 11, 11, 11, 11, 11, 11, 11, 11, 11, 11, 11, 11, 11, 11, 11, 11, 11, 11, 11, 11, 11, 11, 11, 11, 11, 11, 11, 11, 11, 11, 11, 11, 11, 11, 11, 11, 11, 11, 11, 11, 11, 11, 11, 11, 11, 11, 11, 11, 11, 11, 11, 11, 11, 11, 11, 11, 11, 11, 11, 11, 11, 11, 11, 11, 11, 11, 4, 4, 4, 4, 4, 4, 4, 4, 4, 4, 4, 4, 4, 4, 4, 4, 4, 4, 4, 4, 4, 4, 4, 4, 4, 4, 4, 4, 4, 4, 4, 4, 4, 4, 4, 4, 4, 4, 4, 4, 4, 4, 4, 4, 4, 4, 4, 4, 4, 4, 4, 4, 4, 4, 4, 4, 4, 4, 4, 4, 4, 4, 4, 4, 4, 4, 4, 4, 4, 4, 4, 4, 2, 2, 2, 2, 2, 2, 2, 2, 2, 2, 2, 2, 2, 2, 2, 2, 2, 2, 2, 2, 2, 2, 2, 2, 2, 2, 2, 2, 2, 2, 2, 2, 2, 2, 2, 2, 2, 2, 2, 2, 2, 2, 2, 2, 2, 2, 2, 2, 2, 2, 2, 2, 2, 2, 2, 2, 2, 2, 2, 2, 2, 2, 2, 2, 2, 2, 2, 2, 2, 2, 2, 2, 1, 1, 1, 1, 1, 1, 1, 1, 1, 1, 1, 1, 1, 1, 1, 1, 1, 1, 1, 1, 1, 1, 1, 1, 1, 1, 1, 19, 19, 19, 19, 19, 19, 19, 1, 19, 19, 19, 19, 19, 19, 19, 19, 19, 19, 1, 19, 19, 19, 19, 19, 19, 19, 19, 19, 1, 1, 19, 1, 1, 1, 1, 1, 1, 1, 1, 1, 1, 1, 1, 1, 1, 7, 7, 7, 7, 7, 7, 7, 7, 7, 7, 7, 7, 7, 7, 7, 7, 7, 7, 7, 7, 7, 7, 7, 7, 7, 7, 7, 7, 7, 7, 7, 7, 7, 7, 7, 7, 7, 7, 7, 7, 7, 7, 7, 7, 7, 7, 7, 7, 7, 7, 7, 7, 7, 7, 7, 7, 7, 7, 7, 7, 7, 7, 7, 7, 7, 7, 7, 7, 7, 7, 7, 7, 3, 3, 3, 3, 3, 3, 3, 3, 3, 3, 3, 3, 3, 3, 3, 3, 3, 3, 3, 3, 3, 3, 3, 3, 3, 3, 3, 3, 3, 3, 3, 3, 3, 3, 3, 3, 3, 3, 3, 3, 3, 3, 3, 3, 3, 3, 3, 3, 3, 3, 3, 3, 3, 3, 3, 3, 3, 3, 3, 3, 3, 3, 3, 3, 3, 3, 3, 3, 3, 3, 3, 3, 8, 16, 16, 16, 16, 16, 16, 16, 2, 2, 2, 2, 16, 20, 20, 20, 20, 20, 20, 8, 8, 8, 8, 16, 8, 8, 8, 8, 8, 8, 8, 16, 16, 16, 16, 16, 16, 16, 16, 16, 16, 16, 16, 16, 16, 16, 16, 16, 2, 2, 4, 2, 20, 20, 20, 20, 16, 20, 20, 8, 8, 8, 8, 8, 8, 8, 8, 16, 8, 8, 16, 16, 13, 13, 13, 13, 13, 13, 13, 13, 13, 13, 15, 15, 13, 15, 15, 15, 15, 15, 15, 15, 15, 15, 20, 13, 20, 20, 20, 20, 20, 20, 20, 20, 20, 20, 13, 20, 20, 15, 15, 15, 15, 15, 15, 15, 15, 13, 15, 15, 4, 4, 4, 4, 4, 15, 13, 13, 13, 13, 13, 13, 13, 13, 13, 13, 13, 13, 13, 13, 13, 13, 13, 13, 10, 10, 10, 10, 10, 10, 10, 10, 10, 10, 10, 10, 10, 10, 10, 10, 18, 18, 18, 18, 18, 18, 18, 10, 18, 18, 18, 18, 18, 18, 18, 18, 18, 18, 10, 18, 18, 18, 18, 18, 18, 18, 18, 18, 18, 10, 18, 18, 18, 18, 18, 18, 18, 18, 18, 18, 10, 18, 18, 18, 18, 18, 18, 18, 18, 10, 10, 10, 10, 10, 10, 10, 13, 13, 13, 13, 13, 12, 19, 12, 12, 12, 12, 12, 13, 12, 12, 14, 14, 14, 12, 20, 20, 20, 20, 13, 20, 20, 20, 20, 20, 20, 20, 20, 20, 20, 13, 20, 20, 20, 20, 20, 20, 2, 2, 12, 5, 13, 5, 12, 12, 12, 12, 12, 12, 13, 13, 13, 13, 13, 13, 13, 13, 13, 13, 13, 13, 13, 13, 13, 13, 13, 13, 13, 8, 16, 16, 16, 16, 16, 16, 16, 20, 2, 20, 3, 16, 20, 20, 8, 20, 8, 8, 8, 8, 8, 8, 16, 8, 8, 8, 8, 8, 8, 16, 16, 16, 16, 16, 16, 16, 16, 16, 16, 16, 16, 16, 16, 16, 16, 16, 16, 16, 2, 2, 8, 20, 20, 20, 20, 16, 20, 8, 8, 8, 8, 8, 8, 8, 8, 8, 16, 8, 8, 16, 16, 17, 17, 12, 12, 12, 12, 12, 12, 17, 17, 17, 17, 17, 17, 17, 17, 17, 17, 17, 17, 17, 17, 17, 17, 17, 17, 17, 17, 17, 17, 17, 17, 17, 17, 17, 17, 17, 17, 17, 17, 17, 17, 12, 17, 17, 12, 17, 17, 12, 12, 12, 17, 12, 17, 17, 17, 12, 17, 17, 17, 17, 17, 17, 17, 17, 17, 17, 12, 17, 17, 12, 12, 16, 16, 16, 16, 16, 16, 16, 13, 13, 13, 13, 13, 16, 20, 20, 20, 20, 20, 20, 20, 20, 20, 20, 16, 16, 16, 16, 16, 16, 16, 16, 16, 16, 16, 16, 16, 16, 16, 16, 16, 16, 16, 16, 16, 16, 16, 16, 13, 14, 14, 14, 14, 20, 20, 20, 20, 16, 20, 20, 20, 20, 20, 20, 20, 20, 16, 16, 16, 16, 16, 16, 16, 8, 16, 16, 16, 16, 16, 16, 16, 13, 4, 4, 20, 16, 20, 20, 20, 20, 20, 20, 8, 8, 8, 8, 16, 8, 8, 8, 8, 8, 8, 8, 8, 16, 16, 16, 16, 16, 16, 16, 16, 16, 16, 16, 16, 16, 16, 16, 16, 16, 4, 4, 20, 20, 20, 20, 20, 16, 8, 8, 8, 8, 8, 8, 8, 8, 8, 8, 16, 8, 8, 16, 16, 13, 13, 14, 14, 14, 14, 14, 14, 14, 14, 14, 14, 13, 14, 14, 14, 14, 14, 14, 14, 14, 14, 14, 13, 14, 14, 14, 14, 14, 14, 14, 14, 14, 14, 14, 14, 14, 14, 14, 13, 13, 13, 13, 13, 13, 14, 13, 13, 13, 13, 13, 13, 13, 13, 13, 13, 14, 13, 13, 13, 13, 13, 13, 13, 13, 13, 13, 14, 13, 13, 14, 14, 12, 12, 12, 12, 12, 12, 12, 12, 12, 12, 12, 12, 12, 12, 12, 12, 12, 12, 12, 12, 12, 12, 12, 12, 12, 12, 12, 12, 12, 12, 12, 12, 12, 12, 12, 12, 12, 12, 12, 12, 12, 12, 12, 12, 12, 12, 12, 12, 12, 12, 12, 12, 12, 12, 12, 12, 12, 12, 12, 12, 12, 12, 12, 12, 12, 12, 12, 12, 12, 12, 12, 12, 16, 16, 16, 16, 16, 16, 13, 13, 13, 13, 13, 13, 16, 13, 20, 20, 20, 20, 20, 20, 20, 20, 20, 16, 20, 20, 20, 16, 16, 16, 16, 16, 16, 16, 16, 16, 16, 16, 16, 16, 16, 16, 16, 16, 16, 16, 13, 13, 13, 13, 13, 2, 13, 13, 20, 20, 16, 20, 20, 20, 20, 20, 20, 20, 20, 20, 16, 16, 16, 16, 16, 16]}