{"center": [449, 363, 620, 346, 183, 265, 548, 676, 108, 826, 53, 1250, 1356, 737, 1107, 765, 1272, 1045, 681, 316], "davies_bouldin": 1.9500093802743028, "calinski_harabasz": 108.04962202123582, "silhouette_coefficient": 0.18418630970078984, "cluster_acc": 0.7201388888888889, "rand_index": 0.9629140606902942, "adjusted_rand_index": 0.6363950149808147, "mutual_info": 2.4445664735537265, "normalized_mutual_info": 0.8273988492393015, "adjusted_mutual_info": 0.8189973949086646, "homogeneity": 0.8160163360171072, "completeness": 0.8391034011419065, "v_measure": 0.8273988492393013, "h_c_v_m": [0.8160163360171072, 0.8391034011419065, 0.8273988492393013], "fowlkes_mallows_index": 0.6581878622558881, "label": [11, 11, 11, 11, 11, 11, 11, 11, 11, 11, 11, 11, 11, 11, 11, 11, 11, 11, 11, 11, 11, 11, 11, 11, 11, 11, 11, 11, 11, 11, 11, 11, 11, 11, 11, 11, 11, 11, 11, 11, 11, 11, 11, 11, 11, 11, 11, 11, 11, 11, 11, 11, 11, 11, 11, 11, 11, 11, 11, 11, 11, 11, 11, 11, 11, 11, 11, 11, 11, 11, 11, 11, 9, 9, 9, 9, 9, 9, 9, 13, 13, 13, 13, 13, 9, 13, 11, 11, 13, 9, 9, 9, 9, 9, 9, 9, 9, 9, 9, 9, 9, 9, 9, 9, 9, 9, 9, 9, 9, 9, 9, 9, 9, 9, 9, 9, 9, 9, 13, 13, 13, 13, 13, 13, 13, 13, 13, 13, 9, 9, 9, 9, 9, 9, 9, 9, 9, 9, 9, 9, 9, 9, 9, 9, 5, 5, 5, 5, 5, 5, 5, 5, 5, 5, 5, 5, 5, 5, 5, 5, 5, 5, 5, 5, 5, 5, 5, 5, 5, 5, 5, 5, 5, 5, 5, 5, 5, 5, 5, 5, 5, 5, 5, 5, 5, 5, 5, 5, 5, 5, 5, 5, 5, 5, 5, 5, 5, 5, 5, 5, 5, 5, 5, 5, 5, 5, 5, 5, 5, 5, 5, 5, 5, 5, 5, 5, 6, 6, 6, 6, 6, 6, 6, 6, 6, 6, 6, 6, 6, 6, 6, 6, 6, 6, 6, 6, 6, 6, 6, 6, 6, 6, 6, 6, 6, 6, 6, 6, 6, 6, 6, 6, 6, 6, 6, 6, 6, 6, 6, 6, 6, 6, 6, 6, 6, 6, 6, 6, 6, 6, 6, 6, 6, 6, 6, 6, 6, 6, 6, 6, 6, 6, 6, 6, 6, 6, 6, 6, 20, 20, 4, 4, 4, 4, 20, 20, 20, 20, 20, 20, 20, 20, 4, 4, 4, 4, 4, 4, 4, 4, 4, 4, 4, 4, 20, 20, 20, 20, 20, 20, 20, 4, 4, 4, 4, 4, 4, 4, 4, 4, 4, 4, 4, 4, 4, 20, 20, 20, 20, 20, 20, 4, 4, 4, 4, 4, 4, 4, 4, 4, 4, 4, 4, 4, 20, 4, 20, 20, 4, 4, 2, 2, 2, 2, 2, 2, 2, 2, 2, 2, 2, 2, 2, 2, 2, 2, 2, 2, 2, 2, 2, 2, 2, 2, 2, 2, 2, 2, 2, 2, 2, 2, 2, 2, 2, 2, 2, 2, 2, 2, 2, 2, 2, 2, 2, 2, 2, 2, 2, 2, 2, 2, 2, 2, 2, 2, 2, 2, 2, 2, 2, 2, 2, 2, 2, 2, 2, 2, 2, 2, 2, 2, 1, 1, 1, 1, 1, 1, 1, 1, 1, 1, 1, 1, 1, 1, 1, 1, 1, 1, 1, 1, 1, 1, 1, 1, 1, 1, 1, 1, 1, 1, 1, 1, 1, 1, 1, 1, 1, 1, 1, 1, 1, 1, 1, 1, 1, 1, 1, 1, 1, 1, 1, 1, 1, 1, 1, 1, 1, 1, 1, 1, 1, 1, 1, 1, 1, 1, 1, 1, 1, 1, 1, 1, 7, 7, 7, 7, 7, 7, 7, 7, 7, 7, 7, 7, 7, 7, 7, 7, 7, 7, 7, 7, 7, 7, 7, 7, 7, 7, 7, 7, 7, 7, 7, 7, 7, 7, 7, 7, 7, 7, 7, 7, 7, 7, 7, 7, 7, 7, 7, 7, 7, 7, 7, 7, 7, 7, 7, 7, 7, 7, 7, 7, 7, 7, 7, 7, 7, 7, 7, 7, 7, 7, 7, 7, 3, 3, 3, 3, 3, 3, 3, 3, 3, 3, 3, 3, 3, 3, 3, 3, 3, 3, 3, 3, 3, 3, 3, 3, 3, 3, 3, 3, 3, 3, 3, 3, 3, 3, 3, 3, 3, 3, 3, 3, 3, 3, 3, 3, 3, 3, 3, 3, 3, 3, 3, 3, 3, 3, 3, 3, 3, 3, 3, 3, 3, 3, 3, 3, 3, 3, 3, 3, 3, 3, 3, 3, 8, 19, 19, 19, 19, 19, 19, 19, 2, 2, 2, 2, 19, 8, 8, 8, 8, 8, 8, 8, 8, 8, 8, 19, 8, 8, 8, 8, 8, 8, 8, 8, 19, 19, 19, 19, 19, 19, 19, 19, 19, 19, 19, 19, 19, 19, 19, 19, 2, 20, 20, 2, 8, 8, 8, 8, 19, 8, 8, 8, 8, 8, 8, 8, 8, 8, 8, 19, 8, 8, 19, 19, 16, 16, 16, 16, 16, 16, 16, 16, 16, 16, 14, 14, 16, 14, 14, 14, 14, 14, 14, 14, 14, 14, 14, 16, 14, 14, 14, 14, 14, 14, 14, 14, 14, 14, 16, 14, 14, 14, 14, 14, 14, 14, 14, 14, 14, 16, 14, 14, 14, 4, 14, 14, 14, 16, 16, 16, 16, 16, 16, 16, 16, 16, 16, 16, 16, 16, 16, 16, 16, 16, 16, 16, 10, 10, 10, 10, 10, 10, 10, 10, 10, 10, 10, 10, 10, 10, 10, 10, 10, 10, 10, 10, 10, 10, 10, 10, 10, 10, 10, 10, 10, 10, 10, 10, 10, 10, 10, 10, 10, 10, 10, 10, 10, 10, 10, 10, 10, 10, 10, 10, 10, 10, 10, 10, 10, 10, 10, 10, 10, 10, 10, 10, 10, 10, 10, 10, 10, 10, 10, 10, 10, 10, 10, 10, 16, 16, 16, 16, 17, 16, 13, 1, 13, 13, 13, 13, 16, 13, 13, 13, 13, 14, 14, 14, 14, 14, 14, 16, 14, 14, 14, 14, 14, 14, 14, 14, 14, 14, 16, 14, 14, 14, 14, 14, 14, 14, 2, 2, 5, 16, 5, 13, 13, 13, 13, 13, 13, 17, 17, 16, 16, 16, 16, 16, 16, 16, 16, 16, 16, 16, 16, 16, 16, 16, 16, 16, 8, 8, 19, 19, 19, 19, 19, 19, 8, 8, 8, 8, 19, 8, 8, 8, 8, 8, 8, 8, 8, 8, 8, 19, 8, 8, 8, 8, 8, 8, 19, 19, 19, 19, 19, 19, 19, 19, 19, 19, 19, 19, 19, 19, 19, 19, 19, 19, 19, 2, 2, 8, 8, 8, 8, 8, 19, 8, 8, 8, 8, 8, 8, 8, 8, 8, 8, 19, 8, 8, 19, 19, 18, 18, 18, 18, 18, 18, 18, 18, 18, 18, 18, 18, 18, 18, 18, 18, 18, 18, 18, 18, 18, 18, 18, 18, 18, 18, 18, 18, 18, 18, 18, 18, 18, 18, 18, 18, 18, 18, 18, 18, 18, 18, 18, 18, 18, 18, 18, 18, 18, 18, 18, 18, 18, 18, 18, 18, 18, 18, 18, 18, 18, 18, 18, 18, 18, 18, 18, 18, 18, 18, 18, 13, 15, 15, 19, 19, 19, 19, 19, 17, 17, 17, 17, 17, 15, 8, 8, 8, 8, 8, 8, 8, 8, 8, 8, 15, 15, 15, 15, 15, 15, 15, 15, 15, 15, 15, 15, 15, 15, 15, 15, 15, 19, 19, 19, 19, 19, 15, 19, 19, 12, 12, 12, 17, 8, 8, 8, 8, 15, 8, 8, 8, 8, 8, 8, 15, 15, 15, 15, 15, 15, 15, 15, 19, 8, 19, 19, 19, 19, 19, 19, 19, 19, 19, 20, 8, 19, 8, 8, 8, 8, 8, 8, 8, 8, 8, 8, 19, 8, 8, 8, 8, 8, 8, 8, 8, 19, 19, 19, 19, 19, 19, 19, 19, 19, 19, 19, 19, 19, 19, 19, 19, 19, 20, 20, 8, 8, 8, 8, 8, 19, 8, 8, 8, 8, 8, 8, 8, 8, 8, 8, 19, 8, 8, 19, 19, 17, 17, 12, 12, 12, 12, 12, 12, 12, 12, 12, 12, 17, 12, 12, 12, 12, 12, 12, 12, 12, 12, 12, 17, 12, 12, 12, 12, 12, 12, 12, 12, 12, 12, 12, 12, 12, 12, 12, 12, 17, 17, 17, 17, 17, 12, 17, 17, 17, 17, 17, 17, 17, 17, 17, 17, 12, 17, 17, 17, 17, 17, 17, 17, 17, 17, 17, 12, 17, 17, 12, 12, 13, 13, 13, 13, 13, 13, 13, 13, 13, 13, 13, 13, 13, 13, 13, 13, 13, 13, 13, 13, 13, 13, 13, 13, 13, 13, 13, 13, 13, 13, 13, 13, 13, 13, 13, 13, 13, 13, 13, 13, 13, 13, 13, 13, 13, 13, 13, 13, 13, 13, 13, 13, 13, 13, 13, 13, 13, 13, 13, 13, 13, 13, 13, 13, 13, 13, 13, 13, 13, 13, 13, 13, 19, 19, 19, 19, 19, 19, 19, 17, 17, 17, 17, 17, 19, 17, 8, 8, 8, 8, 8, 8, 8, 8, 8, 19, 8, 8, 8, 8, 19, 8, 19, 19, 19, 19, 19, 19, 19, 19, 19, 19, 19, 19, 19, 19, 19, 19, 19, 17, 17, 17, 17, 17, 20, 8, 8, 8, 19, 8, 8, 8, 8, 8, 8, 8, 8, 8, 8, 19, 19, 19, 19, 19]}