{"center": [449, 363, 620, 346, 179, 548, 108, 676, 826, 1250, 53, 265, 1356, 737, 1107, 765, 1272, 1045, 681, 670], "davies_bouldin": 1.9349228844718485, "calinski_harabasz": 111.39282375145349, "silhouette_coefficient": 0.19064651602581908, "cluster_acc": 0.7326388888888888, "rand_index": 0.9664900393791985, "adjusted_rand_index": 0.6596371466516359, "mutual_info": 2.4361950333881772, "normalized_mutual_info": 0.8199872403436446, "adjusted_mutual_info": 0.8113190637491472, "homogeneity": 0.8132218806382167, "completeness": 0.8268661091862815, "v_measure": 0.8199872403436445, "h_c_v_m": [0.8132218806382167, 0.8268661091862815, 0.8199872403436445], "fowlkes_mallows_index": 0.6780987263748434, "label": [11, 11, 11, 11, 11, 11, 11, 11, 11, 11, 11, 11, 11, 11, 11, 11, 11, 11, 11, 11, 11, 11, 11, 11, 11, 11, 11, 11, 11, 11, 11, 11, 11, 11, 11, 11, 11, 11, 11, 11, 11, 11, 11, 11, 11, 11, 11, 11, 11, 11, 11, 11, 11, 11, 11, 11, 11, 11, 11, 11, 11, 11, 11, 11, 11, 11, 11, 11, 11, 11, 11, 11, 7, 7, 7, 7, 7, 7, 7, 13, 13, 13, 13, 13, 7, 13, 11, 11, 13, 7, 7, 7, 7, 7, 7, 7, 7, 7, 7, 7, 7, 7, 7, 7, 7, 7, 7, 7, 7, 7, 7, 7, 7, 7, 7, 7, 7, 7, 13, 13, 13, 13, 13, 13, 13, 13, 13, 13, 7, 7, 7, 7, 7, 7, 7, 7, 7, 7, 7, 7, 7, 7, 7, 7, 5, 5, 5, 5, 5, 5, 5, 5, 5, 5, 5, 5, 5, 5, 5, 5, 5, 5, 5, 5, 5, 5, 5, 5, 5, 5, 5, 5, 5, 5, 5, 5, 5, 5, 5, 5, 5, 5, 5, 5, 5, 5, 5, 5, 5, 5, 5, 5, 5, 5, 5, 5, 5, 5, 5, 5, 5, 5, 5, 5, 5, 5, 5, 5, 5, 5, 5, 5, 5, 5, 5, 5, 12, 12, 12, 12, 12, 12, 12, 12, 12, 12, 12, 12, 12, 12, 12, 12, 12, 12, 12, 12, 12, 12, 12, 12, 12, 12, 12, 12, 12, 12, 12, 12, 12, 12, 12, 12, 12, 12, 12, 12, 12, 12, 12, 12, 12, 12, 12, 12, 12, 12, 12, 12, 12, 12, 12, 12, 12, 12, 12, 12, 12, 12, 12, 12, 12, 12, 12, 12, 12, 12, 12, 12, 4, 4, 4, 4, 4, 4, 4, 4, 4, 4, 4, 4, 4, 4, 4, 4, 4, 4, 4, 4, 4, 4, 4, 4, 4, 4, 4, 4, 4, 4, 4, 4, 4, 4, 4, 4, 4, 4, 4, 4, 4, 4, 4, 4, 4, 4, 4, 4, 4, 4, 4, 4, 4, 4, 4, 4, 4, 4, 4, 4, 4, 4, 4, 4, 4, 4, 4, 4, 4, 4, 4, 4, 2, 2, 2, 2, 2, 2, 2, 2, 2, 2, 2, 2, 2, 2, 2, 2, 2, 2, 2, 2, 2, 2, 2, 2, 2, 2, 2, 2, 2, 2, 2, 2, 2, 2, 2, 2, 2, 2, 2, 2, 2, 2, 2, 2, 2, 2, 2, 2, 2, 2, 2, 2, 2, 2, 2, 2, 2, 2, 2, 2, 2, 2, 2, 2, 2, 2, 2, 2, 2, 2, 2, 2, 1, 1, 1, 1, 1, 1, 1, 1, 1, 1, 1, 1, 1, 1, 1, 1, 1, 1, 1, 1, 1, 1, 1, 1, 1, 1, 1, 1, 1, 1, 1, 1, 1, 1, 1, 1, 1, 1, 1, 1, 1, 1, 1, 1, 1, 1, 1, 1, 1, 1, 1, 1, 1, 1, 1, 1, 1, 1, 1, 1, 1, 1, 1, 1, 1, 1, 1, 1, 1, 1, 1, 1, 6, 6, 6, 6, 6, 6, 6, 6, 6, 6, 6, 6, 6, 6, 6, 6, 6, 6, 6, 6, 6, 6, 6, 6, 6, 6, 6, 6, 6, 6, 6, 6, 6, 6, 6, 6, 6, 6, 6, 6, 6, 6, 6, 6, 6, 6, 6, 6, 6, 6, 6, 6, 6, 6, 6, 6, 6, 6, 6, 6, 6, 6, 6, 6, 6, 6, 6, 6, 6, 6, 6, 6, 3, 3, 3, 3, 3, 3, 3, 3, 3, 3, 3, 3, 3, 3, 3, 3, 3, 3, 3, 3, 3, 3, 3, 3, 3, 3, 3, 3, 3, 3, 3, 3, 3, 3, 3, 3, 3, 3, 3, 3, 3, 3, 3, 3, 3, 3, 3, 3, 3, 3, 3, 3, 3, 3, 3, 3, 3, 3, 3, 3, 3, 3, 3, 3, 3, 3, 3, 3, 3, 3, 3, 3, 8, 19, 19, 19, 19, 19, 19, 19, 2, 2, 2, 2, 19, 20, 20, 20, 20, 20, 20, 20, 20, 20, 8, 19, 8, 8, 8, 8, 8, 8, 8, 8, 19, 19, 19, 19, 19, 19, 19, 19, 19, 19, 19, 19, 19, 19, 19, 19, 2, 4, 4, 4, 20, 20, 20, 20, 19, 20, 20, 20, 20, 20, 8, 8, 8, 8, 8, 19, 8, 8, 19, 19, 16, 16, 16, 16, 16, 16, 16, 16, 16, 16, 14, 14, 16, 14, 14, 14, 14, 14, 14, 14, 14, 14, 14, 16, 14, 14, 14, 14, 14, 14, 14, 14, 14, 14, 16, 14, 14, 14, 14, 14, 14, 14, 14, 14, 14, 16, 14, 14, 14, 4, 4, 14, 14, 16, 16, 16, 16, 16, 16, 16, 16, 16, 16, 16, 16, 16, 16, 16, 16, 16, 16, 16, 9, 9, 9, 9, 9, 9, 9, 9, 9, 9, 9, 9, 9, 9, 9, 9, 9, 9, 9, 9, 9, 9, 9, 9, 9, 9, 9, 9, 9, 9, 9, 9, 9, 9, 9, 9, 9, 9, 9, 9, 9, 9, 9, 9, 9, 9, 9, 9, 9, 9, 9, 9, 9, 9, 9, 9, 9, 9, 9, 9, 9, 9, 9, 9, 9, 9, 9, 9, 9, 9, 9, 9, 16, 16, 16, 16, 17, 16, 13, 1, 13, 13, 13, 13, 16, 13, 13, 10, 10, 14, 14, 14, 14, 14, 14, 16, 14, 14, 14, 14, 14, 14, 14, 14, 14, 14, 16, 14, 14, 14, 14, 14, 14, 2, 2, 2, 5, 16, 5, 13, 13, 13, 13, 13, 13, 17, 17, 13, 16, 16, 16, 16, 16, 16, 16, 16, 16, 16, 16, 16, 16, 16, 16, 16, 8, 8, 19, 19, 19, 19, 19, 19, 20, 20, 20, 20, 19, 20, 20, 20, 20, 20, 20, 20, 8, 8, 8, 19, 8, 8, 8, 8, 8, 8, 19, 19, 19, 19, 19, 19, 19, 19, 19, 19, 19, 19, 19, 19, 19, 19, 19, 19, 19, 2, 2, 8, 20, 20, 20, 20, 19, 20, 20, 20, 20, 20, 8, 8, 8, 8, 8, 19, 8, 8, 19, 19, 18, 18, 13, 13, 13, 18, 18, 18, 18, 18, 18, 18, 18, 18, 18, 18, 18, 18, 18, 18, 18, 18, 18, 18, 18, 18, 18, 18, 18, 18, 18, 18, 18, 18, 18, 18, 18, 18, 18, 18, 18, 18, 18, 18, 18, 18, 18, 18, 18, 18, 18, 18, 18, 18, 18, 18, 18, 18, 18, 18, 18, 18, 18, 18, 18, 18, 18, 18, 18, 18, 18, 13, 15, 15, 19, 19, 19, 19, 19, 17, 17, 17, 17, 17, 15, 20, 20, 20, 20, 20, 20, 20, 20, 20, 20, 15, 15, 15, 15, 15, 15, 15, 15, 15, 15, 15, 15, 15, 15, 15, 15, 15, 19, 19, 19, 19, 19, 15, 19, 19, 10, 10, 10, 10, 20, 20, 20, 20, 15, 20, 20, 20, 20, 20, 20, 15, 15, 15, 15, 15, 15, 15, 15, 19, 8, 19, 19, 19, 19, 19, 19, 19, 19, 4, 4, 14, 19, 20, 20, 20, 20, 20, 20, 20, 20, 20, 20, 19, 8, 8, 8, 8, 8, 8, 8, 19, 19, 19, 19, 19, 19, 19, 19, 19, 19, 19, 19, 19, 19, 19, 19, 19, 19, 4, 4, 20, 20, 20, 20, 20, 19, 20, 20, 20, 20, 20, 8, 8, 8, 8, 8, 19, 8, 8, 19, 19, 17, 17, 10, 10, 10, 10, 10, 10, 10, 10, 10, 10, 17, 10, 10, 10, 10, 10, 10, 10, 10, 10, 10, 17, 10, 10, 10, 10, 10, 10, 10, 10, 10, 10, 10, 10, 10, 10, 10, 10, 17, 17, 17, 17, 17, 10, 17, 17, 17, 17, 17, 17, 17, 17, 17, 17, 10, 17, 17, 17, 17, 17, 17, 17, 17, 17, 17, 10, 17, 17, 10, 10, 13, 13, 13, 13, 13, 13, 13, 13, 13, 13, 13, 13, 13, 13, 13, 13, 13, 13, 13, 13, 13, 13, 13, 13, 13, 13, 13, 13, 13, 13, 13, 13, 13, 13, 13, 13, 13, 13, 13, 13, 13, 13, 13, 13, 13, 13, 13, 13, 13, 13, 13, 13, 13, 13, 13, 13, 13, 13, 13, 13, 13, 13, 13, 13, 13, 13, 13, 13, 13, 13, 13, 13, 19, 19, 19, 19, 19, 19, 19, 17, 17, 17, 17, 17, 19, 17, 20, 20, 20, 20, 20, 20, 20, 20, 20, 19, 20, 20, 20, 20, 20, 20, 19, 19, 19, 19, 19, 19, 19, 19, 19, 19, 19, 19, 19, 19, 19, 19, 19, 17, 17, 17, 17, 17, 4, 17, 20, 20, 19, 20, 20, 20, 20, 20, 20, 20, 20, 20, 20, 19, 20, 19, 19, 19]}