{"center": [449, 620, 183, 346, 363, 265, 1277, 548, 288, 681, 108, 670, 765, 47, 826, 744, 1357, 1043, 1111, 1250], "davies_bouldin": 1.9173939648983793, "calinski_harabasz": 107.3209792580777, "silhouette_coefficient": 0.1822384321724725, "cluster_acc": 0.7152777777777778, "rand_index": 0.9629015133966489, "adjusted_rand_index": 0.6382681660792728, "mutual_info": 2.460113279148715, "normalized_mutual_info": 0.8337005169038958, "adjusted_mutual_info": 0.8255907745462439, "homogeneity": 0.8212059872193306, "completeness": 0.8465811256295922, "v_measure": 0.8337005169038957, "h_c_v_m": [0.8212059872193306, 0.8465811256295922, 0.8337005169038957], "fowlkes_mallows_index": 0.6603666555808587, "label": [14, 14, 14, 14, 14, 14, 14, 14, 14, 14, 14, 14, 14, 14, 14, 14, 14, 14, 14, 14, 14, 14, 14, 14, 14, 14, 14, 14, 14, 14, 14, 14, 14, 14, 14, 14, 14, 14, 14, 14, 14, 14, 14, 14, 14, 14, 14, 14, 14, 14, 14, 14, 14, 14, 14, 14, 14, 14, 14, 14, 14, 14, 14, 14, 14, 14, 14, 14, 14, 14, 14, 14, 11, 11, 11, 11, 11, 11, 11, 17, 17, 17, 17, 17, 11, 17, 17, 17, 17, 11, 11, 11, 11, 11, 11, 11, 11, 11, 11, 11, 11, 11, 11, 11, 11, 11, 11, 11, 11, 11, 11, 11, 11, 11, 11, 11, 11, 11, 17, 17, 17, 17, 17, 17, 17, 17, 17, 11, 11, 11, 11, 11, 11, 11, 11, 11, 11, 11, 11, 11, 11, 11, 11, 11, 3, 3, 3, 3, 3, 3, 3, 3, 3, 3, 3, 3, 3, 3, 3, 3, 3, 3, 3, 3, 3, 3, 3, 3, 3, 3, 3, 3, 3, 3, 3, 3, 3, 3, 3, 3, 3, 3, 3, 3, 3, 3, 3, 3, 3, 3, 3, 3, 3, 3, 3, 3, 3, 3, 3, 3, 3, 3, 3, 3, 3, 3, 3, 3, 3, 3, 3, 3, 3, 3, 3, 3, 6, 6, 6, 6, 6, 6, 6, 6, 6, 6, 6, 6, 6, 6, 6, 6, 6, 6, 6, 6, 6, 6, 6, 6, 6, 6, 6, 6, 6, 6, 6, 6, 6, 6, 6, 6, 6, 6, 6, 6, 6, 6, 6, 6, 6, 6, 6, 6, 6, 6, 6, 6, 6, 6, 6, 6, 6, 6, 6, 6, 6, 6, 6, 6, 6, 6, 6, 6, 6, 6, 6, 6, 9, 9, 4, 4, 4, 4, 9, 9, 9, 9, 9, 9, 9, 9, 4, 4, 4, 4, 4, 4, 4, 4, 4, 4, 4, 4, 9, 9, 9, 9, 9, 9, 9, 4, 4, 4, 4, 4, 4, 4, 4, 4, 4, 4, 4, 4, 4, 9, 9, 9, 9, 9, 9, 4, 4, 4, 4, 4, 4, 4, 4, 4, 4, 4, 4, 4, 9, 4, 9, 9, 4, 4, 5, 5, 5, 5, 5, 5, 5, 5, 5, 5, 5, 5, 5, 5, 5, 5, 5, 5, 5, 5, 5, 5, 5, 5, 5, 5, 5, 5, 5, 5, 5, 5, 5, 5, 5, 5, 5, 5, 5, 5, 5, 5, 5, 5, 5, 5, 5, 5, 5, 5, 5, 5, 5, 5, 5, 5, 5, 5, 5, 5, 5, 5, 5, 5, 5, 5, 5, 5, 5, 5, 5, 5, 1, 1, 1, 1, 1, 1, 1, 1, 1, 1, 1, 1, 1, 1, 1, 1, 1, 1, 1, 1, 1, 1, 1, 1, 1, 1, 1, 1, 1, 1, 1, 1, 1, 1, 1, 1, 1, 1, 1, 1, 1, 1, 1, 1, 1, 1, 1, 1, 1, 1, 1, 1, 1, 1, 1, 1, 1, 1, 1, 1, 1, 1, 1, 1, 1, 1, 1, 1, 1, 1, 1, 1, 8, 8, 8, 8, 8, 8, 8, 8, 8, 8, 8, 8, 8, 8, 8, 8, 8, 8, 8, 8, 8, 8, 8, 8, 8, 8, 8, 8, 8, 8, 8, 8, 8, 8, 8, 8, 8, 8, 8, 8, 8, 8, 8, 8, 8, 8, 8, 8, 8, 8, 8, 8, 8, 8, 8, 8, 8, 8, 8, 8, 8, 8, 8, 8, 8, 8, 8, 8, 8, 8, 8, 8, 2, 2, 2, 2, 2, 2, 2, 2, 2, 2, 2, 2, 2, 2, 2, 2, 2, 2, 2, 2, 2, 2, 2, 2, 2, 2, 2, 2, 2, 2, 2, 2, 2, 2, 2, 2, 2, 2, 2, 2, 2, 2, 2, 2, 2, 2, 2, 2, 2, 2, 2, 2, 2, 2, 2, 2, 2, 2, 2, 2, 2, 2, 2, 2, 2, 2, 2, 2, 2, 2, 2, 2, 10, 10, 10, 10, 10, 10, 10, 10, 5, 5, 5, 5, 10, 12, 12, 12, 12, 12, 12, 12, 12, 12, 12, 10, 12, 12, 12, 12, 12, 12, 12, 10, 10, 10, 10, 10, 10, 10, 10, 10, 10, 10, 10, 10, 10, 10, 10, 10, 5, 9, 9, 5, 12, 12, 12, 12, 10, 12, 12, 12, 12, 12, 12, 12, 12, 12, 12, 10, 12, 12, 10, 10, 13, 13, 13, 13, 13, 13, 13, 13, 13, 13, 16, 16, 13, 16, 16, 16, 16, 16, 16, 16, 16, 16, 16, 13, 16, 16, 16, 16, 16, 16, 16, 16, 16, 16, 13, 16, 16, 16, 16, 16, 16, 16, 16, 16, 16, 13, 16, 16, 13, 13, 13, 13, 13, 13, 13, 13, 13, 13, 13, 13, 13, 13, 13, 13, 13, 13, 13, 13, 13, 13, 13, 13, 15, 15, 15, 15, 15, 15, 15, 15, 15, 15, 15, 15, 15, 15, 15, 15, 15, 15, 15, 15, 15, 15, 15, 15, 15, 15, 15, 15, 15, 15, 15, 15, 15, 15, 15, 15, 15, 15, 15, 15, 15, 15, 15, 15, 15, 15, 15, 15, 15, 15, 15, 15, 15, 15, 15, 15, 15, 15, 15, 15, 15, 15, 15, 15, 15, 15, 15, 15, 15, 15, 15, 15, 13, 13, 13, 13, 7, 7, 17, 17, 17, 17, 17, 17, 13, 17, 17, 17, 17, 16, 16, 16, 16, 16, 16, 13, 16, 16, 16, 16, 16, 16, 16, 16, 16, 16, 13, 16, 16, 16, 16, 16, 16, 16, 16, 5, 17, 13, 3, 17, 17, 17, 17, 17, 17, 7, 7, 13, 13, 13, 13, 13, 13, 13, 13, 13, 13, 13, 13, 13, 13, 13, 13, 13, 12, 10, 10, 10, 10, 10, 10, 10, 10, 4, 12, 12, 10, 12, 12, 12, 12, 12, 12, 12, 12, 12, 12, 10, 12, 12, 12, 12, 12, 12, 10, 10, 10, 10, 10, 10, 10, 10, 10, 10, 10, 10, 10, 10, 10, 10, 10, 10, 10, 10, 12, 12, 12, 12, 12, 12, 10, 12, 12, 12, 12, 12, 12, 12, 12, 12, 12, 10, 12, 12, 10, 10, 18, 18, 18, 18, 18, 18, 18, 18, 18, 18, 18, 18, 18, 18, 18, 18, 18, 18, 18, 18, 18, 18, 18, 18, 18, 18, 18, 18, 18, 18, 18, 18, 18, 18, 18, 18, 18, 18, 18, 18, 18, 18, 18, 18, 18, 18, 18, 18, 18, 18, 18, 18, 18, 18, 18, 18, 18, 18, 18, 18, 18, 18, 18, 18, 18, 18, 18, 18, 18, 18, 18, 18, 19, 19, 10, 10, 10, 10, 10, 10, 7, 7, 7, 7, 19, 12, 12, 12, 12, 12, 12, 12, 12, 12, 12, 19, 19, 19, 19, 19, 19, 19, 19, 19, 19, 19, 19, 19, 19, 19, 19, 19, 10, 10, 10, 10, 10, 19, 10, 10, 7, 20, 20, 7, 12, 12, 12, 12, 19, 12, 12, 12, 12, 12, 19, 19, 19, 19, 19, 19, 19, 19, 10, 10, 12, 10, 10, 10, 10, 10, 10, 10, 10, 10, 10, 12, 10, 12, 12, 12, 12, 12, 12, 12, 12, 12, 12, 10, 12, 12, 12, 12, 12, 12, 12, 10, 10, 10, 10, 10, 10, 10, 10, 10, 10, 10, 10, 10, 10, 10, 10, 10, 10, 9, 9, 12, 12, 12, 12, 12, 10, 12, 12, 12, 12, 12, 12, 12, 12, 12, 12, 10, 12, 12, 10, 10, 7, 7, 7, 7, 7, 20, 20, 20, 20, 20, 20, 20, 7, 20, 20, 20, 20, 20, 20, 20, 20, 20, 20, 7, 20, 20, 20, 20, 20, 20, 20, 20, 20, 20, 7, 7, 7, 7, 7, 7, 7, 7, 7, 7, 7, 7, 7, 7, 7, 7, 7, 7, 7, 7, 7, 7, 7, 7, 7, 7, 7, 7, 7, 7, 7, 7, 7, 7, 7, 7, 7, 7, 17, 17, 17, 17, 17, 17, 17, 17, 17, 17, 17, 17, 17, 17, 17, 17, 17, 17, 17, 17, 17, 17, 17, 17, 17, 17, 17, 17, 17, 17, 17, 17, 17, 17, 17, 17, 17, 17, 17, 17, 17, 17, 17, 17, 17, 17, 17, 17, 17, 17, 17, 17, 17, 17, 17, 17, 17, 17, 17, 17, 17, 17, 17, 17, 17, 17, 17, 17, 17, 17, 17, 17, 10, 10, 10, 10, 10, 10, 10, 7, 7, 7, 7, 7, 10, 12, 12, 12, 12, 12, 12, 12, 12, 12, 12, 10, 12, 12, 12, 12, 12, 12, 12, 10, 10, 10, 10, 10, 10, 10, 10, 10, 10, 10, 10, 10, 10, 10, 10, 7, 7, 7, 7, 7, 9, 12, 12, 12, 10, 12, 12, 12, 12, 12, 12, 12, 12, 12, 12, 10, 12, 12, 10, 10]}