{"center": [449, 363, 625, 349, 173, 101, 558, 676, 837, 265, 1356, 1255, 53, 1268, 681, 737, 838, 1046, 482, 672], "davies_bouldin": 2.1536641429185326, "calinski_harabasz": 100.91954435617943, "silhouette_coefficient": 0.1420902011686271, "cluster_acc": 0.6527777777777778, "rand_index": 0.954638637943016, "adjusted_rand_index": 0.5601441356223488, "mutual_info": 2.290856246621201, "normalized_mutual_info": 0.7780050717714384, "adjusted_mutual_info": 0.767140215103288, "homogeneity": 0.7647066017362895, "completeness": 0.7917742561835407, "v_measure": 0.7780050717714383, "h_c_v_m": [0.7647066017362895, 0.7917742561835407, 0.7780050717714383], "fowlkes_mallows_index": 0.5865471495842819, "label": [13, 13, 13, 13, 13, 13, 13, 13, 13, 13, 13, 13, 13, 13, 13, 13, 13, 13, 13, 13, 13, 13, 13, 13, 13, 13, 13, 13, 2, 2, 2, 2, 2, 2, 13, 13, 13, 13, 13, 13, 13, 13, 13, 13, 13, 13, 13, 13, 13, 13, 13, 13, 13, 13, 13, 13, 13, 13, 13, 13, 13, 13, 13, 13, 13, 13, 13, 13, 13, 13, 13, 13, 6, 6, 6, 6, 6, 6, 6, 11, 11, 11, 11, 11, 6, 11, 11, 11, 11, 6, 6, 6, 6, 6, 6, 6, 6, 6, 6, 6, 6, 6, 6, 6, 6, 6, 6, 6, 6, 6, 6, 6, 6, 6, 6, 6, 6, 6, 11, 11, 11, 11, 11, 11, 11, 11, 11, 11, 6, 6, 6, 6, 6, 6, 6, 6, 6, 6, 6, 6, 6, 6, 6, 6, 5, 5, 5, 5, 5, 5, 5, 5, 5, 5, 5, 5, 5, 5, 5, 5, 5, 5, 5, 5, 5, 5, 5, 5, 5, 5, 5, 5, 5, 5, 5, 5, 5, 5, 5, 5, 5, 5, 5, 5, 5, 5, 5, 5, 5, 5, 5, 5, 5, 5, 5, 5, 5, 5, 5, 5, 5, 5, 5, 5, 5, 5, 5, 5, 5, 5, 5, 5, 5, 5, 5, 5, 10, 10, 10, 10, 10, 10, 10, 10, 10, 10, 10, 10, 10, 10, 10, 10, 10, 10, 10, 10, 10, 10, 10, 10, 10, 10, 10, 10, 10, 10, 10, 10, 10, 10, 10, 10, 10, 10, 10, 10, 10, 10, 10, 10, 10, 10, 10, 10, 10, 10, 10, 10, 10, 10, 10, 10, 10, 10, 10, 10, 10, 10, 10, 10, 10, 10, 10, 10, 10, 10, 10, 10, 4, 4, 4, 4, 4, 4, 4, 4, 4, 4, 4, 4, 4, 4, 4, 4, 4, 4, 4, 4, 4, 4, 4, 4, 4, 4, 4, 4, 4, 4, 4, 4, 4, 4, 4, 4, 4, 4, 4, 4, 4, 4, 4, 4, 4, 4, 4, 4, 4, 4, 4, 4, 4, 4, 4, 4, 4, 4, 4, 4, 4, 4, 4, 4, 4, 4, 4, 4, 4, 4, 4, 4, 2, 2, 2, 2, 2, 2, 2, 2, 2, 2, 2, 2, 2, 2, 2, 2, 2, 2, 2, 2, 2, 2, 2, 2, 2, 2, 2, 2, 2, 2, 2, 2, 2, 2, 2, 2, 2, 2, 2, 2, 2, 2, 2, 2, 2, 2, 2, 2, 2, 2, 2, 2, 2, 2, 2, 2, 2, 2, 2, 2, 2, 2, 2, 2, 2, 2, 2, 2, 2, 2, 2, 2, 1, 1, 1, 1, 1, 1, 1, 1, 1, 1, 1, 1, 1, 1, 1, 1, 1, 1, 1, 1, 1, 1, 1, 1, 1, 1, 1, 19, 19, 19, 19, 19, 19, 19, 1, 19, 19, 19, 19, 19, 19, 19, 19, 19, 19, 1, 19, 19, 19, 19, 19, 19, 19, 19, 19, 1, 1, 19, 1, 1, 1, 1, 1, 1, 1, 1, 1, 1, 1, 1, 1, 1, 7, 7, 7, 7, 7, 7, 7, 7, 7, 7, 7, 7, 7, 7, 7, 7, 7, 7, 7, 7, 7, 7, 7, 7, 7, 7, 7, 7, 7, 7, 7, 7, 7, 7, 7, 7, 7, 7, 7, 7, 7, 7, 7, 7, 7, 7, 7, 7, 7, 7, 7, 7, 7, 7, 7, 7, 7, 7, 7, 7, 7, 7, 7, 7, 7, 7, 7, 7, 7, 7, 7, 7, 3, 3, 3, 3, 3, 3, 3, 3, 3, 3, 3, 3, 3, 3, 3, 3, 3, 3, 3, 3, 3, 3, 3, 3, 3, 3, 3, 3, 3, 3, 3, 3, 3, 3, 3, 3, 3, 3, 3, 3, 3, 3, 3, 3, 3, 3, 3, 3, 3, 3, 3, 3, 3, 3, 3, 3, 3, 3, 3, 3, 3, 3, 3, 3, 3, 3, 3, 3, 3, 3, 3, 3, 8, 8, 15, 15, 15, 15, 15, 15, 2, 2, 2, 2, 15, 20, 20, 20, 20, 20, 8, 8, 8, 8, 8, 15, 8, 8, 8, 8, 8, 8, 8, 8, 8, 15, 15, 15, 15, 15, 15, 15, 15, 15, 15, 15, 15, 15, 15, 15, 2, 2, 2, 2, 20, 20, 20, 20, 15, 20, 8, 8, 8, 8, 8, 8, 8, 8, 8, 15, 8, 8, 15, 15, 12, 12, 12, 12, 12, 12, 12, 12, 12, 12, 16, 16, 12, 16, 16, 16, 16, 16, 16, 16, 16, 16, 20, 12, 20, 20, 20, 20, 20, 20, 20, 20, 20, 20, 12, 20, 16, 16, 16, 16, 16, 16, 16, 16, 16, 12, 16, 16, 4, 4, 4, 4, 4, 16, 12, 12, 12, 12, 12, 12, 12, 12, 12, 12, 12, 12, 12, 12, 12, 12, 12, 12, 9, 9, 9, 9, 9, 9, 9, 9, 9, 9, 9, 9, 9, 9, 9, 9, 17, 17, 17, 17, 17, 17, 17, 9, 17, 17, 17, 17, 17, 17, 17, 17, 17, 17, 9, 17, 17, 17, 17, 17, 17, 17, 17, 17, 17, 9, 17, 17, 17, 17, 17, 17, 17, 17, 17, 17, 9, 17, 17, 17, 17, 17, 17, 17, 17, 9, 9, 9, 9, 9, 9, 9, 12, 12, 14, 14, 14, 14, 19, 19, 11, 11, 11, 11, 12, 11, 11, 12, 12, 12, 11, 20, 20, 20, 20, 12, 20, 20, 20, 20, 20, 20, 20, 20, 20, 20, 12, 20, 20, 20, 20, 20, 20, 2, 2, 11, 5, 12, 5, 11, 11, 11, 11, 11, 11, 14, 11, 2, 12, 12, 12, 12, 12, 12, 12, 12, 12, 12, 12, 12, 12, 12, 12, 12, 8, 8, 15, 15, 15, 15, 15, 15, 20, 2, 20, 3, 8, 20, 20, 8, 8, 8, 8, 8, 8, 8, 8, 15, 8, 8, 8, 8, 8, 8, 8, 8, 15, 15, 15, 15, 15, 15, 15, 15, 15, 15, 15, 15, 15, 15, 15, 15, 2, 2, 2, 15, 20, 20, 20, 8, 15, 8, 8, 8, 8, 8, 8, 8, 8, 8, 8, 15, 8, 8, 15, 15, 18, 18, 11, 11, 11, 11, 11, 11, 11, 11, 18, 18, 18, 18, 18, 18, 18, 18, 18, 18, 18, 18, 18, 18, 18, 18, 18, 18, 18, 18, 18, 18, 18, 18, 18, 18, 18, 18, 18, 18, 18, 18, 11, 11, 18, 11, 11, 11, 11, 11, 11, 18, 11, 18, 18, 18, 11, 18, 18, 18, 18, 18, 18, 18, 18, 18, 18, 11, 18, 18, 11, 11, 15, 15, 15, 15, 15, 15, 15, 14, 14, 14, 14, 14, 15, 20, 20, 20, 20, 20, 20, 20, 20, 20, 20, 15, 15, 15, 15, 15, 15, 15, 15, 15, 15, 15, 15, 15, 15, 15, 15, 15, 15, 15, 15, 15, 15, 15, 15, 14, 12, 12, 12, 12, 20, 20, 20, 20, 15, 20, 20, 20, 20, 20, 20, 20, 20, 15, 15, 15, 15, 15, 15, 15, 8, 8, 15, 15, 15, 15, 15, 8, 12, 2, 4, 20, 15, 20, 20, 20, 8, 8, 8, 8, 8, 8, 8, 15, 8, 8, 8, 8, 8, 8, 8, 8, 8, 15, 15, 15, 15, 15, 15, 15, 15, 15, 15, 15, 15, 15, 15, 15, 15, 4, 4, 8, 20, 20, 20, 8, 15, 8, 8, 8, 8, 8, 8, 8, 8, 8, 8, 15, 8, 8, 15, 15, 14, 14, 12, 12, 12, 12, 12, 12, 12, 12, 12, 12, 14, 12, 12, 12, 12, 12, 12, 12, 12, 12, 12, 14, 12, 12, 12, 12, 12, 12, 12, 12, 12, 12, 12, 12, 12, 12, 12, 14, 14, 14, 14, 14, 14, 12, 14, 14, 14, 14, 14, 14, 14, 14, 14, 14, 12, 14, 14, 14, 14, 14, 14, 14, 14, 14, 14, 12, 14, 14, 12, 12, 11, 11, 11, 11, 11, 11, 11, 11, 11, 11, 11, 11, 11, 11, 11, 11, 11, 11, 11, 11, 11, 11, 11, 11, 11, 11, 11, 11, 11, 11, 11, 11, 11, 11, 11, 11, 11, 11, 11, 11, 11, 11, 11, 11, 11, 11, 11, 11, 11, 11, 11, 11, 11, 11, 11, 11, 11, 11, 11, 11, 11, 11, 11, 11, 11, 11, 11, 11, 11, 11, 11, 11, 15, 15, 15, 15, 15, 14, 14, 14, 14, 14, 14, 14, 15, 14, 14, 20, 20, 20, 20, 20, 20, 20, 20, 15, 20, 20, 20, 15, 15, 15, 15, 15, 15, 15, 15, 15, 15, 15, 15, 15, 15, 15, 15, 15, 15, 15, 14, 14, 14, 14, 14, 2, 14, 20, 20, 20, 15, 20, 20, 20, 20, 20, 20, 20, 20, 20, 15, 15, 15, 15, 15, 15]}