{"center": [449, 363, 620, 346, 173, 265, 548, 676, 108, 826, 53, 1250, 1357, 1108, 737, 765, 1045, 681, 670, 1272], "davies_bouldin": 1.8945657109288139, "calinski_harabasz": 111.61336031661082, "silhouette_coefficient": 0.19099445560522293, "cluster_acc": 0.7305555555555555, "rand_index": 0.9666782487838776, "adjusted_rand_index": 0.660628207609314, "mutual_info": 2.4293693438907162, "normalized_mutual_info": 0.817743672169887, "adjusted_mutual_info": 0.8089829886448779, "homogeneity": 0.8109434095085641, "completeness": 0.8246589481157084, "v_measure": 0.817743672169887, "h_c_v_m": [0.8109434095085641, 0.8246589481157084, 0.817743672169887], "fowlkes_mallows_index": 0.678904706972482, "label": [11, 11, 11, 11, 11, 11, 11, 11, 11, 11, 11, 11, 11, 11, 11, 11, 11, 11, 11, 11, 11, 11, 11, 11, 11, 11, 11, 11, 11, 11, 11, 11, 11, 11, 11, 11, 11, 11, 11, 11, 11, 11, 11, 11, 11, 11, 11, 11, 11, 11, 11, 11, 11, 11, 11, 11, 11, 11, 11, 11, 11, 11, 11, 11, 11, 11, 11, 11, 11, 11, 11, 11, 9, 9, 9, 9, 9, 9, 9, 13, 13, 13, 13, 13, 9, 13, 11, 11, 13, 9, 9, 9, 9, 9, 9, 9, 9, 9, 9, 9, 9, 9, 9, 9, 9, 9, 9, 9, 9, 9, 9, 9, 9, 9, 9, 9, 9, 9, 13, 13, 13, 13, 13, 13, 13, 13, 13, 13, 9, 9, 9, 9, 9, 9, 9, 9, 9, 9, 9, 9, 9, 9, 9, 9, 5, 5, 5, 5, 5, 5, 5, 5, 5, 5, 5, 5, 5, 5, 5, 5, 5, 5, 5, 5, 5, 5, 5, 5, 5, 5, 5, 5, 5, 5, 5, 5, 5, 5, 5, 5, 5, 5, 5, 5, 5, 5, 5, 5, 5, 5, 5, 5, 5, 5, 5, 5, 5, 5, 5, 5, 5, 5, 5, 5, 5, 5, 5, 5, 5, 5, 5, 5, 5, 5, 5, 5, 6, 6, 6, 6, 6, 6, 6, 6, 6, 6, 6, 6, 6, 6, 6, 6, 6, 6, 6, 6, 6, 6, 6, 6, 6, 6, 6, 6, 6, 6, 6, 6, 6, 6, 6, 6, 6, 6, 6, 6, 6, 6, 6, 6, 6, 6, 6, 6, 6, 6, 6, 6, 6, 6, 6, 6, 6, 6, 6, 6, 6, 6, 6, 6, 6, 6, 6, 6, 6, 6, 6, 6, 4, 4, 4, 4, 4, 4, 4, 4, 4, 4, 4, 4, 4, 4, 4, 4, 4, 4, 4, 4, 4, 4, 4, 4, 4, 4, 4, 4, 4, 4, 4, 4, 4, 4, 4, 4, 4, 4, 4, 4, 4, 4, 4, 4, 4, 4, 4, 4, 4, 4, 4, 4, 4, 4, 4, 4, 4, 4, 4, 4, 4, 4, 4, 4, 4, 4, 4, 4, 4, 4, 4, 4, 2, 2, 2, 2, 2, 2, 2, 2, 2, 2, 2, 2, 2, 2, 2, 2, 2, 2, 2, 2, 2, 2, 2, 2, 2, 2, 2, 2, 2, 2, 2, 2, 2, 2, 2, 2, 2, 2, 2, 2, 2, 2, 2, 2, 2, 2, 2, 2, 2, 2, 2, 2, 2, 2, 2, 2, 2, 2, 2, 2, 2, 2, 2, 2, 2, 2, 2, 2, 2, 2, 2, 2, 1, 1, 1, 1, 1, 1, 1, 1, 1, 1, 1, 1, 1, 1, 1, 1, 1, 1, 1, 1, 1, 1, 1, 1, 1, 1, 1, 1, 1, 1, 1, 1, 1, 1, 1, 1, 1, 1, 1, 1, 1, 1, 1, 1, 1, 1, 1, 1, 1, 1, 1, 1, 1, 1, 1, 1, 1, 1, 1, 1, 1, 1, 1, 1, 1, 1, 1, 1, 1, 1, 1, 1, 7, 7, 7, 7, 7, 7, 7, 7, 7, 7, 7, 7, 7, 7, 7, 7, 7, 7, 7, 7, 7, 7, 7, 7, 7, 7, 7, 7, 7, 7, 7, 7, 7, 7, 7, 7, 7, 7, 7, 7, 7, 7, 7, 7, 7, 7, 7, 7, 7, 7, 7, 7, 7, 7, 7, 7, 7, 7, 7, 7, 7, 7, 7, 7, 7, 7, 7, 7, 7, 7, 7, 7, 3, 3, 3, 3, 3, 3, 3, 3, 3, 3, 3, 3, 3, 3, 3, 3, 3, 3, 3, 3, 3, 3, 3, 3, 3, 3, 3, 3, 3, 3, 3, 3, 3, 3, 3, 3, 3, 3, 3, 3, 3, 3, 3, 3, 3, 3, 3, 3, 3, 3, 3, 3, 3, 3, 3, 3, 3, 3, 3, 3, 3, 3, 3, 3, 3, 3, 3, 3, 3, 3, 3, 3, 8, 18, 18, 18, 18, 18, 18, 18, 2, 2, 2, 2, 18, 19, 19, 19, 19, 19, 19, 19, 19, 8, 8, 18, 8, 8, 8, 8, 8, 8, 8, 18, 18, 18, 18, 18, 18, 18, 18, 18, 18, 18, 18, 18, 18, 18, 18, 18, 2, 2, 4, 4, 19, 19, 19, 19, 18, 19, 19, 19, 19, 8, 8, 8, 8, 8, 8, 18, 8, 8, 18, 18, 16, 16, 16, 16, 16, 16, 16, 16, 16, 16, 15, 15, 16, 15, 15, 15, 15, 15, 15, 15, 15, 15, 19, 16, 19, 19, 19, 19, 19, 19, 19, 19, 19, 19, 16, 19, 19, 15, 15, 15, 15, 15, 15, 15, 15, 16, 15, 15, 4, 4, 4, 4, 4, 16, 16, 16, 16, 16, 16, 16, 16, 16, 16, 16, 16, 16, 16, 16, 16, 16, 16, 16, 10, 10, 10, 10, 10, 10, 10, 10, 10, 10, 10, 10, 10, 10, 10, 10, 10, 10, 10, 10, 10, 10, 10, 10, 10, 10, 10, 10, 10, 10, 10, 10, 10, 10, 10, 10, 10, 10, 10, 10, 10, 10, 10, 10, 10, 10, 10, 10, 10, 10, 10, 10, 10, 10, 10, 10, 10, 10, 10, 10, 10, 10, 10, 10, 10, 10, 10, 10, 10, 10, 10, 10, 16, 16, 16, 16, 20, 16, 1, 1, 13, 13, 13, 13, 16, 13, 13, 13, 12, 19, 19, 19, 19, 19, 19, 16, 19, 19, 19, 19, 19, 19, 19, 19, 19, 19, 16, 19, 19, 19, 19, 19, 19, 2, 2, 2, 5, 16, 5, 13, 13, 13, 13, 13, 13, 20, 13, 16, 16, 16, 16, 16, 16, 16, 16, 16, 16, 16, 16, 16, 16, 16, 16, 16, 8, 8, 18, 18, 18, 18, 18, 18, 19, 19, 19, 19, 18, 19, 19, 19, 19, 19, 19, 8, 8, 8, 8, 18, 8, 8, 8, 8, 8, 8, 18, 18, 18, 18, 18, 18, 18, 18, 18, 18, 18, 18, 18, 18, 18, 18, 18, 18, 18, 2, 2, 19, 19, 19, 19, 19, 18, 19, 19, 19, 19, 8, 8, 8, 8, 8, 8, 18, 8, 8, 18, 18, 17, 17, 13, 13, 17, 13, 17, 17, 17, 17, 17, 17, 17, 17, 17, 17, 17, 17, 17, 17, 17, 17, 17, 17, 17, 17, 17, 17, 17, 17, 17, 17, 17, 17, 17, 17, 17, 17, 17, 17, 17, 17, 17, 17, 17, 17, 17, 17, 17, 17, 17, 17, 17, 17, 17, 17, 17, 17, 17, 17, 17, 17, 17, 17, 17, 17, 17, 17, 17, 17, 17, 17, 14, 14, 14, 14, 14, 14, 14, 20, 20, 20, 20, 20, 14, 19, 19, 19, 19, 19, 19, 19, 19, 19, 19, 14, 19, 14, 14, 14, 14, 14, 14, 14, 14, 14, 14, 14, 14, 14, 14, 14, 14, 14, 14, 14, 18, 14, 18, 20, 12, 12, 12, 20, 19, 19, 19, 19, 14, 19, 19, 19, 19, 19, 19, 19, 14, 14, 14, 14, 14, 14, 14, 14, 8, 18, 18, 18, 18, 18, 18, 18, 16, 4, 4, 19, 18, 19, 19, 19, 19, 19, 19, 19, 19, 19, 8, 18, 8, 8, 8, 8, 8, 8, 8, 18, 18, 18, 18, 18, 18, 18, 18, 18, 18, 18, 18, 18, 18, 18, 18, 18, 18, 4, 4, 19, 19, 19, 19, 19, 18, 19, 19, 19, 19, 8, 8, 8, 8, 8, 8, 18, 8, 8, 18, 18, 20, 20, 12, 12, 12, 12, 12, 12, 12, 12, 12, 12, 20, 12, 12, 12, 12, 12, 12, 12, 12, 12, 12, 20, 12, 12, 12, 12, 12, 12, 12, 12, 12, 12, 12, 12, 12, 12, 12, 12, 20, 20, 20, 20, 20, 12, 20, 20, 20, 20, 20, 20, 20, 20, 20, 20, 12, 20, 20, 20, 20, 20, 20, 20, 20, 20, 20, 12, 20, 20, 12, 12, 13, 13, 13, 13, 13, 13, 13, 13, 13, 13, 13, 13, 13, 13, 13, 13, 13, 13, 13, 13, 13, 13, 13, 13, 13, 13, 13, 13, 13, 13, 13, 13, 13, 13, 13, 13, 13, 13, 13, 13, 13, 13, 13, 13, 13, 13, 13, 13, 13, 13, 13, 13, 13, 13, 13, 13, 13, 13, 13, 13, 13, 13, 13, 13, 13, 13, 13, 13, 13, 13, 13, 13, 14, 14, 14, 14, 14, 20, 20, 20, 20, 20, 20, 20, 14, 20, 19, 19, 19, 19, 19, 19, 19, 19, 19, 14, 19, 19, 19, 14, 14, 14, 14, 14, 14, 14, 14, 14, 14, 14, 14, 14, 14, 14, 14, 14, 14, 14, 20, 20, 20, 20, 20, 20, 4, 20, 19, 19, 14, 19, 19, 19, 19, 19, 19, 19, 19, 14, 14, 14, 14, 14, 14, 14]}