{"center": [449, 363, 625, 349, 173, 101, 548, 676, 826, 53, 1250, 265, 1357, 1108, 737, 765, 1268, 1045, 681, 670], "davies_bouldin": 1.926750122904642, "calinski_harabasz": 107.62612170190894, "silhouette_coefficient": 0.1816336604255977, "cluster_acc": 0.7270833333333333, "rand_index": 0.9643222531078681, "adjusted_rand_index": 0.6438868363910718, "mutual_info": 2.414546582421462, "normalized_mutual_info": 0.8154419769119932, "adjusted_mutual_info": 0.806513099856938, "homogeneity": 0.8059954501731762, "completeness": 0.8251125623741398, "v_measure": 0.8154419769119932, "h_c_v_m": [0.8059954501731762, 0.8251125623741398, 0.8154419769119932], "fowlkes_mallows_index": 0.6641200428448848, "label": [10, 10, 10, 10, 10, 10, 10, 10, 10, 10, 10, 10, 10, 10, 10, 10, 10, 10, 10, 10, 10, 10, 10, 10, 10, 10, 10, 10, 10, 10, 10, 10, 10, 10, 10, 10, 10, 10, 10, 10, 10, 10, 10, 10, 10, 10, 10, 10, 10, 10, 10, 10, 10, 10, 10, 10, 10, 10, 10, 10, 10, 10, 10, 10, 10, 10, 10, 10, 10, 10, 10, 10, 6, 6, 6, 6, 6, 6, 6, 13, 13, 13, 13, 13, 6, 13, 13, 13, 13, 6, 6, 6, 6, 6, 6, 6, 6, 6, 6, 6, 6, 6, 6, 6, 6, 6, 6, 6, 6, 6, 6, 6, 6, 6, 6, 6, 6, 6, 13, 13, 13, 13, 13, 13, 13, 13, 13, 13, 6, 6, 6, 6, 6, 6, 6, 6, 6, 6, 6, 6, 6, 6, 6, 6, 5, 5, 5, 5, 5, 5, 5, 5, 5, 5, 5, 5, 5, 5, 5, 5, 5, 5, 5, 5, 5, 5, 5, 5, 5, 5, 5, 5, 5, 5, 5, 5, 5, 5, 5, 5, 5, 5, 5, 5, 5, 5, 5, 5, 5, 5, 5, 5, 5, 5, 5, 5, 5, 5, 5, 5, 5, 5, 5, 5, 5, 5, 5, 5, 5, 5, 5, 5, 5, 5, 5, 5, 12, 12, 12, 12, 12, 12, 12, 12, 12, 12, 12, 12, 12, 12, 12, 12, 12, 12, 12, 12, 12, 12, 12, 12, 12, 12, 12, 12, 12, 12, 12, 12, 12, 12, 12, 12, 12, 12, 12, 12, 12, 12, 12, 12, 12, 12, 12, 12, 12, 12, 12, 12, 12, 12, 12, 12, 12, 12, 12, 12, 12, 12, 12, 12, 12, 12, 12, 12, 12, 12, 12, 12, 4, 4, 4, 4, 4, 4, 4, 4, 4, 4, 4, 4, 4, 4, 4, 4, 4, 4, 4, 4, 4, 4, 4, 4, 4, 4, 4, 4, 4, 4, 4, 4, 4, 4, 4, 4, 4, 4, 4, 4, 4, 4, 4, 4, 4, 4, 4, 4, 4, 4, 4, 4, 4, 4, 4, 4, 4, 4, 4, 4, 4, 4, 4, 4, 4, 4, 4, 4, 4, 4, 4, 4, 2, 2, 2, 2, 2, 2, 2, 2, 2, 2, 2, 2, 2, 2, 2, 2, 2, 2, 2, 2, 2, 2, 2, 2, 2, 2, 2, 2, 2, 2, 2, 2, 2, 2, 2, 2, 2, 2, 2, 2, 2, 2, 2, 2, 2, 2, 2, 2, 2, 2, 2, 2, 2, 2, 2, 2, 2, 2, 2, 2, 2, 2, 2, 2, 2, 2, 2, 2, 2, 2, 2, 2, 1, 1, 1, 1, 1, 1, 1, 1, 1, 1, 1, 1, 1, 1, 1, 1, 1, 1, 1, 1, 1, 1, 1, 1, 1, 1, 1, 1, 1, 1, 1, 1, 1, 1, 1, 1, 1, 1, 1, 1, 1, 1, 1, 1, 1, 1, 1, 1, 1, 1, 1, 1, 1, 1, 1, 1, 1, 1, 1, 1, 1, 1, 1, 1, 1, 1, 1, 1, 1, 1, 1, 1, 7, 7, 7, 7, 7, 7, 7, 7, 7, 7, 7, 7, 7, 7, 7, 7, 7, 7, 7, 7, 7, 7, 7, 7, 7, 7, 7, 7, 7, 7, 7, 7, 7, 7, 7, 7, 7, 7, 7, 7, 7, 7, 7, 7, 7, 7, 7, 7, 7, 7, 7, 7, 7, 7, 7, 7, 7, 7, 7, 7, 7, 7, 7, 7, 7, 7, 7, 7, 7, 7, 7, 7, 3, 3, 3, 3, 3, 3, 3, 3, 3, 3, 3, 3, 3, 3, 3, 3, 3, 3, 3, 3, 3, 3, 3, 3, 3, 3, 3, 3, 3, 3, 3, 3, 3, 3, 3, 3, 3, 3, 3, 3, 3, 3, 3, 3, 3, 3, 3, 3, 3, 3, 3, 3, 3, 3, 3, 3, 3, 3, 3, 3, 3, 3, 3, 3, 3, 3, 3, 3, 3, 3, 3, 3, 19, 19, 19, 19, 19, 19, 19, 19, 2, 2, 2, 2, 19, 20, 20, 20, 20, 20, 20, 20, 20, 20, 20, 19, 20, 8, 8, 8, 8, 8, 8, 19, 19, 19, 19, 19, 19, 19, 19, 19, 19, 19, 19, 19, 19, 19, 19, 19, 2, 2, 4, 4, 20, 20, 20, 20, 19, 20, 20, 20, 20, 20, 20, 20, 8, 8, 8, 19, 8, 8, 19, 19, 16, 16, 16, 16, 16, 16, 16, 16, 16, 16, 15, 15, 16, 15, 15, 15, 15, 15, 15, 15, 15, 20, 20, 16, 20, 20, 20, 20, 20, 20, 20, 20, 20, 20, 16, 20, 20, 15, 15, 15, 15, 15, 15, 15, 15, 16, 15, 15, 4, 4, 4, 4, 4, 15, 16, 16, 16, 16, 16, 16, 16, 16, 16, 16, 16, 16, 16, 16, 16, 16, 16, 16, 9, 9, 9, 9, 9, 9, 9, 9, 9, 9, 9, 9, 9, 9, 9, 9, 9, 9, 9, 9, 9, 9, 9, 9, 9, 9, 9, 9, 9, 9, 9, 9, 9, 9, 9, 9, 9, 9, 9, 9, 9, 9, 9, 9, 9, 9, 9, 9, 9, 9, 9, 9, 9, 9, 9, 9, 9, 9, 9, 9, 9, 9, 9, 9, 9, 9, 9, 9, 9, 9, 9, 9, 16, 16, 16, 16, 17, 13, 1, 1, 13, 13, 13, 13, 16, 13, 13, 11, 11, 13, 20, 20, 20, 20, 20, 16, 20, 20, 20, 20, 20, 20, 20, 20, 20, 20, 16, 20, 20, 20, 20, 20, 20, 2, 2, 2, 5, 16, 5, 13, 13, 13, 13, 13, 13, 17, 13, 13, 16, 16, 16, 16, 16, 16, 16, 16, 16, 16, 16, 16, 16, 16, 16, 16, 8, 19, 19, 19, 19, 19, 19, 19, 20, 20, 20, 20, 19, 20, 20, 20, 20, 20, 20, 20, 20, 20, 20, 19, 8, 8, 8, 8, 8, 8, 19, 19, 19, 19, 19, 19, 19, 19, 19, 19, 19, 19, 19, 19, 19, 19, 19, 19, 19, 2, 2, 20, 20, 20, 20, 20, 19, 20, 20, 20, 20, 20, 20, 20, 8, 8, 8, 19, 8, 8, 19, 19, 18, 18, 13, 13, 13, 13, 18, 18, 18, 18, 18, 18, 18, 18, 18, 18, 18, 18, 18, 18, 18, 18, 18, 18, 18, 18, 18, 18, 18, 18, 18, 18, 18, 18, 18, 18, 18, 18, 18, 18, 18, 18, 18, 18, 18, 18, 18, 18, 18, 18, 13, 18, 18, 18, 18, 18, 18, 18, 18, 18, 18, 18, 18, 18, 18, 18, 18, 13, 18, 18, 13, 13, 14, 14, 14, 14, 14, 14, 14, 17, 17, 17, 17, 17, 14, 20, 20, 20, 20, 20, 20, 20, 20, 20, 20, 14, 14, 14, 14, 14, 14, 14, 14, 14, 14, 14, 14, 14, 14, 14, 14, 14, 14, 14, 14, 14, 14, 14, 14, 17, 11, 11, 11, 17, 20, 20, 20, 20, 14, 20, 20, 20, 20, 20, 20, 20, 14, 14, 14, 14, 14, 14, 14, 14, 19, 19, 19, 19, 19, 19, 19, 19, 16, 4, 4, 20, 19, 20, 20, 20, 20, 20, 20, 20, 20, 20, 20, 19, 20, 8, 8, 8, 8, 8, 8, 19, 19, 19, 19, 19, 19, 19, 19, 19, 19, 19, 19, 19, 19, 19, 19, 19, 19, 4, 4, 20, 20, 20, 20, 20, 19, 20, 20, 20, 20, 20, 20, 20, 20, 8, 8, 19, 8, 8, 19, 19, 17, 17, 11, 11, 11, 11, 11, 11, 11, 11, 11, 11, 17, 11, 11, 11, 11, 11, 11, 11, 11, 11, 11, 17, 11, 11, 11, 11, 11, 11, 11, 11, 11, 11, 11, 11, 11, 11, 11, 17, 17, 17, 17, 17, 17, 11, 17, 17, 17, 17, 17, 17, 17, 17, 17, 17, 11, 17, 17, 17, 17, 17, 17, 17, 17, 17, 17, 11, 17, 17, 11, 11, 13, 13, 13, 13, 13, 13, 13, 13, 13, 13, 13, 13, 13, 13, 13, 13, 13, 13, 13, 13, 13, 13, 13, 13, 13, 13, 13, 13, 13, 13, 13, 13, 13, 13, 13, 13, 13, 13, 13, 13, 13, 13, 13, 13, 13, 13, 13, 13, 13, 13, 13, 13, 13, 13, 13, 13, 13, 13, 13, 13, 13, 13, 13, 13, 13, 13, 13, 13, 13, 13, 13, 13, 14, 14, 14, 14, 14, 17, 17, 17, 17, 17, 17, 17, 14, 17, 20, 20, 20, 20, 20, 20, 20, 20, 20, 14, 20, 20, 20, 14, 14, 14, 14, 14, 14, 14, 14, 14, 14, 14, 14, 14, 14, 14, 14, 14, 14, 14, 17, 17, 17, 17, 17, 17, 17, 4, 20, 20, 14, 20, 20, 20, 20, 20, 20, 20, 20, 14, 14, 14, 14, 14, 14, 14]}