{
    "center": [
        449,
        625,
        409,
        750,
        1076,
        73,
        820,
        865,
        157,
        1036,
        563,
        229,
        346,
        774,
        13,
        30,
        1052,
        663,
        716,
        731
    ],
    "davies_bouldin": 1.8735014524319216,
    "calinski_harabasz": 95.24051194553756,
    "silhouette_coefficient": 0.20568441965564108,
    "cluster_acc": 0.6159722222222223,
    "rand_index": 0.9499498108254188,
    "adjusted_rand_index": 0.568672645341254,
    "mutual_info": 2.3367729904727566,
    "normalized_mutual_info": 0.8105558795524145,
    "adjusted_mutual_info": 0.8010607092524316,
    "homogeneity": 0.7800339873831658,
    "completeness": 0.8435636179342592,
    "v_measure": 0.8105558795524145,
    "h_c_v_m": [
        0.7800339873831658,
        0.8435636179342592,
        0.8105558795524145
    ],
    "fowlkes_mallows_index": 0.6064543675382086,
    "label": [
        16,
        16,
        15,
        15,
        15,
        15,
        15,
        15,
        15,
        15,
        15,
        15,
        16,
        15,
        15,
        15,
        15,
        16,
        16,
        16,
        16,
        16,
        16,
        15,
        16,
        16,
        16,
        16,
        16,
        16,
        16,
        16,
        16,
        16,
        15,
        16,
        16,
        16,
        16,
        16,
        16,
        15,
        15,
        15,
        15,
        15,
        15,
        15,
        15,
        15,
        15,
        15,
        15,
        15,
        15,
        15,
        15,
        15,
        15,
        15,
        15,
        15,
        15,
        15,
        15,
        16,
        16,
        15,
        16,
        16,
        15,
        15,
        6,
        6,
        6,
        6,
        6,
        6,
        6,
        6,
        1,
        1,
        1,
        1,
        6,
        6,
        6,
        6,
        6,
        6,
        6,
        6,
        6,
        6,
        6,
        6,
        6,
        6,
        6,
        6,
        6,
        6,
        6,
        6,
        6,
        6,
        6,
        6,
        6,
        6,
        6,
        6,
        6,
        6,
        6,
        6,
        6,
        6,
        6,
        1,
        1,
        1,
        1,
        1,
        6,
        6,
        6,
        6,
        6,
        6,
        6,
        6,
        6,
        6,
        6,
        6,
        6,
        6,
        6,
        6,
        6,
        6,
        6,
        6,
        9,
        9,
        9,
        9,
        9,
        9,
        9,
        9,
        9,
        9,
        9,
        9,
        9,
        9,
        9,
        9,
        9,
        9,
        9,
        9,
        9,
        9,
        9,
        9,
        9,
        9,
        9,
        9,
        9,
        9,
        9,
        9,
        9,
        9,
        9,
        9,
        9,
        9,
        9,
        9,
        9,
        9,
        9,
        9,
        9,
        9,
        9,
        9,
        9,
        9,
        9,
        9,
        9,
        9,
        9,
        9,
        9,
        9,
        9,
        9,
        9,
        9,
        9,
        9,
        9,
        9,
        9,
        9,
        9,
        9,
        9,
        9,
        12,
        12,
        12,
        12,
        12,
        12,
        12,
        12,
        12,
        12,
        12,
        12,
        12,
        12,
        12,
        12,
        12,
        12,
        12,
        12,
        12,
        12,
        12,
        12,
        12,
        12,
        12,
        12,
        12,
        12,
        12,
        12,
        12,
        12,
        12,
        12,
        12,
        12,
        12,
        12,
        12,
        12,
        12,
        12,
        12,
        12,
        12,
        12,
        12,
        12,
        12,
        12,
        12,
        12,
        12,
        12,
        12,
        12,
        12,
        12,
        12,
        12,
        12,
        12,
        12,
        12,
        12,
        12,
        12,
        12,
        12,
        12,
        13,
        13,
        13,
        13,
        13,
        13,
        13,
        13,
        13,
        13,
        13,
        13,
        13,
        13,
        13,
        13,
        13,
        13,
        13,
        13,
        13,
        13,
        13,
        13,
        13,
        13,
        13,
        13,
        13,
        13,
        13,
        13,
        13,
        13,
        13,
        13,
        13,
        13,
        13,
        13,
        13,
        13,
        13,
        13,
        13,
        13,
        13,
        13,
        13,
        13,
        13,
        13,
        13,
        13,
        13,
        13,
        13,
        13,
        13,
        13,
        13,
        13,
        13,
        13,
        13,
        13,
        13,
        13,
        13,
        13,
        13,
        13,
        3,
        3,
        3,
        3,
        3,
        3,
        3,
        3,
        3,
        3,
        3,
        3,
        3,
        3,
        3,
        3,
        3,
        3,
        3,
        3,
        3,
        3,
        3,
        3,
        3,
        3,
        3,
        3,
        3,
        3,
        3,
        3,
        3,
        3,
        3,
        3,
        3,
        3,
        3,
        3,
        3,
        3,
        3,
        3,
        3,
        3,
        3,
        3,
        3,
        3,
        3,
        3,
        3,
        3,
        3,
        3,
        3,
        3,
        3,
        3,
        3,
        3,
        3,
        3,
        3,
        3,
        3,
        3,
        3,
        3,
        3,
        3,
        1,
        1,
        1,
        1,
        1,
        1,
        1,
        1,
        1,
        1,
        1,
        1,
        1,
        1,
        1,
        1,
        1,
        1,
        1,
        1,
        1,
        1,
        1,
        1,
        1,
        1,
        1,
        1,
        1,
        1,
        1,
        1,
        1,
        1,
        1,
        1,
        1,
        1,
        1,
        1,
        1,
        1,
        1,
        1,
        1,
        1,
        1,
        1,
        1,
        1,
        1,
        1,
        1,
        1,
        1,
        1,
        1,
        1,
        1,
        1,
        1,
        1,
        1,
        1,
        1,
        1,
        1,
        1,
        1,
        1,
        1,
        1,
        11,
        11,
        11,
        11,
        11,
        11,
        11,
        11,
        11,
        11,
        11,
        11,
        11,
        11,
        11,
        11,
        11,
        11,
        11,
        11,
        11,
        11,
        11,
        11,
        11,
        11,
        11,
        11,
        11,
        11,
        11,
        11,
        11,
        11,
        11,
        11,
        11,
        11,
        11,
        11,
        11,
        11,
        11,
        11,
        11,
        11,
        11,
        11,
        11,
        11,
        11,
        11,
        11,
        11,
        11,
        11,
        11,
        11,
        11,
        11,
        11,
        11,
        11,
        11,
        11,
        11,
        11,
        11,
        11,
        11,
        11,
        11,
        2,
        2,
        2,
        2,
        2,
        2,
        2,
        2,
        2,
        2,
        2,
        2,
        2,
        2,
        2,
        2,
        2,
        2,
        2,
        2,
        2,
        2,
        2,
        2,
        2,
        2,
        2,
        2,
        2,
        2,
        2,
        2,
        2,
        2,
        2,
        2,
        2,
