{"center": [449, 625, 363, 346, 174, 265, 1255, 54, 681, 558, 672, 837, 1356, 1109, 101, 1045, 1267, 765, 838, 676], "davies_bouldin": 1.9769493720215312, "calinski_harabasz": 100.79008531211475, "silhouette_coefficient": 0.15828924610477837, "cluster_acc": 0.6784722222222223, "rand_index": 0.9558991583661494, "adjusted_rand_index": 0.5817518516084804, "mutual_info": 2.3160539586953486, "normalized_mutual_info": 0.7909700009796625, "adjusted_mutual_info": 0.7809973356378043, "homogeneity": 0.7731178046653998, "completeness": 0.8096661412249583, "v_measure": 0.7909700009796625, "h_c_v_m": [0.7731178046653998, 0.8096661412249583, 0.7909700009796625], "fowlkes_mallows_index": 0.6088599253968665, "label": [8, 8, 8, 8, 8, 8, 8, 8, 8, 8, 8, 8, 8, 8, 8, 8, 8, 8, 8, 8, 8, 8, 8, 8, 8, 8, 8, 8, 8, 8, 8, 8, 8, 8, 8, 8, 8, 8, 8, 8, 8, 8, 8, 8, 8, 8, 8, 8, 8, 8, 8, 8, 8, 8, 8, 8, 8, 8, 8, 8, 8, 8, 8, 8, 8, 8, 8, 8, 8, 8, 8, 8, 15, 15, 15, 15, 15, 15, 15, 13, 13, 13, 13, 13, 15, 13, 13, 13, 15, 15, 15, 15, 15, 15, 15, 15, 15, 15, 15, 15, 15, 15, 15, 15, 15, 15, 15, 15, 15, 15, 15, 15, 15, 15, 15, 15, 15, 15, 13, 13, 13, 13, 13, 13, 13, 13, 13, 13, 15, 15, 15, 15, 15, 15, 15, 15, 15, 15, 15, 15, 15, 15, 15, 15, 5, 5, 5, 5, 5, 5, 5, 5, 5, 5, 5, 5, 5, 5, 5, 5, 5, 5, 5, 5, 5, 5, 5, 5, 5, 5, 5, 5, 5, 5, 5, 5, 5, 5, 5, 5, 5, 5, 5, 5, 5, 5, 5, 5, 5, 5, 5, 5, 5, 5, 5, 5, 5, 5, 5, 5, 5, 5, 5, 5, 5, 5, 5, 5, 5, 5, 5, 5, 5, 5, 5, 5, 6, 6, 6, 6, 6, 6, 6, 6, 6, 6, 6, 6, 6, 6, 6, 6, 6, 6, 6, 6, 6, 6, 6, 6, 6, 6, 6, 6, 6, 6, 6, 6, 6, 6, 6, 6, 6, 6, 6, 6, 6, 6, 6, 6, 6, 6, 6, 6, 6, 6, 6, 6, 6, 6, 6, 6, 6, 6, 6, 6, 6, 6, 6, 6, 6, 6, 6, 6, 6, 6, 6, 6, 4, 4, 4, 4, 4, 4, 4, 4, 4, 4, 4, 4, 4, 4, 4, 4, 4, 4, 4, 4, 4, 4, 4, 4, 4, 4, 4, 4, 4, 4, 4, 4, 4, 4, 4, 4, 4, 4, 4, 4, 4, 4, 4, 4, 4, 4, 4, 4, 4, 4, 4, 4, 4, 4, 4, 4, 4, 4, 4, 4, 4, 4, 4, 4, 4, 4, 4, 4, 4, 4, 4, 4, 3, 3, 3, 3, 3, 3, 3, 3, 3, 3, 3, 3, 3, 3, 3, 3, 3, 3, 3, 3, 3, 3, 3, 3, 3, 3, 3, 3, 3, 3, 3, 3, 3, 3, 3, 3, 3, 3, 3, 3, 3, 3, 3, 3, 3, 3, 3, 3, 3, 3, 3, 3, 3, 3, 3, 3, 3, 3, 3, 3, 3, 3, 3, 3, 3, 3, 3, 3, 3, 3, 3, 3, 1, 1, 1, 1, 1, 1, 1, 1, 1, 1, 1, 1, 1, 1, 1, 1, 1, 1, 1, 1, 1, 1, 1, 1, 1, 1, 1, 1, 1, 1, 1, 1, 1, 1, 1, 1, 1, 1, 1, 1, 1, 1, 1, 1, 1, 1, 1, 1, 1, 1, 1, 1, 1, 1, 1, 1, 1, 1, 1, 1, 1, 1, 1, 1, 1, 1, 1, 1, 1, 1, 1, 1, 10, 10, 10, 10, 10, 10, 10, 10, 10, 10, 10, 10, 10, 10, 10, 10, 10, 10, 10, 10, 10, 10, 10, 10, 10, 10, 10, 10, 10, 10, 10, 10, 10, 10, 10, 10, 10, 10, 10, 10, 10, 10, 10, 10, 10, 10, 10, 10, 10, 10, 10, 10, 10, 10, 10, 10, 10, 10, 10, 10, 10, 10, 10, 10, 10, 10, 10, 10, 10, 10, 10, 10, 2, 2, 2, 2, 2, 2, 2, 2, 2, 2, 2, 2, 2, 2, 2, 2, 2, 2, 2, 2, 2, 2, 2, 2, 2, 2, 2, 2, 2, 2, 2, 2, 2, 2, 2, 2, 2, 2, 2, 2, 2, 2, 2, 2, 2, 2, 2, 2, 2, 2, 2, 2, 2, 2, 2, 2, 2, 2, 2, 2, 2, 2, 2, 2, 2, 2, 2, 2, 2, 2, 2, 2, 20, 9, 9, 9, 9, 9, 9, 9, 3, 3, 3, 3, 9, 11, 11, 11, 11, 11, 11, 11, 20, 20, 20, 9, 20, 20, 20, 20, 20, 20, 20, 9, 9, 9, 9, 9, 9, 9, 9, 9, 9, 9, 9, 9, 9, 9, 9, 9, 3, 4, 4, 4, 11, 11, 11, 11, 9, 11, 11, 11, 20, 20, 20, 20, 20, 20, 20, 9, 20, 20, 9, 9, 18, 18, 18, 18, 18, 18, 18, 18, 18, 4, 11, 11, 18, 11, 11, 11, 11, 11, 11, 11, 11, 11, 11, 18, 11, 11, 11, 11, 11, 11, 11, 11, 11, 11, 18, 11, 11, 11, 11, 11, 11, 11, 11, 11, 11, 18, 11, 4, 4, 4, 4, 4, 4, 11, 18, 18, 18, 18, 18, 18, 18, 18, 18, 18, 18, 18, 18, 18, 18, 18, 18, 18, 19, 19, 12, 12, 12, 12, 12, 12, 12, 12, 12, 12, 12, 12, 19, 19, 19, 19, 19, 19, 19, 19, 19, 12, 19, 19, 19, 19, 19, 19, 19, 19, 19, 19, 12, 19, 19, 19, 19, 19, 19, 19, 19, 19, 19, 12, 19, 19, 19, 19, 19, 19, 19, 19, 19, 19, 12, 19, 19, 19, 19, 19, 19, 19, 19, 19, 19, 12, 19, 19, 12, 12, 18, 18, 18, 18, 17, 13, 13, 1, 13, 13, 13, 1, 18, 13, 13, 7, 11, 11, 11, 11, 11, 11, 11, 18, 11, 11, 11, 11, 11, 11, 11, 11, 11, 11, 18, 11, 11, 11, 11, 11, 11, 11, 11, 13, 5, 18, 5, 13, 13, 13, 13, 13, 13, 13, 13, 18, 18, 18, 18, 18, 18, 18, 18, 18, 18, 18, 18, 18, 18, 18, 18, 18, 20, 9, 9, 9, 9, 9, 9, 9, 11, 4, 11, 11, 9, 11, 11, 20, 11, 20, 20, 20, 20, 20, 20, 9, 20, 20, 20, 20, 20, 20, 9, 9, 9, 9, 9, 9, 9, 9, 9, 9, 9, 9, 9, 9, 9, 9, 9, 9, 9, 3, 20, 20, 11, 11, 11, 11, 9, 11, 11, 20, 20, 20, 20, 20, 20, 20, 20, 9, 20, 20, 9, 9, 16, 16, 13, 13, 13, 13, 13, 13, 16, 16, 16, 16, 16, 16, 16, 16, 16, 16, 16, 16, 16, 16, 16, 16, 16, 16, 16, 16, 16, 16, 16, 16, 16, 16, 16, 16, 16, 16, 16, 16, 16, 16, 13, 16, 16, 16, 16, 16, 13, 13, 13, 13, 13, 13, 13, 13, 16, 16, 16, 16, 16, 16, 16, 16, 16, 16, 16, 16, 16, 16, 13, 13, 9, 9, 9, 9, 9, 9, 9, 7, 17, 17, 17, 17, 9, 11, 11, 11, 11, 11, 11, 11, 11, 11, 11, 9, 11, 11, 14, 14, 14, 9, 9, 9, 9, 9, 9, 9, 9, 9, 9, 9, 9, 9, 9, 9, 9, 9, 9, 9, 7, 7, 7, 7, 11, 11, 11, 11, 9, 11, 11, 11, 11, 11, 11, 11, 11, 11, 11, 9, 11, 9, 9, 9, 20, 9, 9, 9, 9, 9, 9, 9, 18, 4, 4, 11, 9, 11, 11, 11, 11, 11, 11, 11, 20, 20, 20, 9, 20, 20, 20, 20, 20, 20, 20, 9, 9, 9, 9, 9, 9, 9, 9, 9, 9, 9, 9, 9, 9, 9, 9, 9, 9, 4, 4, 11, 11, 11, 11, 11, 9, 11, 11, 20, 20, 20, 20, 20, 20, 20, 20, 9, 20, 20, 9, 9, 17, 17, 7, 7, 7, 7, 7, 7, 7, 7, 7, 7, 17, 7, 7, 7, 7, 7, 7, 7, 7, 7, 7, 17, 7, 7, 7, 7, 7, 7, 7, 7, 7, 7, 17, 7, 7, 17, 17, 17, 17, 17, 17, 17, 17, 17, 17, 17, 17, 17, 17, 17, 17, 17, 17, 17, 17, 17, 17, 17, 17, 17, 17, 17, 17, 17, 17, 7, 17, 17, 7, 7, 13, 13, 13, 13, 13, 13, 13, 13, 13, 13, 13, 13, 13, 13, 13, 13, 13, 13, 13, 13, 13, 13, 13, 13, 13, 13, 13, 13, 13, 13, 13, 13, 13, 13, 13, 13, 13, 13, 13, 13, 13, 13, 13, 13, 13, 13, 13, 13, 13, 13, 13, 13, 13, 13, 13, 13, 13, 13, 13, 13, 13, 13, 13, 13, 13, 13, 13, 13, 13, 13, 13, 13, 9, 9, 9, 9, 9, 9, 7, 7, 17, 7, 7, 7, 9, 7, 11, 11, 11, 11, 11, 11, 11, 11, 11, 9, 11, 11, 11, 9, 9, 9, 9, 9, 9, 9, 9, 9, 9, 9, 9, 9, 9, 9, 9, 9, 9, 9, 7, 7, 17, 7, 7, 7, 4, 4, 11, 11, 9, 11, 11, 11, 11, 11, 11, 11, 11, 11, 9, 9, 9, 9, 9, 9]}