{"center": [472, 179, 618, 347, 363, 73, 1289, 556, 265, 744, 765, 835, 337, 670, 46, 1250, 1030, 1356, 676, 837], "davies_bouldin": 1.9523792806986493, "calinski_harabasz": 102.80767856976185, "silhouette_coefficient": 0.18135811207878036, "cluster_acc": 0.6458333333333334, "rand_index": 0.9510974056057447, "adjusted_rand_index": 0.5487043383452287, "mutual_info": 2.3086457590459366, "normalized_mutual_info": 0.7909056974674534, "adjusted_mutual_info": 0.7805200359886072, "homogeneity": 0.7706448868700377, "completeness": 0.8122606156267018, "v_measure": 0.7909056974674535, "h_c_v_m": [0.7706448868700377, 0.8122606156267018, 0.7909056974674535], "fowlkes_mallows_index": 0.5798606587597689, "label": [15, 15, 15, 15, 15, 15, 15, 15, 15, 15, 15, 15, 15, 15, 15, 15, 15, 15, 15, 15, 15, 15, 15, 15, 15, 15, 15, 15, 15, 15, 15, 15, 15, 15, 15, 15, 15, 15, 15, 15, 15, 15, 15, 15, 15, 15, 15, 15, 15, 15, 15, 15, 15, 15, 15, 15, 15, 15, 15, 15, 15, 15, 15, 15, 15, 15, 15, 15, 15, 15, 15, 15, 6, 6, 6, 6, 6, 6, 6, 18, 18, 18, 18, 18, 6, 18, 18, 18, 6, 6, 6, 6, 6, 6, 6, 6, 6, 6, 6, 6, 6, 6, 6, 6, 6, 6, 6, 6, 6, 6, 6, 6, 6, 6, 6, 6, 6, 6, 18, 18, 18, 18, 18, 18, 18, 18, 6, 6, 6, 6, 6, 6, 6, 6, 6, 6, 6, 6, 6, 6, 6, 6, 6, 6, 2, 2, 2, 2, 2, 2, 2, 2, 2, 2, 2, 2, 2, 2, 2, 2, 2, 2, 2, 2, 2, 2, 2, 2, 2, 2, 2, 2, 2, 2, 2, 2, 2, 2, 2, 2, 2, 2, 2, 2, 2, 2, 2, 2, 2, 2, 2, 2, 2, 2, 2, 2, 2, 2, 2, 2, 2, 2, 2, 2, 2, 2, 2, 2, 2, 2, 2, 2, 2, 2, 2, 2, 9, 9, 9, 9, 9, 9, 9, 9, 9, 9, 9, 9, 9, 9, 9, 9, 9, 9, 9, 9, 9, 9, 9, 9, 9, 9, 9, 9, 9, 9, 9, 9, 9, 9, 9, 9, 9, 9, 9, 9, 9, 9, 9, 9, 9, 9, 9, 9, 9, 9, 9, 9, 9, 9, 9, 9, 9, 9, 9, 9, 9, 9, 9, 9, 9, 9, 9, 9, 9, 9, 9, 9, 13, 13, 4, 4, 4, 4, 4, 13, 13, 13, 13, 13, 13, 13, 4, 4, 4, 4, 4, 4, 4, 4, 4, 4, 4, 4, 4, 13, 13, 13, 13, 13, 13, 4, 4, 4, 4, 4, 4, 4, 4, 4, 4, 4, 4, 4, 4, 13, 13, 13, 13, 13, 13, 4, 4, 4, 4, 4, 4, 4, 4, 4, 4, 4, 4, 4, 13, 4, 13, 13, 4, 4, 5, 5, 5, 5, 5, 5, 5, 5, 5, 5, 5, 5, 5, 5, 5, 5, 5, 5, 5, 5, 5, 5, 5, 5, 5, 5, 5, 5, 5, 5, 5, 5, 5, 5, 5, 5, 5, 5, 5, 5, 5, 5, 5, 5, 5, 5, 5, 5, 5, 5, 5, 5, 5, 5, 5, 5, 5, 5, 5, 5, 5, 5, 5, 5, 5, 5, 5, 5, 5, 5, 5, 5, 1, 1, 1, 1, 1, 1, 1, 1, 1, 1, 1, 1, 1, 1, 1, 1, 1, 1, 1, 1, 1, 1, 1, 1, 1, 1, 1, 1, 1, 1, 1, 1, 1, 1, 1, 1, 1, 1, 1, 1, 1, 1, 1, 1, 1, 1, 1, 1, 1, 1, 1, 1, 1, 1, 1, 1, 1, 1, 1, 1, 1, 1, 1, 1, 1, 1, 1, 1, 1, 1, 1, 1, 8, 8, 8, 8, 8, 8, 8, 8, 8, 8, 8, 8, 8, 8, 8, 8, 8, 8, 8, 8, 8, 8, 8, 8, 8, 8, 8, 8, 8, 8, 8, 8, 8, 8, 8, 8, 8, 8, 8, 8, 8, 8, 8, 8, 8, 8, 8, 8, 8, 8, 8, 8, 8, 8, 8, 8, 8, 8, 8, 8, 8, 8, 8, 8, 8, 8, 8, 8, 8, 8, 8, 8, 3, 3, 3, 3, 3, 3, 3, 3, 3, 3, 3, 3, 3, 3, 3, 3, 3, 3, 3, 3, 3, 3, 3, 3, 3, 3, 3, 3, 3, 3, 3, 3, 3, 3, 3, 3, 3, 3, 3, 3, 3, 3, 3, 3, 3, 3, 3, 3, 3, 3, 3, 3, 3, 3, 3, 3, 3, 3, 3, 3, 3, 3, 3, 3, 3, 3, 3, 3, 3, 3, 3, 3, 19, 19, 19, 19, 19, 19, 19, 19, 5, 5, 5, 5, 19, 14, 14, 14, 14, 14, 14, 14, 14, 14, 14, 19, 14, 14, 14, 19, 19, 19, 19, 19, 19, 19, 19, 19, 19, 19, 19, 19, 19, 19, 19, 19, 19, 19, 19, 19, 5, 5, 5, 5, 14, 14, 14, 14, 19, 14, 14, 14, 14, 14, 14, 14, 14, 14, 14, 19, 19, 19, 19, 19, 11, 11, 11, 7, 7, 7, 7, 7, 7, 7, 7, 7, 11, 7, 7, 10, 10, 10, 10, 10, 10, 10, 10, 11, 10, 10, 10, 10, 10, 10, 10, 10, 10, 10, 11, 10, 10, 10, 10, 10, 10, 10, 10, 10, 10, 11, 10, 7, 7, 7, 7, 7, 7, 7, 7, 7, 11, 11, 11, 11, 11, 11, 11, 11, 11, 11, 11, 11, 11, 11, 11, 11, 20, 20, 20, 20, 20, 20, 20, 12, 12, 12, 12, 12, 20, 12, 12, 12, 12, 12, 12, 12, 12, 12, 12, 20, 12, 12, 12, 12, 12, 12, 12, 12, 12, 12, 20, 12, 12, 12, 12, 12, 12, 12, 12, 12, 12, 20, 12, 12, 12, 12, 12, 12, 12, 12, 12, 12, 20, 12, 12, 20, 20, 20, 20, 20, 20, 20, 20, 20, 20, 20, 20, 20, 3, 3, 7, 7, 7, 7, 18, 18, 18, 18, 18, 18, 3, 18, 18, 16, 16, 16, 16, 16, 16, 16, 16, 3, 16, 16, 16, 16, 16, 16, 16, 16, 16, 16, 3, 16, 16, 16, 16, 16, 16, 5, 5, 18, 2, 3, 2, 18, 18, 18, 18, 18, 18, 7, 7, 7, 3, 3, 3, 3, 3, 3, 3, 3, 3, 3, 3, 3, 3, 3, 3, 7, 14, 14, 19, 19, 19, 19, 19, 19, 14, 5, 16, 3, 14, 14, 14, 14, 14, 14, 14, 14, 14, 14, 14, 19, 19, 19, 19, 19, 19, 19, 19, 19, 19, 19, 19, 19, 19, 19, 19, 19, 19, 19, 19, 19, 19, 19, 19, 19, 5, 5, 5, 14, 14, 14, 14, 14, 19, 14, 14, 14, 14, 14, 14, 14, 14, 14, 14, 19, 14, 19, 19, 19, 18, 18, 17, 17, 17, 17, 17, 17, 17, 17, 17, 17, 18, 17, 17, 17, 17, 17, 17, 17, 17, 17, 17, 18, 17, 17, 17, 17, 17, 17, 17, 17, 17, 17, 18, 18, 18, 18, 18, 18, 18, 18, 18, 18, 18, 18, 18, 18, 18, 18, 18, 18, 18, 18, 18, 18, 18, 18, 18, 18, 18, 18, 18, 18, 18, 18, 18, 18, 18, 18, 18, 18, 19, 19, 19, 19, 19, 19, 19, 7, 7, 7, 7, 7, 19, 14, 14, 14, 14, 14, 14, 14, 14, 14, 14, 19, 14, 14, 19, 19, 19, 19, 19, 19, 19, 19, 19, 19, 19, 19, 19, 19, 19, 19, 19, 19, 19, 19, 19, 16, 16, 16, 16, 16, 14, 14, 14, 14, 19, 14, 14, 14, 14, 14, 14, 14, 14, 19, 19, 19, 19, 19, 19, 19, 14, 14, 19, 19, 19, 19, 19, 19, 19, 5, 5, 14, 14, 14, 14, 14, 14, 14, 14, 14, 14, 14, 14, 19, 14, 14, 14, 14, 14, 14, 14, 19, 19, 19, 19, 19, 19, 19, 19, 19, 19, 19, 19, 19, 19, 19, 19, 19, 19, 5, 5, 14, 14, 14, 14, 14, 19, 14, 14, 14, 14, 14, 14, 14, 14, 14, 14, 19, 14, 14, 19, 19, 7, 7, 7, 7, 16, 16, 16, 16, 16, 16, 16, 16, 7, 16, 16, 16, 16, 16, 16, 16, 16, 16, 16, 7, 16, 16, 16, 16, 16, 16, 16, 16, 16, 16, 7, 7, 7, 7, 7, 7, 7, 7, 7, 7, 7, 7, 7, 7, 7, 7, 7, 7, 7, 7, 7, 7, 7, 7, 7, 7, 7, 7, 7, 7, 7, 7, 7, 7, 7, 7, 7, 7, 18, 18, 18, 18, 18, 18, 18, 18, 18, 18, 18, 18, 18, 18, 18, 18, 18, 18, 18, 18, 18, 18, 18, 18, 18, 18, 18, 18, 18, 18, 18, 18, 18, 18, 18, 18, 18, 18, 18, 18, 18, 18, 18, 18, 18, 18, 18, 18, 18, 18, 18, 18, 18, 18, 18, 18, 18, 18, 18, 18, 18, 18, 18, 18, 18, 18, 18, 18, 18, 18, 18, 18, 19, 19, 19, 19, 19, 19, 16, 16, 16, 16, 16, 16, 19, 16, 14, 14, 14, 14, 14, 14, 14, 14, 14, 19, 14, 14, 14, 14, 14, 14, 14, 19, 19, 19, 19, 19, 19, 19, 19, 19, 19, 19, 19, 19, 19, 19, 16, 16, 16, 16, 16, 16, 16, 14, 14, 14, 19, 14, 14, 14, 14, 14, 14, 14, 14, 14, 14, 19, 14, 14, 19, 19]}