{"center": [449, 363, 620, 346, 179, 548, 108, 676, 826, 50, 265, 1250, 337, 1356, 1271, 681, 742, 1045, 838, 479], "davies_bouldin": 1.9424857657216126, "calinski_harabasz": 102.38318145851261, "silhouette_coefficient": 0.1402591042134001, "cluster_acc": 0.6590277777777778, "rand_index": 0.9533211721102618, "adjusted_rand_index": 0.5617677129544758, "mutual_info": 2.3459160930324097, "normalized_mutual_info": 0.8003839648088383, "adjusted_mutual_info": 0.790527180404074, "homogeneity": 0.7830860299973765, "completeness": 0.8184633652780263, "v_measure": 0.8003839648088384, "h_c_v_m": [0.7830860299973765, 0.8184633652780263, 0.8003839648088384], "fowlkes_mallows_index": 0.590725501530721, "label": [10, 10, 10, 10, 10, 10, 10, 10, 10, 10, 10, 10, 10, 10, 10, 10, 10, 10, 10, 10, 10, 10, 10, 10, 10, 10, 10, 10, 10, 10, 10, 10, 10, 10, 10, 10, 10, 10, 10, 10, 10, 10, 10, 10, 10, 10, 10, 10, 10, 10, 10, 10, 10, 10, 10, 10, 10, 10, 10, 10, 10, 10, 10, 10, 10, 10, 10, 10, 10, 10, 10, 10, 7, 7, 7, 7, 7, 7, 7, 14, 14, 14, 14, 14, 7, 14, 14, 14, 14, 7, 7, 7, 7, 7, 7, 7, 7, 7, 7, 7, 7, 7, 7, 7, 7, 7, 7, 7, 7, 7, 7, 7, 7, 7, 7, 7, 7, 7, 14, 14, 14, 14, 14, 14, 14, 14, 14, 14, 7, 7, 7, 7, 7, 7, 7, 7, 7, 7, 7, 7, 7, 7, 7, 7, 5, 5, 5, 5, 5, 5, 5, 5, 5, 5, 5, 5, 5, 5, 5, 5, 5, 5, 5, 5, 5, 5, 5, 5, 5, 5, 5, 5, 5, 5, 5, 5, 5, 5, 5, 5, 5, 5, 5, 5, 5, 5, 5, 5, 5, 5, 5, 5, 5, 5, 5, 5, 5, 5, 5, 5, 5, 5, 5, 5, 5, 5, 5, 5, 5, 5, 5, 5, 5, 5, 5, 5, 11, 11, 11, 11, 11, 11, 11, 11, 11, 11, 11, 11, 11, 11, 11, 11, 11, 11, 11, 11, 11, 11, 11, 11, 11, 11, 11, 11, 11, 11, 11, 11, 11, 11, 11, 11, 11, 11, 11, 11, 11, 11, 11, 11, 11, 11, 11, 11, 11, 11, 11, 11, 11, 11, 11, 11, 11, 11, 11, 11, 11, 11, 11, 11, 11, 11, 11, 11, 11, 11, 11, 11, 13, 13, 4, 4, 4, 4, 4, 13, 13, 13, 13, 13, 4, 4, 4, 4, 4, 4, 4, 4, 4, 4, 4, 4, 4, 4, 4, 13, 13, 13, 13, 13, 4, 4, 4, 4, 4, 4, 4, 4, 4, 4, 4, 4, 4, 4, 4, 13, 13, 13, 13, 13, 13, 4, 4, 4, 4, 4, 4, 4, 4, 4, 4, 4, 4, 4, 13, 4, 13, 13, 4, 4, 2, 2, 2, 2, 2, 2, 2, 2, 2, 2, 2, 2, 2, 2, 2, 2, 2, 2, 2, 2, 2, 2, 2, 2, 2, 2, 2, 2, 2, 2, 2, 2, 2, 2, 2, 2, 2, 2, 2, 2, 2, 2, 2, 2, 2, 2, 2, 2, 2, 2, 2, 2, 2, 2, 2, 2, 2, 2, 2, 2, 2, 2, 2, 2, 2, 2, 2, 2, 2, 2, 2, 2, 1, 1, 1, 1, 1, 1, 1, 1, 1, 1, 1, 1, 1, 1, 1, 1, 1, 1, 1, 1, 1, 1, 1, 1, 1, 1, 1, 20, 20, 20, 20, 20, 20, 20, 1, 20, 20, 20, 20, 20, 20, 20, 20, 20, 20, 1, 20, 20, 20, 20, 20, 20, 20, 20, 20, 20, 1, 1, 20, 1, 1, 1, 1, 1, 1, 1, 1, 1, 1, 1, 1, 1, 6, 6, 6, 6, 6, 6, 6, 6, 6, 6, 6, 6, 6, 6, 6, 6, 6, 6, 6, 6, 6, 6, 6, 6, 6, 6, 6, 6, 6, 6, 6, 6, 6, 6, 6, 6, 6, 6, 6, 6, 6, 6, 6, 6, 6, 6, 6, 6, 6, 6, 6, 6, 6, 6, 6, 6, 6, 6, 6, 6, 6, 6, 6, 6, 6, 6, 6, 6, 6, 6, 6, 6, 3, 3, 3, 3, 3, 3, 3, 3, 3, 3, 3, 3, 3, 3, 3, 3, 3, 3, 3, 3, 3, 3, 3, 3, 3, 3, 3, 3, 3, 3, 3, 3, 3, 3, 3, 3, 3, 3, 3, 3, 3, 3, 3, 3, 3, 3, 3, 3, 3, 3, 3, 3, 3, 3, 3, 3, 3, 3, 3, 3, 3, 3, 3, 3, 3, 3, 3, 3, 3, 3, 3, 3, 8, 16, 16, 16, 16, 16, 16, 16, 2, 2, 2, 2, 16, 8, 8, 8, 8, 8, 8, 8, 8, 8, 8, 16, 8, 8, 8, 8, 8, 8, 8, 8, 16, 16, 16, 16, 16, 16, 16, 16, 16, 16, 16, 16, 16, 16, 16, 16, 2, 2, 13, 2, 8, 8, 8, 8, 16, 8, 8, 8, 8, 8, 8, 8, 8, 8, 8, 16, 8, 8, 16, 16, 15, 15, 15, 15, 15, 15, 15, 15, 15, 15, 17, 17, 15, 17, 17, 17, 17, 17, 17, 17, 17, 17, 17, 15, 17, 17, 17, 17, 17, 17, 17, 17, 17, 17, 15, 17, 17, 17, 17, 17, 17, 17, 17, 17, 17, 15, 17, 17, 17, 17, 17, 17, 17, 15, 15, 15, 15, 15, 15, 15, 15, 15, 15, 15, 15, 15, 15, 15, 15, 15, 15, 15, 9, 9, 9, 9, 9, 9, 9, 9, 9, 9, 9, 9, 9, 9, 9, 9, 19, 19, 19, 19, 19, 19, 19, 9, 19, 19, 19, 19, 19, 19, 19, 19, 19, 19, 9, 19, 19, 19, 19, 19, 19, 19, 19, 19, 19, 9, 19, 19, 19, 19, 19, 19, 19, 19, 19, 19, 9, 19, 19, 19, 19, 19, 19, 19, 9, 9, 9, 9, 9, 9, 9, 9, 15, 15, 15, 15, 15, 15, 14, 14, 14, 14, 14, 14, 15, 14, 14, 12, 12, 12, 17, 17, 17, 17, 17, 15, 17, 17, 17, 17, 17, 17, 17, 17, 17, 17, 15, 17, 17, 17, 17, 17, 17, 2, 2, 2, 5, 15, 5, 14, 14, 14, 14, 14, 14, 15, 15, 15, 15, 15, 15, 15, 15, 15, 15, 15, 15, 15, 15, 15, 15, 15, 15, 15, 8, 8, 16, 16, 16, 16, 16, 16, 16, 2, 8, 8, 16, 8, 8, 8, 8, 8, 8, 8, 8, 8, 8, 16, 8, 8, 8, 8, 8, 8, 16, 16, 16, 16, 16, 16, 16, 16, 16, 16, 16, 16, 16, 16, 16, 16, 16, 16, 16, 2, 2, 8, 8, 8, 8, 8, 16, 8, 8, 8, 8, 8, 8, 8, 8, 8, 8, 16, 8, 8, 16, 16, 18, 18, 14, 14, 14, 14, 14, 18, 18, 18, 18, 18, 18, 18, 18, 18, 18, 18, 18, 18, 18, 18, 18, 18, 18, 18, 18, 18, 18, 18, 18, 18, 18, 18, 18, 18, 18, 18, 18, 18, 18, 18, 18, 18, 18, 18, 18, 18, 18, 18, 18, 18, 18, 18, 18, 18, 18, 18, 18, 18, 18, 18, 18, 18, 18, 18, 18, 14, 18, 18, 14, 14, 16, 16, 16, 16, 16, 16, 16, 15, 15, 15, 15, 15, 16, 8, 8, 8, 8, 8, 8, 8, 8, 8, 8, 16, 16, 16, 16, 16, 16, 16, 16, 16, 16, 16, 16, 16, 16, 16, 16, 16, 16, 16, 16, 16, 16, 16, 16, 15, 12, 12, 12, 15, 8, 8, 8, 8, 16, 8, 8, 8, 8, 8, 8, 16, 16, 16, 16, 16, 16, 16, 16, 16, 8, 16, 16, 16, 16, 16, 16, 16, 16, 16, 16, 8, 16, 8, 8, 8, 8, 8, 8, 8, 8, 8, 8, 16, 8, 8, 8, 8, 8, 8, 8, 8, 16, 16, 16, 16, 16, 16, 16, 16, 16, 16, 16, 16, 16, 16, 16, 16, 16, 13, 13, 8, 8, 8, 8, 8, 16, 8, 8, 8, 8, 8, 8, 8, 8, 8, 8, 16, 8, 8, 16, 16, 15, 15, 12, 12, 12, 12, 12, 12, 12, 12, 12, 12, 15, 12, 12, 12, 12, 12, 12, 12, 12, 12, 12, 15, 12, 12, 12, 12, 12, 12, 12, 12, 12, 12, 12, 12, 12, 12, 12, 15, 15, 15, 15, 15, 15, 12, 15, 15, 15, 15, 15, 15, 15, 15, 15, 15, 12, 15, 15, 15, 15, 15, 15, 15, 15, 15, 15, 12, 15, 15, 12, 12, 14, 14, 14, 14, 14, 14, 14, 14, 14, 14, 14, 14, 14, 14, 14, 14, 14, 14, 14, 14, 14, 14, 14, 14, 14, 14, 14, 14, 14, 14, 14, 14, 14, 14, 14, 14, 14, 14, 14, 14, 14, 14, 14, 14, 14, 14, 14, 14, 14, 14, 14, 14, 14, 14, 14, 14, 14, 14, 14, 14, 14, 14, 14, 14, 14, 14, 14, 14, 14, 14, 14, 14, 16, 16, 16, 16, 16, 16, 15, 15, 15, 15, 15, 15, 16, 15, 8, 8, 8, 8, 8, 8, 8, 8, 8, 16, 8, 8, 8, 8, 8, 8, 8, 16, 16, 16, 16, 16, 16, 16, 16, 16, 16, 16, 16, 16, 16, 16, 16, 15, 15, 15, 15, 2, 15, 8, 8, 8, 16, 8, 8, 8, 8, 8, 8, 8, 8, 8, 8, 16, 8, 16, 16, 16]}