{"center": [449, 625, 558, 174, 346, 265, 1255, 54, 681, 363, 841, 1356, 1109, 101, 1268, 1044, 676, 768, 859, 672], "davies_bouldin": 1.9429622410292489, "calinski_harabasz": 96.04663171479933, "silhouette_coefficient": 0.14372668124837246, "cluster_acc": -1, "rand_index": 0.9484344838236429, "adjusted_rand_index": 0.540233804702838, "mutual_info": 2.2240141201716126, "normalized_mutual_info": 0.7702891258150496, "adjusted_mutual_info": 0.7598496200754076, "homogeneity": 0.7423941517755024, "completeness": 0.8003622117430742, "v_measure": 0.7702891258150495, "h_c_v_m": [0.7423941517755024, 0.8003622117430742, 0.7702891258150495], "fowlkes_mallows_index": 0.5752697337509918, "label": [8, 8, 8, 8, 8, 8, 8, 8, 8, 8, 8, 8, 8, 8, 8, 8, 8, 8, 8, 8, 8, 8, 8, 8, 8, 8, 8, 8, 8, 8, 8, 8, 8, 8, 8, 8, 8, 8, 8, 8, 8, 8, 8, 8, 8, 8, 8, 8, 8, 8, 8, 8, 8, 8, 8, 8, 8, 8, 8, 8, 8, 8, 8, 8, 8, 8, 8, 8, 8, 8, 8, 8, 14, 14, 14, 14, 14, 14, 14, 12, 12, 12, 12, 12, 14, 12, 12, 12, 14, 14, 14, 14, 14, 14, 14, 14, 14, 14, 14, 14, 14, 14, 14, 14, 14, 14, 14, 14, 14, 14, 14, 14, 14, 14, 14, 14, 14, 14, 12, 12, 12, 12, 12, 12, 8, 12, 12, 4, 14, 14, 14, 14, 14, 14, 14, 14, 14, 14, 14, 14, 14, 14, 14, 14, 4, 4, 4, 4, 4, 4, 4, 4, 4, 4, 4, 4, 4, 4, 4, 4, 4, 4, 4, 4, 4, 4, 4, 4, 4, 4, 4, 4, 4, 4, 4, 4, 4, 4, 4, 4, 4, 4, 4, 4, 4, 4, 4, 4, 4, 4, 4, 4, 4, 4, 4, 4, 4, 4, 4, 4, 4, 4, 4, 4, 4, 4, 4, 4, 4, 4, 4, 4, 4, 4, 4, 4, 6, 6, 6, 6, 6, 6, 6, 6, 6, 6, 6, 6, 6, 6, 6, 6, 6, 6, 6, 6, 6, 6, 6, 6, 6, 6, 6, 6, 6, 6, 6, 6, 6, 6, 6, 6, 6, 6, 6, 6, 6, 6, 6, 6, 6, 6, 6, 6, 6, 6, 6, 6, 6, 6, 6, 6, 6, 6, 6, 6, 6, 6, 6, 6, 6, 6, 6, 6, 6, 6, 6, 6, 5, 5, 5, 5, 5, 5, 5, 5, 5, 5, 5, 5, 5, 5, 5, 5, 5, 5, 5, 5, 5, 5, 5, 5, 5, 5, 5, 5, 5, 5, 5, 5, 5, 5, 5, 5, 5, 5, 5, 5, 5, 5, 5, 5, 5, 5, 5, 5, 5, 5, 5, 5, 5, 5, 5, 5, 5, 5, 5, 5, 5, 5, 5, 5, 5, 5, 5, 5, 5, 5, 5, 5, 10, 10, 10, 10, 10, 10, 10, 10, 10, 10, 10, 10, 10, 10, 10, 10, 10, 10, 10, 10, 10, 10, 10, 10, 10, 10, 10, 10, 10, 10, 10, 10, 10, 10, 10, 10, 10, 10, 10, 10, 10, 10, 10, 10, 10, 10, 10, 10, 10, 10, 10, 10, 10, 10, 10, 10, 10, 10, 10, 10, 10, 10, 10, 10, 10, 10, 10, 10, 10, 10, 10, 10, 1, 1, 1, 1, 1, 1, 1, 1, 1, 1, 1, 1, 1, 1, 1, 1, 1, 1, 1, 1, 1, 1, 1, 1, 1, 1, 1, 1, 1, 1, 1, 1, 1, 1, 1, 1, 1, 1, 1, 1, 1, 1, 1, 1, 1, 1, 1, 1, 1, 1, 1, 1, 1, 1, 1, 1, 1, 1, 1, 1, 1, 1, 1, 1, 1, 1, 1, 1, 1, 1, 1, 1, 3, 3, 3, 3, 3, 3, 3, 3, 3, 3, 3, 3, 3, 3, 3, 3, 3, 3, 3, 3, 3, 3, 3, 3, 3, 3, 3, 3, 3, 3, 3, 3, 3, 3, 3, 3, 3, 3, 3, 3, 3, 3, 3, 3, 3, 3, 3, 3, 3, 3, 3, 3, 3, 3, 3, 3, 3, 3, 3, 3, 3, 3, 3, 3, 3, 3, 3, 3, 3, 3, 3, 3, 2, 2, 2, 2, 2, 2, 2, 2, 2, 2, 2, 2, 2, 2, 2, 2, 2, 2, 2, 2, 2, 2, 2, 2, 2, 2, 2, 2, 2, 2, 2, 2, 2, 2, 2, 2, 2, 2, 2, 2, 2, 2, 2, 2, 2, 2, 2, 2, 2, 2, 2, 2, 2, 2, 2, 2, 2, 2, 2, 2, 2, 2, 2, 2, 2, 2, 2, 2, 2, 2, 2, 2, 17, 9, 9, 9, 9, 9, 9, 9, 10, 10, 10, 10, 9, 19, 19, 19, 19, 19, 19, 19, 17, 17, 17, 9, 17, 17, 17, 17, 17, 17, 17, 17, 9, 9, 9, 9, 9, 9, 9, 9, 9, 9, 9, 9, 9, 9, 9, 9, 10, 5, 5, 5, 19, 19, 19, 19, 9, 19, 19, 19, 17, 17, 17, 17, 17, 17, 17, 9, 17, 17, 9, 9, 9, 9, 9, 9, 9, 9, 15, 15, 5, 5, 5, 5, 9, 5, 19, 19, 19, 19, 19, 19, 19, 19, 19, 9, 19, 19, 19, 19, 19, 19, 19, 19, 19, 19, 9, 19, 19, 19, 19, 19, 19, 19, 19, 5, 5, 9, 5, 5, 5, 5, 5, 5, 5, 5, 5, 9, 9, 9, 9, 9, 9, 9, 9, 9, 9, 9, 9, 9, 9, 9, 9, 9, 11, 11, 18, 18, 18, 18, 18, 18, 18, 18, 11, 11, 11, 11, 11, 11, 11, 11, 11, 11, 11, 11, 11, 11, 11, 11, 11, 11, 11, 11, 11, 11, 11, 11, 18, 11, 11, 11, 11, 11, 11, 11, 11, 11, 11, 18, 11, 11, 11, 11, 11, 11, 11, 11, 11, 11, 18, 11, 11, 11, 11, 11, 11, 11, 11, 11, 11, 18, 11, 11, 18, 18, 9, 9, 9, 9, 15, 12, 12, 1, 12, 12, 1, 1, 9, 1, 1, 12, 19, 19, 19, 19, 19, 19, 19, 9, 19, 19, 19, 19, 19, 19, 19, 19, 19, 19, 9, 19, 19, 19, 19, 19, 19, 19, 19, 12, 4, 9, 4, 12, 12, 12, 12, 12, 12, 12, 12, 12, 9, 9, 9, 9, 9, 9, 9, 9, 9, 9, 9, 9, 9, 9, 9, 9, 17, 17, 9, 9, 9, 9, 9, 9, 19, 5, 19, 19, 9, 19, 19, 17, 19, 17, 17, 17, 17, 17, 17, 9, 17, 17, 17, 17, 17, 17, 17, 9, 9, 9, 9, 9, 9, 9, 9, 9, 9, 9, 9, 9, 9, 9, 9, 9, 9, 10, 10, 17, 19, 19, 19, 19, 9, 19, 17, 17, 17, 17, 17, 17, 17, 17, 17, 9, 17, 17, 9, 9, 16, 16, 12, 12, 12, 12, 12, 12, 16, 16, 16, 16, 16, 16, 16, 16, 16, 16, 16, 16, 16, 16, 16, 16, 16, 16, 16, 16, 16, 16, 16, 16, 16, 16, 16, 16, 16, 16, 16, 16, 16, 12, 16, 16, 16, 16, 16, 16, 12, 12, 12, 12, 12, 12, 12, 12, 16, 16, 16, 16, 16, 16, 16, 16, 16, 16, 16, 16, 16, 16, 12, 12, 9, 9, 9, 9, 9, 9, 9, 9, 15, 15, 15, 15, 9, 19, 19, 19, 19, 19, 19, 19, 19, 19, 19, 9, 19, 19, 13, 13, 13, 9, 9, 9, 9, 9, 9, 9, 9, 9, 9, 9, 9, 9, 9, 9, 9, 9, 9, 7, 7, 7, 7, 19, 19, 19, 19, 19, 9, 19, 19, 19, 19, 19, 19, 19, 19, 19, 19, 9, 9, 9, 9, 9, 17, 9, 9, 9, 9, 9, 9, 9, 9, 5, 5, 19, 9, 19, 19, 19, 19, 19, 19, 17, 17, 17, 17, 9, 17, 17, 17, 17, 17, 17, 17, 17, 9, 9, 9, 9, 9, 9, 9, 9, 9, 9, 9, 9, 9, 9, 9, 9, 9, 5, 5, 19, 19, 19, 19, 19, 9, 19, 19, 17, 17, 17, 17, 17, 17, 17, 17, 9, 17, 17, 9, 9, 15, 15, 15, 7, 7, 7, 7, 7, 7, 7, 7, 7, 15, 7, 7, 7, 7, 7, 7, 7, 7, 7, 7, 15, 7, 7, 7, 7, 7, 7, 7, 7, 7, 7, 15, 7, 15, 15, 15, 15, 15, 15, 15, 15, 15, 15, 15, 15, 15, 15, 15, 15, 15, 15, 15, 15, 15, 15, 15, 15, 15, 15, 15, 15, 15, 15, 15, 15, 15, 15, 15, 15, 12, 12, 12, 12, 12, 12, 12, 12, 12, 12, 12, 12, 12, 12, 12, 12, 12, 12, 12, 12, 12, 12, 12, 12, 12, 12, 12, 12, 12, 12, 12, 12, 12, 12, 12, 12, 12, 12, 12, 12, 12, 12, 12, 12, 12, 12, 12, 12, 12, 12, 12, 12, 12, 12, 12, 12, 12, 12, 12, 12, 12, 12, 12, 12, 12, 12, 12, 12, 12, 12, 12, 12, 9, 9, 9, 9, 9, 9, 7, 7, 15, 7, 7, 7, 9, 7, 19, 19, 19, 19, 19, 19, 19, 19, 19, 9, 19, 19, 9, 9, 9, 9, 9, 9, 9, 9, 9, 9, 9, 9, 9, 9, 9, 9, 9, 9, 9, 9, 7, 7, 15, 15, 7, 7, 5, 5, 19, 19, 9, 19, 19, 19, 19, 19, 19, 19, 19, 9, 9, 9, 9, 9, 9, 9]}