{"center": [449, 363, 625, 346, 174, 265, 681, 1255, 558, 54, 837, 1356, 101, 1109, 1267, 1045, 676, 838, 736, 672], "davies_bouldin": 1.9219342784899425, "calinski_harabasz": 101.56692350293346, "silhouette_coefficient": 0.15449370678153368, "cluster_acc": 0.6729166666666667, "rand_index": 0.9545112346536947, "adjusted_rand_index": 0.5716564195897297, "mutual_info": 2.2741472613425056, "normalized_mutual_info": 0.7797473044004132, "adjusted_mutual_info": 0.7693215124395307, "homogeneity": 0.7591290054249633, "completeness": 0.8015168778230132, "v_measure": 0.7797473044004132, "h_c_v_m": [0.7591290054249633, 0.8015168778230132, 0.7797473044004132], "fowlkes_mallows_index": 0.5998727655709266, "label": [10, 10, 10, 10, 10, 10, 10, 10, 10, 10, 10, 10, 10, 10, 10, 10, 10, 10, 10, 10, 10, 10, 10, 10, 10, 10, 10, 10, 10, 10, 10, 10, 10, 10, 10, 10, 10, 10, 10, 10, 10, 10, 10, 10, 10, 10, 10, 10, 10, 10, 10, 10, 10, 10, 10, 10, 10, 10, 10, 10, 10, 10, 10, 10, 10, 10, 10, 10, 10, 10, 10, 10, 13, 13, 13, 13, 13, 13, 13, 12, 12, 12, 12, 12, 13, 12, 12, 12, 13, 13, 13, 13, 13, 13, 13, 13, 13, 13, 13, 13, 13, 13, 13, 13, 13, 13, 13, 13, 13, 13, 13, 13, 13, 13, 13, 13, 13, 13, 12, 12, 12, 12, 12, 12, 12, 12, 12, 12, 13, 13, 13, 13, 13, 13, 13, 13, 13, 13, 13, 13, 13, 13, 13, 13, 5, 5, 5, 5, 5, 5, 5, 5, 5, 5, 5, 5, 5, 5, 5, 5, 5, 5, 5, 5, 5, 5, 5, 5, 5, 5, 5, 5, 5, 5, 5, 5, 5, 5, 5, 5, 5, 5, 5, 5, 5, 5, 5, 5, 5, 5, 5, 5, 5, 5, 5, 5, 5, 5, 5, 5, 5, 5, 5, 5, 5, 5, 5, 5, 5, 5, 5, 5, 5, 5, 5, 5, 6, 6, 6, 6, 6, 6, 6, 6, 6, 6, 6, 6, 6, 6, 6, 6, 6, 6, 6, 6, 6, 6, 6, 6, 6, 6, 6, 6, 6, 6, 6, 6, 6, 6, 6, 6, 6, 6, 6, 6, 6, 6, 6, 6, 6, 6, 6, 6, 6, 6, 6, 6, 6, 6, 6, 6, 6, 6, 6, 6, 6, 6, 6, 6, 6, 6, 6, 6, 6, 6, 6, 6, 4, 4, 4, 4, 4, 4, 4, 4, 4, 4, 4, 4, 4, 4, 4, 4, 4, 4, 4, 4, 4, 4, 4, 4, 4, 4, 4, 4, 4, 4, 4, 4, 4, 4, 4, 4, 4, 4, 4, 4, 4, 4, 4, 4, 4, 4, 4, 4, 4, 4, 4, 4, 4, 4, 4, 4, 4, 4, 4, 4, 4, 4, 4, 4, 4, 4, 4, 4, 4, 4, 4, 4, 2, 2, 2, 2, 2, 2, 2, 2, 2, 2, 2, 2, 2, 2, 2, 2, 2, 2, 2, 2, 2, 2, 2, 2, 2, 2, 2, 2, 2, 2, 2, 2, 2, 2, 2, 2, 2, 2, 2, 2, 2, 2, 2, 2, 2, 2, 2, 2, 2, 2, 2, 2, 2, 2, 2, 2, 2, 2, 2, 2, 2, 2, 2, 2, 2, 2, 2, 2, 2, 2, 2, 2, 1, 1, 1, 1, 1, 1, 1, 1, 1, 1, 1, 1, 1, 1, 1, 1, 1, 1, 1, 1, 1, 1, 1, 1, 1, 1, 1, 1, 1, 1, 1, 1, 1, 1, 1, 1, 1, 1, 1, 1, 1, 1, 1, 1, 1, 1, 1, 1, 1, 1, 1, 1, 1, 1, 1, 1, 1, 1, 1, 1, 1, 1, 1, 1, 1, 1, 1, 1, 1, 1, 1, 1, 9, 9, 9, 9, 9, 9, 9, 9, 9, 9, 9, 9, 9, 9, 9, 9, 9, 9, 9, 9, 9, 9, 9, 9, 9, 9, 9, 9, 9, 9, 9, 9, 9, 9, 9, 9, 9, 9, 9, 9, 9, 9, 9, 9, 9, 9, 9, 9, 9, 9, 9, 9, 9, 9, 9, 9, 9, 9, 9, 9, 9, 9, 9, 9, 9, 9, 9, 9, 9, 9, 9, 9, 3, 3, 3, 3, 3, 3, 3, 3, 3, 3, 3, 3, 3, 3, 3, 3, 3, 3, 3, 3, 3, 3, 3, 3, 3, 3, 3, 3, 3, 3, 3, 3, 3, 3, 3, 3, 3, 3, 3, 3, 3, 3, 3, 3, 3, 3, 3, 3, 3, 3, 3, 3, 3, 3, 3, 3, 3, 3, 3, 3, 3, 3, 3, 3, 3, 3, 3, 3, 3, 3, 3, 3, 17, 7, 7, 7, 7, 7, 7, 7, 2, 2, 2, 2, 7, 20, 20, 20, 20, 20, 20, 20, 17, 17, 17, 7, 17, 17, 17, 17, 17, 17, 17, 7, 7, 7, 7, 7, 7, 7, 7, 7, 7, 7, 7, 7, 7, 7, 7, 7, 2, 4, 4, 4, 20, 20, 20, 20, 7, 20, 20, 20, 17, 17, 17, 17, 17, 17, 17, 7, 17, 17, 7, 7, 15, 15, 15, 15, 15, 15, 15, 15, 15, 4, 4, 4, 15, 4, 19, 19, 19, 19, 19, 20, 20, 20, 20, 15, 20, 20, 20, 20, 20, 20, 20, 20, 20, 20, 15, 20, 20, 20, 20, 19, 19, 19, 20, 4, 4, 15, 4, 4, 4, 4, 4, 4, 4, 4, 15, 15, 15, 15, 15, 15, 15, 15, 15, 15, 15, 15, 15, 15, 15, 15, 15, 15, 18, 18, 11, 11, 11, 11, 11, 11, 11, 11, 11, 11, 11, 11, 18, 18, 18, 18, 18, 18, 18, 18, 18, 11, 18, 18, 18, 18, 18, 18, 18, 18, 18, 18, 11, 18, 18, 18, 18, 18, 18, 18, 18, 18, 18, 11, 18, 18, 18, 18, 18, 18, 18, 18, 18, 18, 11, 18, 18, 18, 18, 18, 18, 18, 18, 18, 18, 11, 18, 18, 11, 11, 15, 15, 15, 15, 15, 15, 12, 1, 12, 12, 12, 1, 15, 12, 12, 8, 8, 20, 20, 20, 20, 20, 20, 15, 20, 20, 20, 20, 20, 20, 20, 20, 20, 20, 15, 20, 20, 20, 20, 20, 20, 20, 2, 2, 5, 15, 5, 12, 12, 12, 12, 12, 12, 15, 15, 15, 15, 15, 15, 15, 15, 15, 15, 15, 15, 15, 15, 15, 15, 15, 15, 15, 17, 7, 7, 7, 7, 7, 7, 7, 20, 4, 20, 20, 7, 20, 20, 17, 20, 17, 17, 17, 17, 17, 17, 7, 17, 17, 17, 17, 17, 17, 7, 7, 7, 7, 7, 7, 7, 7, 7, 7, 7, 7, 7, 7, 7, 7, 7, 7, 7, 2, 17, 17, 20, 20, 20, 20, 7, 20, 20, 17, 17, 17, 17, 17, 17, 17, 17, 7, 17, 17, 7, 7, 16, 16, 12, 12, 12, 12, 12, 12, 16, 16, 16, 16, 16, 16, 16, 16, 16, 16, 16, 16, 16, 16, 16, 16, 16, 16, 16, 16, 16, 16, 16, 16, 16, 16, 16, 16, 16, 16, 16, 16, 16, 16, 12, 16, 16, 16, 16, 16, 12, 12, 12, 12, 12, 12, 12, 12, 16, 16, 16, 16, 16, 16, 16, 16, 16, 16, 16, 16, 16, 16, 12, 12, 7, 7, 7, 7, 7, 7, 7, 15, 15, 15, 15, 15, 7, 20, 20, 20, 20, 20, 20, 20, 20, 20, 20, 7, 20, 20, 14, 14, 14, 7, 7, 7, 7, 7, 7, 7, 7, 7, 7, 7, 7, 7, 7, 7, 7, 7, 7, 7, 8, 8, 8, 8, 20, 20, 20, 20, 7, 20, 20, 20, 20, 20, 20, 20, 20, 20, 20, 7, 20, 7, 7, 7, 17, 7, 7, 7, 7, 7, 7, 7, 15, 4, 4, 20, 7, 20, 20, 20, 20, 20, 20, 20, 17, 17, 17, 7, 17, 17, 17, 17, 17, 17, 17, 7, 7, 7, 7, 7, 7, 7, 7, 7, 7, 7, 7, 7, 7, 7, 7, 7, 7, 4, 4, 20, 20, 20, 20, 20, 7, 20, 20, 17, 17, 17, 17, 17, 17, 17, 17, 7, 17, 17, 7, 7, 15, 15, 8, 8, 8, 8, 8, 8, 8, 8, 8, 8, 15, 8, 8, 8, 8, 8, 8, 8, 8, 8, 8, 15, 8, 8, 8, 8, 8, 8, 8, 8, 8, 8, 15, 8, 8, 15, 15, 15, 15, 15, 15, 15, 15, 15, 15, 15, 15, 15, 15, 15, 15, 15, 15, 15, 15, 15, 15, 15, 15, 15, 15, 15, 15, 15, 15, 8, 15, 15, 8, 8, 12, 12, 12, 12, 12, 12, 12, 12, 12, 12, 12, 12, 12, 12, 12, 12, 12, 12, 12, 12, 12, 12, 12, 12, 12, 12, 12, 12, 12, 12, 12, 12, 12, 12, 12, 12, 12, 12, 12, 12, 12, 12, 12, 12, 12, 12, 12, 12, 12, 12, 12, 12, 12, 12, 12, 12, 12, 12, 12, 12, 12, 12, 12, 12, 12, 12, 12, 12, 12, 12, 12, 12, 7, 7, 7, 7, 7, 7, 8, 8, 15, 8, 8, 8, 7, 8, 20, 20, 20, 20, 20, 20, 20, 20, 20, 7, 20, 20, 20, 7, 7, 7, 7, 7, 7, 7, 7, 7, 7, 7, 7, 7, 7, 7, 7, 7, 7, 7, 8, 8, 15, 8, 8, 8, 4, 4, 20, 20, 7, 20, 20, 20, 20, 20, 20, 20, 20, 20, 7, 7, 7, 7, 7, 7]}