{"center": [449, 363, 622, 349, 173, 101, 548, 676, 826, 265, 1354, 1268, 1250, 681, 737, 838, 482, 1026, 1046, 672], "davies_bouldin": 2.2176383970833706, "calinski_harabasz": 90.78552999796754, "silhouette_coefficient": 0.13215613298621842, "cluster_acc": 0.5826388888888889, "rand_index": 0.9451837695930816, "adjusted_rand_index": 0.5021678810390371, "mutual_info": 2.1844158503323907, "normalized_mutual_info": 0.750033666460812, "adjusted_mutual_info": 0.7375645442709727, "homogeneity": 0.7291759245698234, "completeness": 0.7721197980993171, "v_measure": 0.7500336664608119, "h_c_v_m": [0.7291759245698234, 0.7721197980993171, 0.7500336664608119], "fowlkes_mallows_index": 0.537014448849004, "label": [11, 11, 11, 11, 11, 11, 11, 11, 11, 11, 11, 11, 11, 11, 11, 11, 11, 11, 11, 11, 11, 11, 11, 11, 11, 11, 11, 11, 2, 2, 2, 2, 2, 2, 11, 11, 11, 11, 11, 11, 11, 11, 11, 11, 11, 11, 11, 11, 11, 11, 11, 11, 11, 11, 11, 11, 11, 11, 11, 11, 11, 11, 11, 11, 11, 11, 11, 11, 11, 11, 11, 11, 6, 6, 6, 6, 6, 6, 6, 11, 11, 11, 11, 11, 6, 11, 11, 11, 11, 6, 6, 6, 6, 6, 6, 6, 6, 6, 6, 6, 6, 6, 6, 6, 6, 6, 6, 6, 6, 6, 6, 6, 6, 6, 6, 6, 6, 6, 11, 11, 11, 11, 11, 11, 11, 11, 11, 11, 6, 6, 6, 6, 6, 6, 6, 6, 6, 6, 6, 6, 6, 6, 6, 6, 5, 5, 5, 5, 5, 5, 5, 5, 5, 5, 5, 5, 5, 5, 5, 5, 5, 5, 5, 5, 5, 5, 5, 5, 5, 5, 5, 5, 5, 5, 5, 5, 5, 5, 5, 5, 5, 5, 5, 5, 5, 5, 5, 5, 5, 5, 5, 5, 5, 5, 5, 5, 5, 5, 5, 5, 5, 5, 5, 5, 5, 5, 5, 5, 5, 5, 5, 5, 5, 5, 5, 5, 10, 10, 10, 10, 10, 10, 10, 10, 10, 10, 10, 10, 10, 10, 10, 10, 10, 10, 10, 10, 10, 10, 10, 10, 10, 10, 10, 10, 10, 10, 10, 10, 10, 10, 10, 10, 10, 10, 10, 10, 10, 10, 10, 10, 10, 10, 10, 10, 10, 10, 10, 10, 10, 10, 10, 10, 10, 10, 10, 10, 10, 10, 10, 10, 10, 10, 10, 10, 10, 10, 10, 10, 4, 4, 4, 4, 4, 4, 4, 4, 4, 4, 4, 4, 4, 4, 4, 4, 4, 4, 4, 4, 4, 4, 4, 4, 4, 4, 4, 4, 4, 4, 4, 4, 4, 4, 4, 4, 4, 4, 4, 4, 4, 4, 4, 4, 4, 4, 4, 4, 4, 4, 4, 4, 4, 4, 4, 4, 4, 4, 4, 4, 4, 4, 4, 4, 4, 4, 4, 4, 4, 4, 4, 4, 2, 2, 2, 2, 2, 2, 2, 2, 2, 2, 2, 2, 2, 2, 2, 2, 2, 2, 2, 2, 2, 2, 2, 2, 2, 2, 2, 2, 2, 2, 2, 2, 2, 2, 2, 2, 2, 2, 2, 2, 2, 2, 2, 2, 2, 2, 2, 2, 2, 2, 2, 2, 2, 2, 2, 2, 2, 2, 2, 2, 2, 2, 2, 2, 2, 2, 2, 2, 2, 2, 2, 2, 1, 1, 1, 1, 1, 1, 1, 1, 1, 1, 1, 1, 1, 1, 1, 1, 1, 1, 1, 1, 1, 1, 1, 1, 1, 1, 1, 17, 1, 17, 17, 17, 17, 17, 1, 17, 17, 17, 17, 17, 17, 17, 17, 17, 17, 1, 17, 17, 17, 17, 17, 17, 17, 17, 17, 17, 1, 17, 1, 1, 1, 1, 1, 1, 1, 1, 1, 1, 1, 1, 1, 1, 7, 7, 7, 7, 7, 7, 7, 7, 7, 7, 7, 7, 7, 7, 7, 7, 7, 7, 7, 7, 7, 7, 7, 7, 7, 7, 7, 7, 7, 7, 7, 7, 7, 7, 7, 7, 7, 7, 7, 7, 7, 7, 7, 7, 7, 7, 7, 7, 7, 7, 7, 7, 7, 7, 7, 7, 7, 7, 7, 7, 7, 7, 7, 7, 7, 7, 7, 7, 7, 7, 7, 7, 3, 3, 3, 3, 3, 3, 3, 3, 3, 3, 3, 3, 3, 3, 3, 3, 3, 3, 3, 3, 3, 3, 3, 3, 3, 3, 3, 3, 3, 3, 3, 3, 3, 3, 3, 3, 3, 3, 3, 3, 3, 3, 3, 3, 3, 3, 3, 3, 3, 3, 3, 3, 3, 3, 3, 3, 3, 3, 3, 3, 3, 3, 3, 3, 3, 3, 3, 3, 3, 3, 3, 3, 14, 14, 14, 14, 14, 14, 14, 14, 2, 2, 2, 2, 14, 20, 20, 20, 20, 20, 20, 8, 8, 8, 8, 14, 8, 8, 8, 8, 8, 8, 8, 14, 14, 14, 14, 14, 14, 14, 14, 14, 14, 14, 14, 14, 14, 14, 14, 14, 2, 2, 2, 2, 20, 20, 20, 20, 14, 20, 8, 8, 8, 8, 8, 8, 8, 8, 8, 14, 8, 8, 14, 14, 13, 13, 13, 13, 13, 13, 13, 13, 13, 15, 15, 15, 13, 13, 15, 15, 15, 15, 15, 15, 15, 15, 20, 13, 20, 20, 20, 20, 20, 20, 20, 20, 20, 20, 13, 20, 15, 15, 15, 15, 15, 15, 15, 15, 15, 13, 15, 15, 4, 4, 4, 4, 15, 15, 13, 13, 13, 13, 13, 13, 13, 13, 13, 13, 13, 13, 13, 13, 13, 13, 13, 13, 9, 9, 9, 9, 9, 9, 9, 9, 9, 9, 9, 9, 9, 9, 16, 16, 16, 16, 16, 16, 16, 16, 16, 9, 16, 16, 16, 16, 16, 16, 16, 16, 16, 16, 9, 16, 16, 16, 16, 16, 16, 16, 16, 16, 16, 9, 16, 16, 16, 16, 16, 16, 16, 16, 16, 16, 9, 16, 16, 16, 16, 16, 9, 9, 9, 9, 9, 9, 9, 9, 9, 9, 3, 3, 12, 12, 12, 12, 17, 17, 11, 11, 11, 11, 3, 11, 11, 13, 13, 13, 13, 20, 20, 20, 20, 3, 20, 20, 20, 20, 20, 20, 20, 20, 20, 20, 3, 20, 20, 20, 20, 20, 20, 2, 2, 2, 5, 3, 5, 11, 11, 11, 11, 11, 11, 12, 11, 11, 3, 3, 3, 3, 3, 3, 3, 3, 3, 3, 3, 3, 3, 3, 3, 3, 8, 14, 14, 14, 14, 14, 14, 14, 20, 2, 20, 3, 14, 20, 20, 8, 8, 8, 8, 8, 8, 8, 8, 14, 8, 8, 8, 8, 8, 14, 14, 14, 14, 14, 14, 14, 14, 14, 14, 14, 14, 14, 14, 14, 14, 14, 14, 14, 2, 2, 2, 2, 20, 20, 20, 20, 14, 8, 8, 8, 8, 8, 8, 8, 8, 8, 8, 14, 8, 8, 14, 14, 18, 18, 11, 11, 11, 11, 11, 11, 11, 11, 18, 18, 18, 18, 18, 18, 18, 18, 18, 18, 18, 18, 18, 18, 18, 18, 18, 18, 19, 19, 19, 19, 19, 19, 18, 19, 19, 19, 11, 11, 11, 19, 19, 19, 19, 11, 19, 19, 19, 19, 19, 19, 19, 19, 19, 19, 11, 19, 19, 11, 11, 19, 19, 19, 19, 19, 19, 11, 19, 19, 11, 11, 14, 14, 14, 14, 14, 14, 14, 12, 12, 12, 12, 12, 14, 20, 20, 20, 20, 20, 20, 20, 20, 20, 20, 14, 20, 20, 20, 20, 20, 20, 14, 14, 14, 14, 14, 14, 14, 14, 14, 14, 14, 14, 14, 14, 14, 14, 14, 12, 13, 13, 13, 13, 20, 20, 20, 20, 14, 20, 20, 20, 20, 20, 20, 20, 20, 20, 20, 14, 20, 14, 14, 14, 14, 14, 14, 14, 14, 14, 14, 14, 14, 2, 2, 20, 14, 20, 20, 20, 20, 20, 8, 8, 8, 8, 8, 14, 8, 8, 8, 8, 8, 8, 8, 14, 14, 14, 14, 14, 14, 14, 14, 14, 14, 14, 14, 14, 14, 14, 14, 14, 14, 4, 4, 8, 20, 20, 20, 20, 14, 8, 8, 8, 8, 8, 8, 8, 8, 8, 8, 14, 8, 8, 14, 14, 12, 12, 13, 13, 13, 13, 13, 13, 13, 13, 13, 13, 12, 13, 13, 13, 13, 13, 13, 13, 13, 13, 13, 12, 13, 13, 13, 13, 13, 13, 13, 13, 13, 13, 13, 13, 13, 13, 13, 12, 12, 12, 12, 12, 12, 13, 12, 12, 12, 12, 12, 12, 12, 12, 12, 12, 13, 12, 12, 12, 12, 12, 12, 12, 12, 12, 12, 13, 12, 12, 13, 13, 11, 11, 11, 11, 11, 11, 11, 11, 11, 11, 11, 11, 11, 11, 11, 11, 11, 11, 11, 11, 11, 11, 11, 11, 11, 11, 11, 11, 11, 11, 11, 11, 11, 11, 11, 11, 11, 11, 11, 11, 11, 11, 11, 11, 11, 11, 11, 11, 11, 11, 11, 11, 11, 11, 11, 11, 11, 11, 11, 11, 11, 11, 11, 11, 11, 11, 11, 11, 11, 11, 11, 11, 14, 14, 14, 14, 14, 14, 2, 2, 12, 12, 13, 13, 14, 2, 13, 20, 20, 20, 20, 20, 20, 20, 20, 14, 20, 20, 20, 20, 20, 14, 14, 14, 14, 14, 14, 14, 14, 14, 14, 14, 14, 14, 14, 14, 14, 14, 13, 2, 12, 12, 13, 2, 2, 20, 20, 20, 14, 20, 20, 20, 20, 20, 20, 20, 20, 20, 20, 14, 20, 14, 14, 14]}