{"center": [453, 366, 636, 168, 558, 840, 681, 313, 1268, 1298, 1255, 265, 486, 518, 859, 420, 716, 374, 1245, 195], "davies_bouldin": 2.4474566841127596, "calinski_harabasz": 81.40033883290938, "silhouette_coefficient": 0.07224692798751028, "cluster_acc": -1, "rand_index": 0.9214500810748205, "adjusted_rand_index": 0.4212459125394007, "mutual_info": 2.0231550827608515, "normalized_mutual_info": 0.7237626308198146, "adjusted_mutual_info": 0.7110661787595236, "homogeneity": 0.6753457579040194, "completeness": 0.7796578434295556, "v_measure": 0.7237626308198147, "h_c_v_m": [0.6753457579040194, 0.7796578434295556, 0.7237626308198147], "fowlkes_mallows_index": 0.4844705355358668, "label": [10, 10, 10, 10, 10, 10, 10, 10, 10, 10, 10, 10, 10, 10, 10, 10, 10, 10, 10, 10, 10, 10, 15, 10, 15, 15, 15, 15, 15, 15, 15, 15, 15, 15, 10, 15, 15, 15, 10, 10, 10, 10, 10, 10, 10, 10, 10, 10, 10, 10, 10, 10, 10, 10, 10, 10, 10, 10, 10, 10, 10, 10, 10, 10, 10, 10, 10, 10, 10, 10, 10, 10, 10, 10, 10, 10, 10, 10, 10, 10, 10, 10, 10, 10, 10, 10, 10, 10, 10, 10, 10, 10, 10, 10, 10, 10, 10, 10, 10, 10, 10, 10, 10, 10, 10, 10, 10, 10, 10, 10, 10, 10, 10, 10, 10, 10, 10, 10, 10, 10, 10, 10, 10, 10, 10, 10, 10, 10, 10, 10, 10, 10, 10, 10, 10, 10, 10, 10, 10, 10, 10, 10, 10, 10, 4, 4, 4, 4, 4, 4, 4, 4, 4, 4, 4, 4, 4, 4, 4, 4, 4, 4, 4, 4, 4, 4, 4, 4, 4, 4, 4, 4, 4, 4, 4, 4, 4, 4, 4, 4, 4, 4, 4, 4, 4, 4, 4, 4, 4, 4, 4, 4, 4, 4, 4, 4, 4, 4, 4, 4, 4, 4, 4, 4, 4, 4, 4, 4, 4, 4, 4, 4, 4, 4, 4, 4, 12, 12, 12, 12, 12, 12, 12, 12, 12, 12, 12, 12, 12, 12, 12, 12, 12, 12, 12, 12, 12, 12, 12, 12, 12, 12, 12, 12, 12, 12, 12, 12, 12, 12, 12, 12, 12, 12, 12, 12, 12, 12, 12, 12, 12, 12, 12, 12, 12, 12, 12, 12, 12, 12, 12, 12, 12, 12, 12, 12, 12, 12, 12, 12, 12, 12, 12, 12, 12, 12, 12, 12, 8, 8, 8, 8, 8, 8, 8, 8, 8, 8, 8, 8, 8, 8, 8, 8, 8, 8, 8, 8, 8, 8, 8, 8, 8, 8, 8, 8, 8, 8, 8, 8, 8, 8, 8, 8, 8, 8, 8, 8, 8, 8, 8, 8, 8, 8, 8, 8, 8, 8, 8, 8, 8, 8, 8, 8, 8, 8, 8, 8, 8, 8, 8, 8, 8, 8, 8, 8, 8, 8, 8, 8, 2, 2, 2, 2, 2, 2, 2, 2, 2, 2, 2, 2, 2, 17, 17, 17, 17, 17, 17, 17, 17, 17, 17, 2, 17, 17, 17, 17, 17, 17, 17, 17, 17, 17, 2, 17, 17, 17, 17, 17, 17, 17, 17, 17, 17, 2, 17, 15, 15, 15, 15, 15, 15, 15, 15, 15, 2, 15, 15, 15, 15, 15, 15, 15, 15, 15, 15, 2, 15, 2, 2, 2, 1, 1, 1, 1, 1, 1, 1, 1, 1, 1, 1, 1, 1, 1, 1, 1, 1, 1, 1, 1, 1, 1, 1, 1, 1, 1, 1, 1, 1, 1, 1, 1, 1, 1, 1, 1, 1, 1, 1, 1, 1, 1, 1, 1, 1, 1, 1, 1, 1, 1, 1, 1, 1, 1, 1, 1, 1, 1, 1, 1, 1, 1, 1, 1, 1, 1, 1, 1, 1, 1, 1, 1, 5, 5, 5, 5, 5, 5, 5, 5, 5, 5, 13, 5, 5, 13, 13, 5, 5, 5, 5, 5, 13, 13, 13, 5, 13, 13, 13, 13, 13, 5, 5, 13, 5, 5, 5, 5, 5, 5, 5, 5, 5, 5, 5, 5, 5, 5, 5, 5, 5, 5, 5, 5, 5, 5, 5, 5, 5, 5, 5, 5, 5, 5, 5, 5, 5, 5, 5, 5, 5, 5, 5, 5, 3, 3, 3, 3, 3, 3, 3, 3, 3, 3, 3, 3, 3, 3, 3, 3, 3, 3, 3, 3, 3, 3, 3, 3, 3, 3, 3, 3, 3, 3, 3, 3, 3, 3, 3, 3, 3, 3, 3, 3, 3, 3, 3, 3, 3, 3, 3, 3, 3, 3, 3, 3, 3, 3, 3, 3, 3, 3, 3, 3, 3, 3, 3, 3, 3, 3, 3, 3, 3, 3, 3, 3, 16, 16, 7, 7, 7, 7, 7, 7, 2, 2, 2, 2, 16, 16, 16, 16, 16, 16, 16, 16, 16, 16, 16, 16, 16, 16, 16, 16, 16, 16, 16, 16, 16, 16, 16, 16, 7, 7, 7, 7, 7, 7, 7, 7, 7, 7, 7, 7, 2, 2, 2, 2, 8, 16, 16, 16, 7, 16, 16, 16, 16, 16, 16, 16, 16, 16, 16, 7, 16, 16, 7, 7, 7, 7, 11, 11, 9, 11, 11, 11, 11, 11, 11, 11, 7, 11, 11, 11, 11, 11, 11, 11, 11, 11, 16, 7, 16, 8, 16, 16, 16, 16, 16, 16, 16, 16, 7, 16, 11, 11, 11, 11, 11, 11, 8, 8, 8, 7, 8, 8, 8, 8, 8, 8, 8, 8, 8, 11, 7, 11, 11, 7, 7, 7, 7, 7, 7, 7, 7, 7, 7, 7, 11, 11, 6, 6, 14, 14, 14, 14, 14, 14, 14, 6, 6, 6, 6, 6, 6, 6, 6, 6, 6, 6, 6, 6, 6, 6, 6, 6, 6, 6, 6, 6, 6, 6, 6, 6, 6, 6, 6, 6, 6, 6, 6, 6, 6, 6, 6, 14, 6, 6, 6, 6, 6, 6, 6, 6, 6, 6, 14, 6, 6, 6, 6, 6, 6, 6, 14, 6, 6, 14, 6, 6, 14, 14, 3, 3, 9, 9, 9, 9, 10, 10, 10, 10, 1, 1, 3, 1, 1, 10, 10, 10, 10, 10, 10, 18, 18, 3, 18, 18, 18, 18, 18, 18, 18, 18, 18, 18, 3, 18, 18, 18, 18, 18, 18, 10, 10, 10, 4, 3, 4, 10, 10, 10, 10, 10, 10, 10, 10, 10, 3, 3, 3, 3, 3, 3, 3, 3, 3, 3, 3, 9, 3, 3, 3, 3, 16, 16, 7, 7, 7, 7, 7, 3, 18, 18, 18, 3, 16, 16, 16, 16, 16, 16, 16, 16, 16, 16, 16, 16, 16, 16, 16, 16, 16, 16, 16, 16, 16, 16, 16, 7, 7, 7, 7, 7, 7, 7, 7, 7, 7, 16, 3, 7, 2, 2, 2, 2, 16, 16, 16, 16, 16, 16, 16, 16, 16, 16, 16, 16, 16, 16, 16, 16, 16, 16, 16, 7, 10, 10, 10, 10, 10, 10, 10, 10, 10, 10, 10, 10, 10, 10, 10, 10, 10, 10, 10, 10, 10, 10, 10, 10, 10, 10, 10, 10, 10, 10, 10, 10, 10, 10, 10, 10, 10, 10, 10, 10, 10, 10, 10, 10, 10, 10, 10, 10, 10, 10, 10, 10, 10, 10, 10, 10, 10, 10, 10, 10, 10, 10, 10, 10, 10, 10, 10, 10, 10, 10, 10, 10, 7, 7, 7, 7, 7, 7, 7, 9, 9, 9, 9, 11, 7, 11, 16, 16, 16, 16, 16, 16, 16, 16, 16, 7, 16, 16, 16, 16, 16, 16, 16, 7, 7, 7, 7, 7, 7, 7, 7, 7, 7, 7, 7, 7, 7, 7, 11, 11, 11, 11, 11, 11, 16, 16, 16, 16, 7, 16, 16, 16, 16, 16, 16, 16, 16, 16, 16, 7, 16, 7, 7, 7, 16, 16, 7, 7, 7, 7, 3, 16, 16, 16, 16, 16, 16, 16, 16, 16, 16, 16, 16, 16, 16, 16, 16, 16, 16, 16, 16, 16, 16, 16, 16, 16, 16, 16, 16, 16, 16, 16, 7, 7, 7, 7, 7, 7, 7, 16, 3, 3, 3, 16, 8, 16, 3, 16, 16, 16, 16, 16, 16, 16, 16, 16, 16, 16, 16, 16, 16, 7, 16, 16, 7, 7, 9, 9, 9, 9, 9, 9, 9, 9, 9, 9, 18, 18, 9, 18, 18, 18, 18, 18, 18, 18, 18, 18, 18, 9, 18, 18, 18, 18, 11, 11, 11, 11, 11, 11, 9, 11, 11, 11, 11, 9, 9, 9, 9, 9, 9, 1, 9, 9, 9, 9, 9, 9, 9, 9, 9, 9, 1, 9, 9, 9, 9, 9, 9, 9, 9, 9, 9, 9, 9, 9, 9, 9, 10, 10, 10, 10, 10, 10, 10, 10, 10, 10, 10, 10, 10, 10, 10, 10, 10, 10, 10, 10, 10, 10, 10, 10, 10, 10, 10, 10, 10, 10, 10, 10, 10, 10, 10, 10, 10, 10, 10, 10, 10, 10, 10, 10, 10, 10, 10, 10, 10, 10, 10, 10, 10, 10, 10, 10, 10, 10, 10, 10, 10, 10, 10, 10, 10, 10, 10, 10, 10, 10, 10, 10, 7, 7, 7, 7, 7, 11, 11, 11, 11, 11, 11, 11, 7, 11, 11, 16, 16, 16, 16, 16, 16, 16, 16, 7, 16, 16, 16, 16, 7, 7, 7, 7, 7, 7, 7, 7, 7, 7, 7, 7, 7, 7, 7, 7, 11, 7, 11, 11, 11, 11, 11, 11, 11, 16, 16, 16, 7, 16, 16, 16, 16, 16, 16, 16, 16, 16, 16, 7, 7, 7, 7, 7]}