{"center": [449, 363, 628, 174, 351, 101, 558, 676, 837, 265, 1255, 1367, 1268, 681, 1046, 841, 304, 672, 1023, 482], "davies_bouldin": 2.145231099620207, "calinski_harabasz": 88.39274832363148, "silhouette_coefficient": 0.10054035734507036, "cluster_acc": 0.5875, "rand_index": 0.9408510925797235, "adjusted_rand_index": 0.48518550939985183, "mutual_info": 2.159236594332966, "normalized_mutual_info": 0.7482819042688145, "adjusted_mutual_info": 0.7356529637479827, "homogeneity": 0.7207708824298082, "completeness": 0.7779763968830687, "v_measure": 0.7482819042688145, "h_c_v_m": [0.7207708824298082, 0.7779763968830687, 0.7482819042688145], "fowlkes_mallows_index": 0.5251856480772364, "label": [12, 12, 12, 12, 12, 12, 12, 12, 12, 12, 12, 12, 12, 12, 12, 12, 12, 12, 12, 12, 12, 12, 12, 12, 12, 12, 12, 12, 2, 2, 2, 2, 2, 2, 12, 2, 12, 12, 12, 12, 12, 12, 12, 12, 12, 12, 12, 12, 12, 12, 12, 12, 12, 12, 12, 12, 12, 12, 12, 12, 12, 12, 12, 12, 12, 12, 12, 12, 12, 12, 12, 12, 6, 6, 6, 6, 6, 6, 6, 12, 12, 12, 12, 12, 6, 12, 12, 12, 12, 6, 6, 6, 6, 6, 6, 6, 6, 6, 6, 6, 6, 6, 6, 6, 6, 6, 6, 6, 6, 6, 6, 6, 6, 6, 6, 6, 6, 6, 12, 12, 12, 12, 12, 12, 12, 12, 12, 4, 6, 6, 6, 6, 6, 6, 6, 6, 6, 6, 6, 6, 6, 6, 6, 6, 4, 4, 4, 4, 4, 4, 4, 4, 4, 4, 4, 4, 4, 4, 4, 4, 4, 4, 4, 4, 4, 4, 4, 4, 4, 4, 4, 4, 4, 4, 4, 4, 4, 4, 4, 4, 4, 4, 4, 4, 4, 4, 4, 4, 4, 4, 4, 4, 4, 4, 4, 4, 4, 4, 4, 4, 4, 4, 4, 4, 4, 4, 4, 4, 4, 4, 4, 4, 4, 4, 4, 4, 10, 10, 10, 10, 10, 10, 10, 10, 10, 10, 10, 10, 10, 10, 10, 10, 10, 10, 10, 10, 10, 10, 10, 10, 10, 10, 10, 10, 10, 10, 10, 10, 10, 10, 10, 10, 10, 10, 10, 10, 10, 10, 10, 10, 10, 10, 10, 10, 10, 10, 10, 10, 10, 10, 10, 10, 10, 10, 10, 10, 10, 10, 10, 10, 10, 10, 10, 10, 10, 10, 10, 10, 5, 17, 17, 5, 5, 5, 5, 5, 5, 5, 5, 17, 17, 17, 17, 17, 17, 17, 17, 17, 17, 17, 17, 17, 5, 5, 5, 5, 5, 5, 5, 17, 17, 17, 17, 17, 17, 17, 17, 17, 17, 17, 17, 5, 5, 17, 5, 5, 5, 5, 5, 5, 17, 17, 17, 17, 17, 17, 17, 17, 17, 17, 17, 5, 5, 5, 5, 17, 5, 5, 17, 17, 2, 2, 2, 2, 2, 2, 2, 2, 2, 2, 2, 2, 2, 2, 2, 2, 2, 2, 2, 2, 2, 2, 2, 2, 2, 2, 2, 2, 2, 2, 2, 2, 2, 2, 2, 2, 2, 2, 2, 2, 2, 2, 2, 2, 2, 2, 2, 2, 2, 2, 2, 2, 2, 2, 2, 2, 2, 2, 2, 2, 2, 2, 2, 2, 2, 2, 2, 2, 2, 2, 2, 2, 1, 1, 1, 1, 1, 1, 1, 1, 1, 1, 1, 1, 1, 1, 1, 1, 1, 1, 1, 1, 1, 1, 1, 1, 1, 1, 1, 1, 1, 1, 1, 1, 1, 1, 1, 20, 1, 20, 20, 1, 20, 20, 20, 20, 20, 1, 20, 20, 20, 20, 20, 20, 20, 20, 20, 1, 1, 1, 1, 1, 1, 1, 1, 1, 1, 1, 1, 1, 1, 1, 1, 1, 7, 7, 7, 7, 7, 7, 7, 7, 7, 7, 7, 7, 7, 7, 7, 7, 7, 7, 7, 7, 7, 7, 7, 7, 7, 7, 7, 7, 7, 7, 7, 7, 7, 7, 7, 7, 7, 7, 7, 7, 7, 7, 7, 7, 7, 7, 7, 7, 7, 7, 7, 7, 7, 7, 7, 7, 7, 7, 7, 7, 7, 7, 7, 7, 7, 7, 7, 7, 7, 7, 7, 7, 3, 3, 3, 3, 3, 3, 3, 3, 3, 3, 3, 3, 3, 3, 3, 3, 3, 3, 3, 3, 3, 3, 3, 3, 3, 3, 3, 3, 3, 3, 3, 3, 3, 3, 3, 3, 3, 3, 3, 3, 3, 3, 3, 3, 3, 3, 3, 3, 3, 3, 3, 3, 3, 3, 3, 3, 3, 3, 3, 3, 3, 3, 3, 3, 3, 3, 3, 3, 3, 3, 3, 3, 8, 14, 14, 14, 14, 14, 14, 14, 2, 2, 2, 2, 14, 18, 18, 18, 18, 18, 8, 8, 8, 8, 8, 14, 8, 8, 8, 8, 8, 8, 8, 8, 14, 14, 14, 14, 14, 14, 14, 14, 14, 14, 14, 14, 14, 14, 14, 14, 2, 2, 2, 2, 18, 18, 18, 18, 14, 18, 8, 8, 8, 8, 8, 8, 8, 8, 8, 14, 8, 8, 14, 14, 11, 11, 11, 11, 11, 11, 11, 11, 11, 11, 11, 11, 11, 11, 11, 11, 11, 11, 11, 11, 11, 11, 18, 11, 18, 18, 18, 18, 18, 18, 18, 18, 18, 18, 11, 18, 18, 11, 11, 11, 11, 11, 11, 11, 11, 11, 11, 11, 11, 11, 11, 11, 11, 11, 11, 11, 11, 11, 11, 11, 11, 11, 11, 11, 11, 11, 11, 11, 11, 11, 11, 11, 16, 16, 9, 9, 9, 9, 9, 9, 9, 9, 9, 16, 9, 16, 16, 16, 16, 16, 16, 16, 16, 16, 16, 9, 16, 16, 16, 16, 16, 16, 16, 16, 16, 16, 9, 16, 16, 16, 16, 16, 16, 16, 16, 16, 16, 9, 16, 16, 16, 16, 16, 16, 16, 16, 16, 16, 9, 16, 16, 16, 16, 16, 16, 16, 16, 16, 16, 9, 16, 16, 9, 9, 11, 11, 13, 13, 13, 12, 12, 12, 12, 12, 12, 12, 11, 12, 1, 11, 11, 11, 11, 18, 18, 18, 18, 11, 18, 18, 18, 18, 18, 18, 18, 18, 18, 18, 11, 18, 18, 18, 18, 18, 18, 2, 2, 12, 4, 11, 4, 12, 12, 12, 12, 12, 12, 12, 12, 2, 11, 11, 11, 11, 11, 11, 11, 11, 11, 11, 11, 11, 11, 11, 11, 11, 8, 8, 14, 14, 14, 14, 14, 14, 18, 2, 18, 3, 14, 18, 18, 8, 8, 8, 8, 8, 8, 8, 8, 14, 8, 8, 8, 8, 8, 8, 14, 14, 14, 14, 14, 14, 14, 14, 14, 14, 14, 14, 14, 14, 14, 14, 14, 14, 2, 2, 2, 2, 18, 18, 18, 8, 14, 8, 8, 8, 8, 8, 8, 8, 8, 8, 8, 14, 8, 8, 14, 14, 19, 19, 12, 12, 12, 12, 12, 12, 12, 12, 12, 19, 19, 19, 19, 19, 19, 19, 19, 19, 19, 19, 19, 19, 19, 19, 19, 19, 15, 15, 15, 15, 15, 15, 19, 15, 15, 15, 15, 12, 12, 12, 12, 12, 12, 12, 12, 12, 12, 12, 12, 12, 12, 12, 12, 12, 12, 12, 15, 15, 12, 12, 12, 12, 12, 12, 15, 12, 15, 15, 12, 12, 18, 14, 14, 14, 14, 14, 14, 13, 13, 13, 13, 11, 14, 18, 18, 18, 18, 18, 18, 18, 18, 18, 18, 14, 18, 18, 18, 18, 18, 18, 18, 14, 14, 14, 14, 14, 14, 14, 14, 14, 14, 14, 14, 14, 14, 14, 14, 11, 11, 11, 11, 11, 18, 18, 18, 18, 14, 18, 18, 18, 18, 18, 18, 18, 18, 18, 18, 14, 18, 18, 14, 14, 8, 8, 14, 14, 14, 14, 14, 8, 11, 2, 14, 8, 14, 18, 18, 18, 8, 8, 8, 8, 8, 8, 8, 14, 8, 8, 8, 8, 8, 8, 8, 8, 14, 14, 14, 14, 14, 14, 14, 14, 14, 14, 14, 14, 14, 14, 14, 14, 14, 2, 2, 8, 8, 18, 18, 8, 14, 8, 8, 8, 8, 8, 8, 8, 8, 8, 8, 14, 8, 8, 14, 14, 13, 13, 11, 11, 11, 11, 11, 11, 11, 11, 11, 11, 13, 11, 11, 11, 11, 11, 11, 11, 11, 11, 11, 13, 11, 11, 11, 11, 11, 11, 11, 11, 11, 11, 11, 11, 11, 11, 11, 11, 13, 13, 13, 13, 13, 11, 13, 13, 13, 13, 13, 13, 13, 13, 13, 13, 11, 13, 13, 13, 13, 13, 13, 13, 13, 13, 13, 11, 13, 13, 11, 11, 12, 12, 12, 12, 12, 12, 12, 12, 12, 12, 12, 12, 12, 12, 12, 12, 12, 12, 12, 12, 12, 12, 12, 12, 12, 12, 12, 12, 12, 12, 12, 12, 12, 12, 12, 12, 12, 12, 12, 12, 12, 12, 12, 12, 12, 12, 12, 12, 12, 12, 12, 12, 12, 12, 12, 12, 12, 12, 12, 12, 12, 12, 12, 12, 12, 12, 12, 12, 12, 12, 12, 12, 14, 14, 14, 14, 14, 2, 2, 2, 13, 13, 11, 11, 14, 2, 11, 18, 18, 18, 18, 18, 18, 18, 18, 14, 18, 18, 18, 18, 14, 14, 14, 14, 14, 14, 14, 14, 14, 14, 14, 14, 14, 14, 14, 14, 14, 14, 2, 2, 13, 11, 11, 2, 2, 18, 18, 18, 14, 18, 18, 18, 18, 18, 18, 18, 18, 18, 18, 14, 14, 14, 14, 14]}