{"center": [460, 363, 636, 171, 558, 101, 351, 837, 676, 1255, 265, 1367, 1267, 530, 681, 838, 482, 424, 453, 1046], "davies_bouldin": 2.0675198479537626, "calinski_harabasz": 84.12434791209394, "silhouette_coefficient": 0.08493727140331954, "cluster_acc": -1, "rand_index": 0.9311800247085167, "adjusted_rand_index": 0.4556553400642627, "mutual_info": 2.0690919999495736, "normalized_mutual_info": 0.7345982391427002, "adjusted_mutual_info": 0.7223763305189628, "homogeneity": 0.6906798775762774, "completeness": 0.7844811562212654, "v_measure": 0.7345982391427002, "h_c_v_m": [0.6906798775762774, 0.7844811562212654, 0.7345982391427002], "fowlkes_mallows_index": 0.5083612065852938, "label": [11, 11, 11, 11, 11, 11, 11, 11, 11, 11, 11, 11, 11, 11, 11, 11, 11, 11, 11, 11, 11, 11, 11, 11, 11, 11, 17, 17, 17, 1, 17, 11, 11, 1, 11, 1, 11, 11, 11, 11, 11, 11, 11, 11, 11, 11, 11, 11, 11, 11, 11, 11, 11, 11, 11, 11, 11, 11, 11, 11, 11, 11, 11, 11, 11, 11, 11, 11, 11, 11, 11, 11, 5, 5, 5, 5, 5, 5, 5, 11, 11, 11, 11, 11, 5, 11, 11, 11, 11, 5, 5, 5, 5, 5, 5, 5, 5, 5, 5, 5, 5, 5, 5, 5, 5, 5, 5, 5, 5, 5, 5, 5, 5, 5, 5, 5, 5, 5, 11, 11, 11, 11, 11, 11, 11, 11, 11, 3, 5, 5, 5, 5, 5, 5, 5, 5, 5, 5, 5, 5, 5, 5, 5, 5, 3, 3, 3, 3, 3, 3, 3, 3, 3, 3, 3, 3, 3, 3, 3, 3, 3, 3, 3, 3, 3, 3, 3, 3, 3, 3, 3, 3, 3, 3, 3, 3, 3, 3, 3, 3, 3, 3, 3, 3, 3, 3, 3, 3, 3, 3, 3, 3, 3, 3, 3, 3, 3, 3, 3, 3, 3, 3, 3, 3, 3, 3, 3, 3, 3, 3, 3, 3, 3, 3, 3, 3, 10, 10, 10, 10, 10, 10, 10, 10, 10, 10, 10, 10, 10, 10, 10, 10, 10, 10, 10, 10, 10, 10, 10, 10, 10, 10, 10, 10, 10, 10, 10, 10, 10, 10, 10, 10, 10, 10, 10, 10, 10, 10, 10, 10, 10, 10, 10, 10, 10, 10, 10, 10, 10, 10, 10, 10, 10, 10, 10, 10, 10, 10, 10, 10, 10, 10, 10, 10, 10, 10, 10, 10, 6, 6, 6, 6, 6, 6, 6, 6, 6, 6, 6, 6, 6, 6, 6, 6, 6, 6, 6, 6, 6, 6, 6, 6, 6, 6, 6, 6, 6, 6, 6, 6, 6, 6, 6, 6, 6, 6, 6, 6, 6, 6, 6, 6, 6, 6, 6, 6, 6, 6, 6, 6, 6, 6, 6, 6, 6, 6, 6, 6, 6, 6, 6, 6, 6, 6, 6, 6, 6, 6, 6, 6, 1, 1, 1, 1, 1, 1, 1, 1, 1, 1, 1, 1, 1, 1, 1, 1, 1, 1, 1, 1, 1, 1, 1, 1, 1, 1, 1, 1, 1, 1, 1, 1, 1, 1, 1, 1, 1, 1, 1, 1, 1, 1, 1, 1, 1, 1, 1, 1, 1, 1, 1, 1, 1, 1, 1, 1, 1, 1, 1, 1, 1, 1, 1, 1, 1, 1, 1, 1, 1, 1, 1, 1, 18, 18, 18, 18, 18, 18, 18, 18, 18, 18, 18, 18, 18, 18, 18, 18, 18, 18, 18, 18, 18, 18, 18, 18, 18, 18, 18, 16, 16, 16, 16, 16, 16, 16, 18, 16, 16, 16, 16, 16, 16, 16, 16, 16, 16, 18, 16, 16, 16, 16, 16, 16, 16, 16, 16, 16, 18, 16, 16, 18, 18, 18, 18, 18, 18, 18, 18, 18, 18, 18, 18, 18, 4, 4, 4, 4, 4, 4, 4, 4, 4, 4, 4, 4, 4, 4, 13, 13, 13, 13, 13, 13, 13, 13, 4, 4, 13, 4, 4, 4, 4, 4, 4, 4, 4, 4, 4, 4, 4, 4, 4, 4, 4, 4, 4, 4, 4, 4, 4, 4, 4, 4, 4, 4, 4, 4, 4, 4, 4, 4, 4, 4, 4, 4, 4, 4, 4, 4, 4, 4, 4, 4, 4, 4, 2, 2, 2, 2, 2, 2, 2, 2, 2, 2, 2, 2, 2, 2, 2, 2, 2, 2, 2, 2, 2, 2, 2, 2, 2, 2, 2, 2, 2, 2, 2, 2, 2, 2, 2, 2, 2, 2, 2, 2, 2, 2, 2, 2, 2, 2, 2, 2, 2, 2, 2, 2, 2, 2, 2, 2, 2, 2, 2, 2, 2, 2, 2, 2, 2, 2, 2, 2, 2, 2, 2, 2, 14, 14, 14, 14, 14, 14, 14, 14, 1, 1, 1, 1, 14, 8, 8, 8, 8, 8, 8, 8, 8, 8, 8, 14, 8, 8, 8, 8, 8, 8, 14, 14, 14, 14, 14, 14, 14, 14, 14, 14, 14, 14, 14, 14, 14, 14, 14, 14, 1, 1, 1, 1, 8, 8, 8, 8, 14, 8, 8, 8, 8, 8, 8, 8, 8, 8, 8, 14, 8, 14, 14, 14, 12, 12, 12, 12, 12, 12, 12, 12, 12, 12, 12, 12, 12, 12, 12, 12, 12, 12, 12, 12, 12, 12, 8, 12, 8, 8, 8, 8, 8, 8, 8, 8, 8, 8, 12, 8, 12, 12, 12, 12, 12, 12, 12, 12, 12, 12, 12, 12, 6, 6, 12, 12, 12, 12, 12, 12, 12, 12, 12, 12, 12, 12, 12, 12, 12, 12, 12, 12, 12, 12, 12, 12, 7, 7, 7, 7, 7, 7, 7, 7, 7, 7, 7, 7, 7, 7, 7, 7, 15, 15, 15, 15, 15, 15, 15, 7, 15, 15, 15, 15, 15, 15, 15, 15, 15, 15, 7, 15, 15, 15, 15, 15, 15, 15, 15, 15, 15, 7, 15, 15, 15, 15, 15, 15, 15, 15, 15, 15, 7, 15, 15, 15, 15, 15, 15, 15, 15, 7, 7, 7, 7, 7, 7, 7, 2, 2, 12, 12, 12, 12, 16, 11, 11, 11, 11, 11, 2, 11, 11, 9, 9, 9, 9, 9, 8, 8, 8, 12, 8, 8, 8, 8, 8, 8, 8, 8, 8, 8, 2, 8, 8, 8, 8, 8, 8, 11, 1, 11, 3, 2, 3, 11, 11, 11, 11, 11, 11, 11, 11, 1, 2, 1, 2, 2, 2, 2, 2, 2, 2, 2, 2, 12, 2, 2, 12, 12, 14, 14, 14, 14, 14, 14, 14, 14, 1, 1, 9, 2, 14, 8, 8, 8, 8, 8, 8, 8, 8, 8, 8, 14, 8, 8, 8, 8, 8, 14, 14, 14, 14, 14, 14, 14, 14, 14, 14, 14, 14, 14, 14, 14, 14, 14, 14, 14, 1, 1, 1, 1, 8, 8, 8, 8, 14, 8, 8, 8, 8, 8, 8, 8, 8, 8, 8, 14, 8, 8, 14, 14, 11, 11, 11, 11, 11, 11, 11, 11, 11, 11, 11, 11, 11, 11, 11, 11, 11, 11, 11, 11, 11, 11, 11, 11, 11, 11, 11, 11, 11, 11, 11, 11, 11, 11, 11, 11, 11, 11, 11, 11, 11, 11, 11, 11, 11, 11, 11, 11, 11, 11, 11, 11, 11, 11, 11, 11, 11, 19, 11, 11, 11, 11, 11, 11, 11, 11, 19, 11, 19, 19, 11, 11, 8, 14, 14, 14, 14, 14, 14, 12, 12, 12, 12, 12, 14, 12, 8, 8, 8, 8, 8, 8, 8, 8, 8, 14, 8, 8, 8, 8, 8, 8, 14, 14, 14, 14, 14, 14, 14, 14, 14, 14, 14, 14, 14, 14, 14, 14, 14, 9, 9, 9, 9, 9, 8, 8, 8, 8, 14, 8, 8, 8, 8, 8, 8, 8, 8, 8, 8, 14, 8, 8, 14, 14, 14, 14, 14, 14, 14, 14, 14, 14, 14, 1, 1, 14, 14, 8, 8, 8, 8, 8, 8, 8, 8, 8, 8, 14, 8, 8, 8, 8, 8, 14, 14, 14, 14, 14, 14, 14, 14, 14, 14, 14, 14, 14, 14, 14, 14, 14, 14, 2, 14, 6, 6, 14, 2, 8, 8, 8, 14, 8, 8, 8, 8, 8, 8, 8, 8, 8, 8, 14, 8, 14, 14, 14, 12, 12, 9, 9, 9, 9, 9, 9, 9, 9, 9, 9, 12, 9, 9, 9, 9, 9, 9, 9, 9, 9, 9, 9, 9, 9, 9, 9, 9, 9, 9, 9, 9, 9, 9, 9, 9, 9, 12, 12, 12, 12, 12, 12, 12, 9, 12, 12, 12, 12, 12, 12, 12, 12, 12, 12, 9, 12, 12, 12, 12, 12, 12, 12, 12, 12, 12, 9, 12, 12, 9, 9, 11, 11, 11, 11, 11, 11, 11, 11, 11, 11, 11, 11, 11, 11, 11, 11, 11, 11, 11, 11, 11, 11, 11, 11, 11, 11, 11, 11, 11, 11, 11, 11, 11, 11, 11, 11, 11, 11, 11, 11, 11, 11, 11, 11, 11, 11, 11, 11, 11, 11, 11, 11, 11, 11, 11, 11, 11, 11, 11, 11, 11, 11, 11, 11, 11, 11, 11, 11, 11, 11, 11, 11, 14, 14, 14, 14, 14, 14, 9, 12, 12, 12, 9, 9, 14, 1, 9, 8, 8, 8, 8, 8, 8, 8, 8, 14, 8, 8, 8, 8, 8, 14, 14, 14, 14, 14, 14, 14, 14, 14, 14, 14, 14, 14, 14, 14, 14, 14, 9, 9, 12, 12, 9, 1, 1, 8, 8, 8, 14, 8, 8, 8, 8, 8, 8, 8, 8, 8, 8, 14, 14, 14, 14, 14]}