{"center": [449, 363, 620, 346, 173, 548, 108, 676, 826, 1250, 53, 265, 1356, 1108, 737, 1271, 1045, 681, 670, 838], "davies_bouldin": 1.9058579131039235, "calinski_harabasz": 103.18241768736598, "silhouette_coefficient": 0.16023385325834746, "cluster_acc": 0.6805555555555556, "rand_index": 0.9554976449695004, "adjusted_rand_index": 0.5779648287591906, "mutual_info": 2.298539435439594, "normalized_mutual_info": 0.7861488853239949, "adjusted_mutual_info": 0.7760757094646046, "homogeneity": 0.7672713131713598, "completeness": 0.8059787976976821, "v_measure": 0.7861488853239949, "h_c_v_m": [0.7672713131713598, 0.8059787976976821, 0.7861488853239949], "fowlkes_mallows_index": 0.6052614080059728, "label": [11, 11, 11, 11, 11, 11, 11, 11, 11, 11, 11, 11, 11, 11, 11, 11, 11, 11, 11, 11, 11, 11, 11, 11, 11, 11, 11, 11, 11, 11, 11, 11, 2, 11, 11, 11, 11, 11, 11, 11, 11, 11, 11, 11, 11, 11, 11, 11, 11, 11, 11, 11, 11, 11, 11, 11, 11, 11, 11, 11, 11, 11, 11, 11, 11, 11, 11, 11, 11, 11, 11, 11, 7, 7, 7, 7, 7, 7, 7, 13, 13, 13, 13, 13, 7, 13, 13, 11, 13, 7, 7, 7, 7, 7, 7, 7, 7, 7, 7, 7, 7, 7, 7, 7, 7, 7, 7, 7, 7, 7, 7, 7, 7, 7, 7, 7, 7, 7, 13, 13, 13, 13, 13, 13, 13, 13, 13, 13, 7, 7, 7, 7, 7, 7, 7, 7, 7, 7, 7, 7, 7, 7, 7, 7, 5, 5, 5, 5, 5, 5, 5, 5, 5, 5, 5, 5, 5, 5, 5, 5, 5, 5, 5, 5, 5, 5, 5, 5, 5, 5, 5, 5, 5, 5, 5, 5, 5, 5, 5, 5, 5, 5, 5, 5, 5, 5, 5, 5, 5, 5, 5, 5, 5, 5, 5, 5, 5, 5, 5, 5, 5, 5, 5, 5, 5, 5, 5, 5, 5, 5, 5, 5, 5, 5, 5, 5, 12, 12, 12, 12, 12, 12, 12, 12, 12, 12, 12, 12, 12, 12, 12, 12, 12, 12, 12, 12, 12, 12, 12, 12, 12, 12, 12, 12, 12, 12, 12, 12, 12, 12, 12, 12, 12, 12, 12, 12, 12, 12, 12, 12, 12, 12, 12, 12, 12, 12, 12, 12, 12, 12, 12, 12, 12, 12, 12, 12, 12, 12, 12, 12, 12, 12, 12, 12, 12, 12, 12, 12, 4, 4, 4, 4, 4, 4, 4, 4, 4, 4, 4, 4, 4, 4, 4, 4, 4, 4, 4, 4, 4, 4, 4, 4, 4, 4, 4, 4, 4, 4, 4, 4, 4, 4, 4, 4, 4, 4, 4, 4, 4, 4, 4, 4, 4, 4, 4, 4, 4, 4, 4, 4, 4, 4, 4, 4, 4, 4, 4, 4, 4, 4, 4, 4, 4, 4, 4, 4, 4, 4, 4, 4, 2, 2, 2, 2, 2, 2, 2, 2, 2, 2, 2, 2, 2, 2, 2, 2, 2, 2, 2, 2, 2, 2, 2, 2, 2, 2, 2, 2, 2, 2, 2, 2, 2, 2, 2, 2, 2, 2, 2, 2, 2, 2, 2, 2, 2, 2, 2, 2, 2, 2, 2, 2, 2, 2, 2, 2, 2, 2, 2, 2, 2, 2, 2, 2, 2, 2, 2, 2, 2, 2, 2, 2, 1, 1, 1, 1, 1, 1, 1, 1, 1, 1, 1, 1, 1, 1, 1, 1, 1, 1, 1, 1, 1, 1, 1, 1, 1, 1, 1, 1, 1, 1, 1, 1, 1, 1, 1, 1, 1, 1, 1, 1, 1, 1, 1, 1, 1, 1, 1, 1, 1, 1, 1, 1, 1, 1, 1, 1, 1, 1, 1, 1, 1, 1, 1, 1, 1, 1, 1, 1, 1, 1, 1, 1, 6, 6, 6, 6, 6, 6, 6, 6, 6, 6, 6, 6, 6, 6, 6, 6, 6, 6, 6, 6, 6, 6, 6, 6, 6, 6, 6, 6, 6, 6, 6, 6, 6, 6, 6, 6, 6, 6, 6, 6, 6, 6, 6, 6, 6, 6, 6, 6, 6, 6, 6, 6, 6, 6, 6, 6, 6, 6, 6, 6, 6, 6, 6, 6, 6, 6, 6, 6, 6, 6, 6, 6, 3, 3, 3, 3, 3, 3, 3, 3, 3, 3, 3, 3, 3, 3, 3, 3, 3, 3, 3, 3, 3, 3, 3, 3, 3, 3, 3, 3, 3, 3, 3, 3, 3, 3, 3, 3, 3, 3, 3, 3, 3, 3, 3, 3, 3, 3, 3, 3, 3, 3, 3, 3, 3, 3, 3, 3, 3, 3, 3, 3, 3, 3, 3, 3, 3, 3, 3, 3, 3, 3, 3, 3, 8, 18, 18, 18, 18, 18, 18, 18, 2, 2, 2, 2, 18, 19, 19, 19, 19, 19, 19, 19, 19, 8, 8, 18, 8, 8, 8, 8, 8, 8, 8, 8, 18, 18, 18, 18, 18, 18, 18, 18, 18, 18, 18, 18, 18, 18, 18, 18, 2, 2, 4, 4, 19, 19, 19, 19, 18, 19, 19, 19, 19, 8, 8, 8, 8, 8, 8, 18, 8, 8, 18, 18, 16, 16, 16, 16, 16, 16, 16, 16, 16, 16, 15, 15, 16, 15, 15, 15, 15, 15, 15, 15, 15, 15, 19, 16, 19, 19, 19, 19, 19, 19, 19, 19, 19, 19, 16, 19, 19, 15, 15, 15, 15, 15, 15, 15, 15, 16, 15, 15, 4, 4, 4, 4, 15, 16, 16, 16, 16, 16, 16, 16, 16, 16, 16, 16, 16, 16, 16, 16, 16, 16, 16, 16, 9, 9, 9, 9, 9, 9, 9, 9, 9, 9, 9, 9, 9, 9, 20, 20, 20, 20, 20, 20, 20, 20, 20, 9, 20, 20, 20, 20, 20, 20, 20, 20, 20, 20, 9, 20, 20, 20, 20, 20, 20, 20, 20, 20, 20, 9, 20, 20, 20, 20, 20, 20, 20, 20, 20, 20, 9, 20, 20, 20, 20, 20, 9, 9, 9, 9, 9, 9, 9, 9, 9, 9, 16, 16, 16, 16, 16, 16, 13, 13, 13, 13, 13, 13, 16, 13, 13, 10, 10, 10, 19, 19, 19, 19, 19, 16, 19, 19, 19, 19, 19, 19, 19, 19, 19, 19, 16, 19, 19, 19, 19, 19, 19, 2, 2, 2, 5, 16, 5, 13, 13, 13, 13, 13, 13, 16, 16, 16, 16, 16, 16, 16, 16, 16, 16, 16, 16, 16, 16, 16, 16, 16, 16, 16, 8, 8, 18, 18, 18, 18, 18, 18, 19, 2, 19, 19, 18, 19, 19, 19, 19, 19, 19, 8, 8, 8, 8, 18, 8, 8, 8, 8, 8, 8, 18, 18, 18, 18, 18, 18, 18, 18, 18, 18, 18, 18, 18, 18, 18, 18, 18, 18, 18, 2, 2, 8, 19, 19, 19, 19, 18, 19, 19, 19, 19, 8, 8, 8, 8, 8, 8, 18, 8, 8, 18, 18, 17, 17, 13, 13, 13, 13, 13, 17, 17, 17, 17, 17, 17, 17, 17, 17, 17, 17, 17, 17, 17, 17, 17, 17, 17, 17, 17, 17, 17, 17, 17, 17, 17, 17, 17, 17, 17, 17, 17, 17, 17, 17, 17, 17, 17, 17, 17, 17, 17, 17, 17, 17, 17, 17, 17, 17, 13, 17, 17, 17, 17, 17, 17, 17, 17, 17, 17, 13, 17, 17, 13, 13, 18, 18, 18, 18, 18, 18, 18, 16, 16, 16, 16, 16, 18, 19, 19, 19, 19, 19, 19, 19, 19, 19, 19, 18, 19, 19, 14, 18, 18, 18, 18, 18, 18, 18, 18, 18, 18, 18, 18, 18, 18, 18, 18, 18, 18, 18, 18, 16, 10, 10, 10, 10, 19, 19, 19, 19, 18, 19, 19, 19, 19, 19, 19, 19, 19, 19, 19, 18, 19, 18, 18, 18, 8, 18, 18, 18, 18, 18, 18, 18, 16, 4, 4, 19, 18, 19, 19, 19, 19, 19, 19, 19, 19, 8, 8, 18, 8, 8, 8, 8, 8, 8, 8, 8, 18, 18, 18, 18, 18, 18, 18, 18, 18, 18, 18, 18, 18, 18, 18, 18, 18, 4, 4, 19, 19, 19, 19, 19, 18, 19, 19, 19, 19, 8, 8, 8, 8, 8, 8, 18, 8, 8, 18, 18, 16, 16, 10, 10, 10, 10, 10, 10, 10, 10, 10, 10, 16, 10, 10, 10, 10, 10, 10, 10, 10, 10, 10, 16, 10, 10, 10, 10, 10, 10, 10, 10, 10, 10, 10, 10, 10, 10, 10, 16, 16, 16, 16, 16, 16, 10, 16, 16, 16, 16, 16, 16, 16, 16, 16, 16, 10, 16, 16, 16, 16, 16, 16, 16, 16, 16, 16, 10, 16, 16, 10, 10, 13, 13, 13, 13, 13, 13, 13, 13, 13, 13, 13, 13, 13, 13, 13, 13, 13, 13, 13, 13, 13, 13, 13, 13, 13, 13, 13, 13, 13, 13, 13, 13, 13, 13, 13, 13, 13, 13, 13, 13, 13, 13, 13, 13, 13, 13, 13, 13, 13, 13, 13, 13, 13, 13, 13, 13, 13, 13, 13, 13, 13, 13, 13, 13, 13, 13, 13, 13, 13, 13, 13, 13, 18, 18, 18, 18, 18, 18, 16, 16, 16, 16, 16, 16, 18, 16, 19, 19, 19, 19, 19, 19, 19, 19, 19, 18, 19, 19, 19, 18, 18, 18, 18, 18, 18, 18, 18, 18, 18, 18, 18, 18, 18, 18, 18, 18, 18, 18, 16, 16, 16, 16, 16, 16, 16, 16, 19, 19, 18, 19, 19, 19, 19, 19, 19, 19, 19, 19, 18, 18, 18, 18, 18, 18]}