{"center": [449, 363, 625, 349, 173, 101, 548, 676, 826, 53, 1250, 1357, 265, 1108, 737, 765, 1045, 1268, 681, 670], "davies_bouldin": 1.9233200833810442, "calinski_harabasz": 107.61320669513763, "silhouette_coefficient": 0.18337156934522983, "cluster_acc": 0.7277777777777777, "rand_index": 0.9645616168635627, "adjusted_rand_index": 0.6456298379405182, "mutual_info": 2.413423727651214, "normalized_mutual_info": 0.8148011181504992, "adjusted_mutual_info": 0.8058467982579968, "homogeneity": 0.8056206320426775, "completeness": 0.8241932493533254, "v_measure": 0.8148011181504993, "h_c_v_m": [0.8056206320426775, 0.8241932493533254, 0.8148011181504993], "fowlkes_mallows_index": 0.6656645357964098, "label": [10, 10, 10, 10, 10, 10, 10, 10, 10, 10, 10, 10, 10, 10, 10, 10, 10, 10, 10, 10, 10, 10, 10, 10, 10, 10, 10, 10, 10, 10, 10, 10, 10, 10, 10, 10, 10, 10, 10, 10, 10, 10, 10, 10, 10, 10, 10, 10, 10, 10, 10, 10, 10, 10, 10, 10, 10, 10, 10, 10, 10, 10, 10, 10, 10, 10, 10, 10, 10, 10, 10, 10, 6, 6, 6, 6, 6, 6, 6, 12, 12, 12, 12, 12, 6, 12, 12, 12, 12, 6, 6, 6, 6, 6, 6, 6, 6, 6, 6, 6, 6, 6, 6, 6, 6, 6, 6, 6, 6, 6, 6, 6, 6, 6, 6, 6, 6, 6, 12, 12, 12, 12, 12, 12, 12, 12, 12, 12, 6, 6, 6, 6, 6, 6, 6, 6, 6, 6, 6, 6, 6, 6, 6, 6, 5, 5, 5, 5, 5, 5, 5, 5, 5, 5, 5, 5, 5, 5, 5, 5, 5, 5, 5, 5, 5, 5, 5, 5, 5, 5, 5, 5, 5, 5, 5, 5, 5, 5, 5, 5, 5, 5, 5, 5, 5, 5, 5, 5, 5, 5, 5, 5, 5, 5, 5, 5, 5, 5, 5, 5, 5, 5, 5, 5, 5, 5, 5, 5, 5, 5, 5, 5, 5, 5, 5, 5, 13, 13, 13, 13, 13, 13, 13, 13, 13, 13, 13, 13, 13, 13, 13, 13, 13, 13, 13, 13, 13, 13, 13, 13, 13, 13, 13, 13, 13, 13, 13, 13, 13, 13, 13, 13, 13, 13, 13, 13, 13, 13, 13, 13, 13, 13, 13, 13, 13, 13, 13, 13, 13, 13, 13, 13, 13, 13, 13, 13, 13, 13, 13, 13, 13, 13, 13, 13, 13, 13, 13, 13, 4, 4, 4, 4, 4, 4, 4, 4, 4, 4, 4, 4, 4, 4, 4, 4, 4, 4, 4, 4, 4, 4, 4, 4, 4, 4, 4, 4, 4, 4, 4, 4, 4, 4, 4, 4, 4, 4, 4, 4, 4, 4, 4, 4, 4, 4, 4, 4, 4, 4, 4, 4, 4, 4, 4, 4, 4, 4, 4, 4, 4, 4, 4, 4, 4, 4, 4, 4, 4, 4, 4, 4, 2, 2, 2, 2, 2, 2, 2, 2, 2, 2, 2, 2, 2, 2, 2, 2, 2, 2, 2, 2, 2, 2, 2, 2, 2, 2, 2, 2, 2, 2, 2, 2, 2, 2, 2, 2, 2, 2, 2, 2, 2, 2, 2, 2, 2, 2, 2, 2, 2, 2, 2, 2, 2, 2, 2, 2, 2, 2, 2, 2, 2, 2, 2, 2, 2, 2, 2, 2, 2, 2, 2, 2, 1, 1, 1, 1, 1, 1, 1, 1, 1, 1, 1, 1, 1, 1, 1, 1, 1, 1, 1, 1, 1, 1, 1, 1, 1, 1, 1, 1, 1, 1, 1, 1, 1, 1, 1, 1, 1, 1, 1, 1, 1, 1, 1, 1, 1, 1, 1, 1, 1, 1, 1, 1, 1, 1, 1, 1, 1, 1, 1, 1, 1, 1, 1, 1, 1, 1, 1, 1, 1, 1, 1, 1, 7, 7, 7, 7, 7, 7, 7, 7, 7, 7, 7, 7, 7, 7, 7, 7, 7, 7, 7, 7, 7, 7, 7, 7, 7, 7, 7, 7, 7, 7, 7, 7, 7, 7, 7, 7, 7, 7, 7, 7, 7, 7, 7, 7, 7, 7, 7, 7, 7, 7, 7, 7, 7, 7, 7, 7, 7, 7, 7, 7, 7, 7, 7, 7, 7, 7, 7, 7, 7, 7, 7, 7, 3, 3, 3, 3, 3, 3, 3, 3, 3, 3, 3, 3, 3, 3, 3, 3, 3, 3, 3, 3, 3, 3, 3, 3, 3, 3, 3, 3, 3, 3, 3, 3, 3, 3, 3, 3, 3, 3, 3, 3, 3, 3, 3, 3, 3, 3, 3, 3, 3, 3, 3, 3, 3, 3, 3, 3, 3, 3, 3, 3, 3, 3, 3, 3, 3, 3, 3, 3, 3, 3, 3, 3, 19, 19, 19, 19, 19, 19, 19, 19, 2, 2, 2, 2, 19, 20, 20, 20, 20, 20, 20, 20, 20, 20, 20, 19, 20, 8, 8, 8, 8, 8, 8, 19, 19, 19, 19, 19, 19, 19, 19, 19, 19, 19, 19, 19, 19, 19, 19, 19, 2, 2, 4, 4, 20, 20, 20, 20, 19, 20, 20, 20, 20, 20, 20, 20, 8, 8, 8, 19, 8, 8, 19, 19, 16, 16, 16, 16, 16, 16, 16, 16, 16, 16, 15, 15, 16, 15, 15, 15, 15, 15, 15, 15, 15, 20, 20, 16, 20, 20, 20, 20, 20, 20, 20, 20, 20, 20, 16, 20, 20, 15, 15, 15, 15, 15, 15, 15, 15, 16, 15, 15, 4, 4, 4, 4, 4, 15, 16, 16, 16, 16, 16, 16, 16, 16, 16, 16, 16, 16, 16, 16, 16, 16, 16, 16, 9, 9, 9, 9, 9, 9, 9, 9, 9, 9, 9, 9, 9, 9, 9, 9, 9, 9, 9, 9, 9, 9, 9, 9, 9, 9, 9, 9, 9, 9, 9, 9, 9, 9, 9, 9, 9, 9, 9, 9, 9, 9, 9, 9, 9, 9, 9, 9, 9, 9, 9, 9, 9, 9, 9, 9, 9, 9, 9, 9, 9, 9, 9, 9, 9, 9, 9, 9, 9, 9, 9, 9, 16, 16, 16, 16, 18, 16, 1, 1, 12, 12, 12, 12, 16, 12, 12, 11, 11, 20, 20, 20, 20, 20, 20, 16, 20, 20, 20, 20, 20, 20, 20, 20, 20, 20, 16, 20, 20, 20, 20, 20, 20, 2, 2, 2, 5, 16, 5, 12, 12, 12, 12, 12, 12, 18, 12, 12, 16, 16, 16, 16, 16, 16, 16, 16, 16, 16, 16, 16, 16, 16, 16, 16, 8, 19, 19, 19, 19, 19, 19, 19, 20, 4, 20, 20, 19, 20, 20, 20, 20, 20, 20, 20, 20, 20, 20, 19, 8, 8, 8, 8, 8, 8, 19, 19, 19, 19, 19, 19, 19, 19, 19, 19, 19, 19, 19, 19, 19, 19, 19, 19, 8, 2, 2, 20, 20, 20, 20, 20, 19, 20, 20, 20, 20, 20, 20, 20, 8, 8, 8, 19, 8, 8, 19, 19, 17, 17, 12, 12, 12, 12, 17, 17, 17, 17, 17, 17, 17, 17, 17, 17, 17, 17, 17, 17, 17, 17, 17, 17, 17, 17, 17, 17, 17, 17, 17, 17, 17, 17, 17, 17, 17, 17, 17, 17, 17, 17, 17, 17, 17, 17, 17, 17, 17, 17, 12, 17, 17, 17, 17, 17, 17, 17, 17, 17, 17, 17, 17, 17, 17, 17, 17, 17, 17, 17, 12, 12, 14, 14, 14, 14, 14, 14, 14, 18, 18, 18, 18, 18, 14, 20, 20, 20, 20, 20, 20, 20, 20, 20, 20, 14, 14, 14, 14, 14, 14, 14, 14, 14, 14, 14, 14, 14, 14, 14, 14, 14, 14, 14, 14, 14, 14, 14, 14, 18, 11, 11, 11, 18, 20, 20, 20, 20, 14, 20, 20, 20, 20, 20, 20, 20, 14, 14, 14, 14, 14, 14, 14, 14, 19, 19, 19, 19, 19, 19, 19, 16, 16, 4, 4, 20, 19, 20, 20, 20, 20, 20, 20, 20, 20, 20, 20, 19, 20, 8, 8, 8, 8, 8, 8, 19, 19, 19, 19, 19, 19, 19, 19, 19, 19, 19, 19, 19, 19, 19, 19, 19, 19, 4, 4, 20, 20, 20, 20, 20, 19, 20, 20, 20, 20, 20, 20, 20, 20, 8, 8, 19, 8, 8, 19, 19, 18, 18, 11, 11, 11, 11, 11, 11, 11, 11, 11, 11, 18, 11, 11, 11, 11, 11, 11, 11, 11, 11, 11, 18, 11, 11, 11, 11, 11, 11, 11, 11, 11, 11, 11, 11, 11, 11, 11, 18, 18, 18, 18, 18, 18, 11, 18, 18, 18, 18, 18, 18, 18, 18, 18, 18, 11, 18, 18, 18, 18, 18, 18, 18, 18, 18, 18, 11, 18, 18, 11, 11, 12, 12, 12, 12, 12, 12, 12, 12, 12, 12, 12, 12, 12, 12, 12, 12, 12, 12, 12, 12, 12, 12, 12, 12, 12, 12, 12, 12, 12, 12, 12, 12, 12, 12, 12, 12, 12, 12, 12, 12, 12, 12, 12, 12, 12, 12, 12, 12, 12, 12, 12, 12, 12, 12, 12, 12, 12, 12, 12, 12, 12, 12, 12, 12, 12, 12, 12, 12, 12, 12, 12, 12, 14, 14, 14, 14, 14, 14, 18, 18, 18, 18, 18, 18, 14, 18, 20, 20, 20, 20, 20, 20, 20, 20, 20, 14, 20, 20, 20, 14, 14, 14, 14, 14, 14, 14, 14, 14, 14, 14, 14, 14, 14, 14, 14, 14, 14, 14, 18, 18, 18, 18, 18, 18, 18, 4, 20, 20, 14, 20, 20, 20, 20, 20, 20, 20, 20, 14, 14, 14, 14, 14, 14, 14]}