{"center": [449, 363, 625, 174, 351, 101, 558, 681, 841, 1255, 1356, 265, 1268, 676, 1046, 50, 848, 304, 672, 657], "davies_bouldin": 2.1028105677533624, "calinski_harabasz": 96.07114293211131, "silhouette_coefficient": 0.14610536982681224, "cluster_acc": 0.6583333333333333, "rand_index": 0.9529186935371786, "adjusted_rand_index": 0.5591449148203409, "mutual_info": 2.272224008381473, "normalized_mutual_info": 0.7794453429617245, "adjusted_mutual_info": 0.7690509935098998, "homogeneity": 0.758487007814559, "completeness": 0.8015948231542815, "v_measure": 0.7794453429617245, "h_c_v_m": [0.758487007814559, 0.8015948231542815, 0.7794453429617245], "fowlkes_mallows_index": 0.5884621356729547, "label": [16, 16, 16, 16, 16, 16, 16, 16, 16, 16, 16, 16, 16, 16, 16, 16, 16, 16, 16, 16, 16, 16, 16, 16, 16, 16, 16, 16, 2, 2, 2, 2, 2, 2, 16, 2, 16, 16, 16, 16, 16, 16, 16, 16, 16, 16, 16, 16, 16, 16, 16, 16, 16, 16, 16, 16, 16, 16, 16, 16, 16, 16, 16, 16, 16, 16, 16, 16, 16, 16, 16, 16, 6, 6, 6, 6, 6, 6, 6, 11, 11, 11, 11, 11, 6, 11, 11, 11, 11, 6, 6, 6, 6, 6, 6, 6, 6, 6, 6, 6, 6, 6, 6, 6, 6, 6, 6, 6, 6, 6, 6, 6, 6, 6, 6, 6, 6, 6, 11, 11, 11, 11, 11, 11, 11, 11, 11, 4, 6, 6, 6, 6, 6, 6, 6, 6, 6, 6, 6, 6, 6, 6, 6, 6, 4, 4, 4, 4, 4, 4, 4, 4, 4, 4, 4, 4, 4, 4, 4, 4, 4, 4, 4, 4, 4, 4, 4, 4, 4, 4, 4, 4, 4, 4, 4, 4, 4, 4, 4, 4, 4, 4, 4, 4, 4, 4, 4, 4, 4, 4, 4, 4, 4, 4, 4, 4, 4, 4, 4, 4, 4, 4, 4, 4, 4, 4, 4, 4, 4, 4, 4, 4, 4, 4, 4, 4, 12, 12, 12, 12, 12, 12, 12, 12, 12, 12, 12, 12, 12, 12, 12, 12, 12, 12, 12, 12, 12, 12, 12, 12, 12, 12, 12, 12, 12, 12, 12, 12, 12, 12, 12, 12, 12, 12, 12, 12, 12, 12, 12, 12, 12, 12, 12, 12, 12, 12, 12, 12, 12, 12, 12, 12, 12, 12, 12, 12, 12, 12, 12, 12, 12, 12, 12, 12, 12, 12, 12, 12, 5, 5, 18, 18, 5, 5, 5, 5, 5, 5, 5, 5, 18, 18, 18, 18, 18, 18, 18, 18, 18, 18, 18, 18, 18, 5, 5, 5, 5, 5, 5, 5, 18, 18, 18, 18, 18, 18, 18, 18, 18, 18, 18, 18, 5, 18, 5, 5, 5, 5, 5, 5, 5, 18, 18, 18, 18, 18, 18, 18, 18, 18, 18, 18, 5, 5, 5, 18, 5, 5, 18, 18, 2, 2, 2, 2, 2, 2, 2, 2, 2, 2, 2, 2, 2, 2, 2, 2, 2, 2, 2, 2, 2, 2, 2, 2, 2, 2, 2, 2, 2, 2, 2, 2, 2, 2, 2, 2, 2, 2, 2, 2, 2, 2, 2, 2, 2, 2, 2, 2, 2, 2, 2, 2, 2, 2, 2, 2, 2, 2, 2, 2, 2, 2, 2, 2, 2, 2, 2, 2, 2, 2, 2, 2, 1, 1, 1, 1, 1, 1, 1, 1, 1, 1, 1, 1, 1, 1, 1, 1, 1, 1, 1, 1, 1, 1, 1, 1, 1, 1, 1, 1, 1, 1, 1, 1, 1, 1, 1, 1, 1, 1, 1, 1, 1, 1, 1, 1, 1, 1, 1, 1, 1, 1, 1, 1, 1, 1, 1, 1, 1, 1, 1, 1, 1, 1, 1, 1, 1, 1, 1, 1, 1, 1, 1, 1, 7, 7, 7, 7, 7, 7, 7, 7, 7, 7, 7, 7, 7, 7, 7, 7, 7, 7, 7, 7, 7, 7, 7, 7, 7, 7, 7, 7, 7, 7, 7, 7, 7, 7, 7, 7, 7, 7, 7, 7, 7, 7, 7, 7, 7, 7, 7, 7, 7, 7, 7, 7, 7, 7, 7, 7, 7, 7, 7, 7, 7, 7, 7, 7, 7, 7, 7, 7, 7, 7, 7, 7, 3, 3, 3, 3, 3, 3, 3, 3, 3, 3, 3, 3, 3, 3, 3, 3, 3, 3, 3, 3, 3, 3, 3, 3, 3, 3, 3, 3, 3, 3, 3, 3, 3, 3, 3, 3, 3, 3, 3, 3, 3, 3, 3, 3, 3, 3, 3, 3, 3, 3, 3, 3, 3, 3, 3, 3, 3, 3, 3, 3, 3, 3, 3, 3, 3, 3, 3, 3, 3, 3, 3, 3, 14, 8, 8, 8, 8, 8, 8, 8, 2, 2, 2, 2, 8, 19, 19, 19, 19, 19, 19, 14, 14, 14, 14, 8, 14, 14, 14, 14, 14, 14, 14, 14, 8, 8, 8, 8, 8, 8, 8, 8, 8, 8, 8, 8, 8, 8, 8, 8, 2, 2, 2, 20, 19, 19, 19, 19, 8, 19, 14, 14, 14, 14, 14, 14, 14, 14, 14, 8, 14, 14, 8, 8, 10, 10, 10, 10, 10, 10, 10, 10, 10, 10, 10, 10, 10, 10, 10, 10, 10, 10, 10, 10, 10, 10, 19, 10, 19, 19, 19, 19, 19, 19, 19, 19, 19, 19, 10, 19, 19, 10, 10, 10, 10, 10, 10, 10, 10, 10, 10, 10, 18, 10, 10, 10, 10, 10, 10, 10, 10, 10, 10, 10, 10, 10, 10, 10, 10, 10, 10, 10, 10, 10, 10, 10, 9, 9, 17, 17, 17, 17, 17, 17, 17, 9, 9, 9, 9, 9, 9, 9, 9, 9, 9, 9, 9, 9, 9, 9, 9, 9, 9, 9, 9, 9, 9, 9, 9, 9, 9, 9, 9, 9, 9, 9, 9, 9, 9, 9, 9, 17, 9, 9, 9, 9, 9, 9, 9, 9, 9, 9, 17, 9, 9, 9, 9, 9, 9, 9, 17, 9, 9, 17, 9, 9, 17, 17, 10, 10, 10, 13, 13, 11, 1, 1, 1, 1, 1, 1, 10, 1, 1, 10, 10, 10, 10, 19, 19, 19, 19, 10, 19, 19, 19, 19, 19, 19, 19, 19, 19, 19, 10, 19, 19, 19, 19, 19, 19, 2, 2, 11, 4, 10, 4, 11, 11, 11, 11, 11, 11, 11, 11, 2, 10, 10, 10, 10, 10, 10, 10, 10, 10, 10, 10, 10, 10, 10, 10, 10, 14, 14, 8, 8, 8, 8, 8, 8, 19, 2, 19, 3, 8, 14, 19, 14, 14, 14, 14, 14, 14, 14, 14, 8, 14, 14, 14, 14, 14, 14, 14, 8, 8, 8, 8, 8, 8, 8, 8, 8, 8, 8, 8, 8, 8, 8, 8, 8, 8, 2, 2, 8, 14, 19, 14, 14, 8, 14, 14, 14, 14, 14, 14, 14, 14, 14, 14, 8, 14, 14, 8, 8, 15, 15, 11, 11, 11, 11, 11, 11, 11, 11, 15, 15, 15, 15, 15, 15, 15, 15, 15, 15, 15, 15, 15, 15, 15, 15, 15, 15, 15, 15, 15, 15, 15, 15, 15, 15, 15, 15, 15, 15, 11, 11, 11, 11, 11, 11, 11, 11, 11, 11, 11, 11, 11, 11, 11, 11, 11, 11, 15, 15, 15, 15, 15, 15, 15, 15, 15, 11, 15, 15, 11, 11, 8, 8, 8, 8, 8, 8, 8, 13, 13, 13, 13, 13, 8, 19, 19, 19, 19, 19, 19, 19, 19, 19, 19, 8, 8, 8, 8, 8, 8, 8, 8, 8, 8, 8, 8, 8, 8, 8, 8, 8, 8, 8, 8, 8, 8, 8, 8, 10, 10, 10, 10, 10, 19, 19, 19, 19, 8, 19, 19, 19, 19, 19, 19, 19, 19, 19, 19, 8, 19, 8, 8, 8, 14, 14, 8, 8, 8, 8, 8, 14, 10, 5, 8, 14, 8, 19, 19, 19, 14, 14, 14, 14, 14, 14, 14, 8, 14, 14, 14, 14, 14, 14, 14, 14, 8, 8, 8, 8, 8, 8, 8, 8, 8, 8, 8, 8, 8, 8, 8, 8, 8, 8, 8, 14, 19, 19, 14, 14, 8, 14, 14, 14, 14, 14, 14, 14, 14, 14, 14, 8, 14, 14, 8, 8, 13, 13, 10, 10, 10, 10, 10, 10, 10, 10, 10, 10, 10, 10, 10, 10, 10, 10, 10, 10, 10, 10, 10, 10, 10, 10, 10, 10, 10, 10, 10, 10, 10, 10, 10, 10, 10, 10, 10, 13, 13, 13, 13, 13, 13, 10, 13, 13, 13, 13, 13, 13, 13, 13, 13, 13, 10, 13, 13, 13, 13, 13, 13, 13, 13, 13, 13, 10, 13, 13, 10, 10, 11, 11, 11, 11, 11, 11, 11, 11, 11, 11, 11, 11, 11, 11, 11, 11, 11, 11, 11, 11, 11, 11, 11, 11, 11, 11, 11, 11, 11, 11, 11, 11, 11, 11, 11, 11, 11, 11, 11, 11, 11, 11, 11, 11, 11, 11, 11, 11, 11, 11, 11, 11, 11, 11, 11, 11, 11, 11, 11, 11, 11, 11, 11, 11, 11, 11, 11, 11, 11, 11, 11, 11, 8, 8, 8, 8, 8, 13, 13, 13, 13, 13, 13, 2, 8, 2, 2, 19, 19, 19, 19, 19, 19, 19, 19, 8, 19, 19, 8, 8, 8, 8, 8, 8, 8, 8, 8, 8, 8, 8, 8, 8, 8, 8, 8, 8, 8, 8, 13, 13, 13, 13, 13, 2, 2, 13, 19, 19, 8, 19, 19, 19, 19, 19, 19, 19, 19, 19, 8, 8, 8, 8, 8, 8]}