{"center": [449, 363, 625, 174, 351, 101, 1255, 681, 558, 54, 841, 1356, 265, 1268, 1109, 1046, 676, 768, 345, 859], "davies_bouldin": 1.973629855537946, "calinski_harabasz": 83.2398625118135, "silhouette_coefficient": 0.1264137069009191, "cluster_acc": 0.6513888888888889, "rand_index": 0.9404148328314416, "adjusted_rand_index": 0.5007139120506012, "mutual_info": 2.2020846245743484, "normalized_mutual_info": 0.7685906461399725, "adjusted_mutual_info": 0.757322532487767, "homogeneity": 0.7350739063080234, "completeness": 0.8053098957676816, "v_measure": 0.7685906461399726, "h_c_v_m": [0.7350739063080234, 0.8053098957676816, 0.7685906461399726], "fowlkes_mallows_index": 0.5445584758228288, "label": [10, 10, 10, 10, 10, 10, 10, 10, 10, 10, 10, 10, 10, 10, 10, 10, 10, 10, 10, 10, 10, 10, 10, 10, 10, 10, 10, 10, 10, 10, 10, 10, 10, 10, 10, 10, 10, 10, 10, 10, 10, 10, 10, 10, 10, 10, 10, 10, 10, 10, 10, 10, 10, 10, 10, 10, 10, 10, 10, 10, 10, 10, 10, 10, 10, 10, 10, 10, 10, 10, 10, 10, 6, 6, 6, 6, 6, 6, 6, 12, 12, 12, 12, 12, 6, 12, 12, 12, 6, 6, 6, 6, 6, 6, 6, 6, 6, 6, 6, 6, 6, 6, 6, 6, 6, 6, 6, 6, 6, 6, 6, 6, 6, 6, 6, 6, 6, 6, 12, 12, 12, 12, 12, 12, 12, 12, 12, 4, 6, 6, 6, 6, 6, 6, 6, 6, 6, 6, 6, 6, 6, 6, 6, 6, 4, 4, 4, 4, 4, 4, 4, 4, 4, 4, 4, 4, 4, 4, 4, 4, 4, 4, 4, 4, 4, 4, 4, 4, 4, 4, 4, 4, 4, 4, 4, 4, 4, 4, 4, 4, 4, 4, 4, 4, 4, 4, 4, 4, 4, 4, 4, 4, 4, 4, 4, 4, 4, 4, 4, 4, 4, 4, 4, 4, 4, 4, 4, 4, 4, 4, 4, 4, 4, 4, 4, 4, 13, 13, 13, 13, 13, 13, 13, 13, 13, 13, 13, 13, 13, 13, 13, 13, 13, 13, 13, 13, 13, 13, 13, 13, 13, 13, 13, 13, 13, 13, 13, 13, 13, 13, 13, 13, 13, 13, 13, 13, 13, 13, 13, 13, 13, 13, 13, 13, 13, 13, 13, 13, 13, 13, 13, 13, 13, 13, 13, 13, 13, 13, 13, 13, 13, 13, 13, 13, 13, 13, 13, 13, 19, 19, 19, 19, 19, 19, 19, 5, 5, 5, 19, 19, 19, 19, 19, 19, 19, 19, 19, 19, 19, 19, 19, 19, 19, 19, 19, 5, 5, 5, 5, 19, 19, 19, 19, 19, 19, 19, 19, 19, 19, 19, 19, 19, 19, 19, 19, 5, 5, 5, 5, 5, 19, 19, 19, 19, 19, 19, 19, 19, 19, 19, 19, 19, 19, 19, 5, 19, 5, 5, 19, 19, 2, 2, 2, 2, 2, 2, 2, 2, 2, 2, 2, 2, 2, 2, 2, 2, 2, 2, 2, 2, 2, 2, 2, 2, 2, 2, 2, 2, 2, 2, 2, 2, 2, 2, 2, 2, 2, 2, 2, 2, 2, 2, 2, 2, 2, 2, 2, 2, 2, 2, 2, 2, 2, 2, 2, 2, 2, 2, 2, 2, 2, 2, 2, 2, 2, 2, 2, 2, 2, 2, 2, 2, 1, 1, 1, 1, 1, 1, 1, 1, 1, 1, 1, 1, 1, 1, 1, 1, 1, 1, 1, 1, 1, 1, 1, 1, 1, 1, 1, 1, 1, 1, 1, 1, 1, 1, 1, 1, 1, 1, 1, 1, 1, 1, 1, 1, 1, 1, 1, 1, 1, 1, 1, 1, 1, 1, 1, 1, 1, 1, 1, 1, 1, 1, 1, 1, 1, 1, 1, 1, 1, 1, 1, 1, 9, 9, 9, 9, 9, 9, 9, 9, 9, 9, 9, 9, 9, 9, 9, 9, 9, 9, 9, 9, 9, 9, 9, 9, 9, 9, 9, 9, 9, 9, 9, 9, 9, 9, 9, 9, 9, 9, 9, 9, 9, 9, 9, 9, 9, 9, 9, 9, 9, 9, 9, 9, 9, 9, 9, 9, 9, 9, 9, 9, 9, 9, 9, 9, 9, 9, 9, 9, 9, 9, 9, 9, 3, 3, 3, 3, 3, 3, 3, 3, 3, 3, 3, 3, 3, 3, 3, 3, 3, 3, 3, 3, 3, 3, 3, 3, 3, 3, 3, 3, 3, 3, 3, 3, 3, 3, 3, 3, 3, 3, 3, 3, 3, 3, 3, 3, 3, 3, 3, 3, 3, 3, 3, 3, 3, 3, 3, 3, 3, 3, 3, 3, 3, 3, 3, 3, 3, 3, 3, 3, 3, 3, 3, 3, 17, 8, 8, 8, 8, 8, 8, 8, 2, 2, 2, 2, 8, 17, 17, 17, 17, 17, 17, 17, 17, 17, 17, 8, 17, 17, 17, 17, 17, 17, 17, 17, 8, 8, 8, 8, 8, 8, 8, 8, 8, 8, 8, 8, 8, 8, 8, 8, 2, 2, 2, 2, 17, 17, 17, 17, 8, 17, 17, 17, 17, 17, 17, 17, 17, 17, 17, 8, 17, 17, 8, 8, 8, 8, 8, 8, 8, 14, 14, 14, 19, 19, 19, 19, 8, 19, 17, 17, 17, 17, 17, 17, 17, 17, 17, 8, 17, 17, 17, 17, 17, 17, 17, 17, 17, 17, 8, 17, 17, 17, 17, 17, 17, 17, 17, 18, 18, 8, 18, 18, 18, 18, 18, 18, 18, 18, 19, 18, 8, 8, 8, 8, 8, 8, 8, 8, 8, 8, 8, 8, 8, 8, 8, 8, 11, 11, 20, 20, 20, 20, 20, 20, 20, 11, 11, 11, 11, 11, 11, 11, 11, 11, 11, 11, 11, 11, 11, 11, 11, 11, 11, 11, 11, 11, 11, 11, 11, 11, 20, 11, 11, 11, 11, 11, 11, 11, 11, 11, 11, 20, 11, 11, 11, 11, 11, 11, 11, 11, 11, 11, 20, 11, 11, 11, 11, 11, 11, 11, 20, 11, 11, 20, 11, 11, 20, 20, 8, 8, 8, 14, 14, 12, 1, 1, 1, 12, 1, 1, 8, 1, 1, 12, 7, 17, 17, 17, 17, 17, 17, 8, 17, 17, 17, 17, 17, 17, 17, 17, 17, 17, 8, 17, 17, 17, 17, 17, 17, 17, 2, 2, 4, 8, 4, 12, 12, 12, 12, 12, 12, 12, 12, 12, 8, 8, 8, 8, 8, 8, 8, 8, 8, 8, 8, 8, 8, 8, 8, 8, 17, 17, 8, 8, 8, 8, 8, 8, 17, 17, 17, 17, 8, 17, 17, 17, 17, 17, 17, 17, 17, 17, 17, 8, 17, 17, 17, 17, 17, 17, 17, 8, 8, 8, 8, 8, 8, 8, 8, 8, 8, 8, 8, 8, 8, 8, 8, 8, 8, 2, 2, 17, 17, 17, 17, 17, 8, 17, 17, 17, 17, 17, 17, 17, 17, 17, 17, 8, 17, 17, 8, 8, 16, 16, 12, 12, 12, 12, 12, 12, 16, 16, 16, 16, 16, 16, 16, 16, 16, 16, 16, 16, 16, 16, 16, 16, 16, 16, 16, 16, 16, 16, 16, 16, 16, 16, 16, 16, 16, 16, 16, 16, 16, 12, 12, 12, 16, 16, 16, 12, 12, 12, 12, 12, 12, 12, 12, 12, 16, 16, 16, 16, 16, 16, 16, 16, 16, 16, 16, 16, 16, 16, 12, 12, 8, 8, 8, 8, 8, 8, 8, 8, 14, 14, 14, 14, 8, 17, 17, 17, 17, 17, 17, 17, 17, 17, 17, 8, 17, 17, 15, 15, 15, 8, 8, 8, 8, 8, 8, 8, 8, 8, 8, 8, 8, 8, 8, 8, 8, 8, 8, 7, 7, 7, 7, 17, 17, 17, 17, 17, 8, 17, 17, 17, 17, 17, 17, 17, 17, 17, 17, 8, 17, 8, 8, 8, 17, 17, 8, 8, 8, 8, 8, 8, 8, 8, 8, 17, 8, 17, 17, 17, 17, 17, 17, 17, 17, 17, 17, 8, 17, 17, 17, 17, 17, 17, 17, 17, 8, 8, 8, 8, 8, 8, 8, 8, 8, 8, 8, 8, 8, 8, 8, 8, 8, 8, 8, 17, 17, 17, 17, 17, 8, 17, 17, 17, 17, 17, 17, 17, 17, 17, 17, 8, 17, 17, 8, 8, 14, 14, 14, 7, 7, 7, 7, 7, 7, 7, 7, 7, 14, 7, 7, 7, 7, 7, 7, 7, 7, 7, 7, 14, 7, 7, 7, 7, 7, 7, 7, 7, 7, 7, 14, 7, 14, 14, 14, 14, 14, 14, 14, 14, 14, 14, 14, 14, 14, 14, 14, 14, 14, 14, 14, 14, 14, 14, 14, 14, 14, 14, 14, 14, 14, 14, 14, 14, 14, 14, 14, 14, 12, 12, 12, 12, 12, 12, 12, 12, 12, 12, 12, 12, 12, 12, 12, 12, 12, 12, 12, 12, 12, 12, 12, 12, 12, 12, 12, 12, 12, 12, 12, 12, 12, 12, 12, 12, 12, 12, 12, 12, 12, 12, 12, 12, 12, 12, 12, 12, 12, 12, 12, 12, 12, 12, 12, 12, 12, 12, 12, 12, 12, 12, 12, 12, 12, 12, 12, 12, 12, 12, 12, 12, 8, 8, 8, 8, 8, 8, 7, 7, 14, 7, 7, 7, 8, 7, 17, 17, 17, 17, 17, 17, 17, 17, 17, 8, 17, 17, 8, 8, 8, 8, 8, 8, 8, 8, 8, 8, 8, 8, 8, 8, 8, 8, 8, 8, 8, 8, 7, 7, 14, 7, 7, 2, 7, 17, 17, 17, 8, 17, 17, 17, 17, 17, 17, 17, 17, 17, 8, 8, 8, 8, 8, 8]}