{"center": [449, 620, 548, 183, 346, 265, 1277, 288, 681, 108, 363, 670, 47, 826, 1357, 744, 1250, 1043, 765, 1111], "davies_bouldin": 1.920273582587527, "calinski_harabasz": 106.70104520180395, "silhouette_coefficient": 0.18127776870001788, "cluster_acc": 0.7166666666666667, "rand_index": 0.9631524592695545, "adjusted_rand_index": 0.6407211294401782, "mutual_info": 2.4725678615512168, "normalized_mutual_info": 0.8378395175957655, "adjusted_mutual_info": 0.8299315556648609, "homogeneity": 0.8253634289615214, "completeness": 0.8506985689848406, "v_measure": 0.8378395175957655, "h_c_v_m": [0.8253634289615214, 0.8506985689848406, 0.8378395175957655], "fowlkes_mallows_index": 0.6626983729188061, "label": [13, 13, 13, 13, 13, 13, 13, 13, 13, 13, 13, 13, 13, 13, 13, 13, 13, 13, 13, 13, 13, 13, 13, 13, 13, 13, 13, 13, 13, 13, 13, 13, 13, 13, 13, 13, 13, 13, 13, 13, 13, 13, 13, 13, 13, 13, 13, 13, 13, 13, 13, 13, 13, 13, 13, 13, 13, 13, 13, 13, 13, 13, 13, 13, 13, 13, 13, 13, 13, 13, 13, 13, 10, 10, 10, 10, 10, 10, 10, 15, 15, 15, 15, 15, 10, 15, 15, 15, 15, 10, 10, 10, 10, 10, 10, 10, 10, 10, 10, 10, 10, 10, 10, 10, 10, 10, 10, 10, 10, 10, 10, 10, 10, 10, 10, 10, 10, 10, 15, 15, 15, 15, 15, 15, 15, 15, 15, 10, 10, 10, 10, 10, 10, 10, 10, 10, 10, 10, 10, 10, 10, 10, 10, 10, 4, 4, 4, 4, 4, 4, 4, 4, 4, 4, 4, 4, 4, 4, 4, 4, 4, 4, 4, 4, 4, 4, 4, 4, 4, 4, 4, 4, 4, 4, 4, 4, 4, 4, 4, 4, 4, 4, 4, 4, 4, 4, 4, 4, 4, 4, 4, 4, 4, 4, 4, 4, 4, 4, 4, 4, 4, 4, 4, 4, 4, 4, 4, 4, 4, 4, 4, 4, 4, 4, 4, 4, 6, 6, 6, 6, 6, 6, 6, 6, 6, 6, 6, 6, 6, 6, 6, 6, 6, 6, 6, 6, 6, 6, 6, 6, 6, 6, 6, 6, 6, 6, 6, 6, 6, 6, 6, 6, 6, 6, 6, 6, 6, 6, 6, 6, 6, 6, 6, 6, 6, 6, 6, 6, 6, 6, 6, 6, 6, 6, 6, 6, 6, 6, 6, 6, 6, 6, 6, 6, 6, 6, 6, 6, 8, 8, 5, 5, 5, 5, 8, 8, 8, 8, 8, 8, 8, 8, 5, 5, 5, 5, 5, 5, 5, 5, 5, 5, 5, 5, 8, 8, 8, 8, 8, 8, 8, 5, 5, 5, 5, 5, 5, 5, 5, 5, 5, 5, 5, 5, 8, 8, 8, 8, 8, 8, 8, 8, 5, 5, 5, 5, 5, 5, 5, 5, 5, 5, 5, 5, 8, 5, 8, 8, 5, 5, 11, 11, 11, 11, 11, 11, 11, 11, 11, 11, 11, 11, 11, 11, 11, 11, 11, 11, 11, 11, 11, 11, 11, 11, 11, 11, 11, 11, 11, 11, 11, 11, 11, 11, 11, 11, 11, 11, 11, 11, 11, 11, 11, 11, 11, 11, 11, 11, 11, 11, 11, 11, 11, 11, 11, 11, 11, 11, 11, 11, 11, 11, 11, 11, 11, 11, 11, 11, 11, 11, 11, 11, 1, 1, 1, 1, 1, 1, 1, 1, 1, 1, 1, 1, 1, 1, 1, 1, 1, 1, 1, 1, 1, 1, 1, 1, 1, 1, 1, 1, 1, 1, 1, 1, 1, 1, 1, 1, 1, 1, 1, 1, 1, 1, 1, 1, 1, 1, 1, 1, 1, 1, 1, 1, 1, 1, 1, 1, 1, 1, 1, 1, 1, 1, 1, 1, 1, 1, 1, 1, 1, 1, 1, 1, 3, 3, 3, 3, 3, 3, 3, 3, 3, 3, 3, 3, 3, 3, 3, 3, 3, 3, 3, 3, 3, 3, 3, 3, 3, 3, 3, 3, 3, 3, 3, 3, 3, 3, 3, 3, 3, 3, 3, 3, 3, 3, 3, 3, 3, 3, 3, 3, 3, 3, 3, 3, 3, 3, 3, 3, 3, 3, 3, 3, 3, 3, 3, 3, 3, 3, 3, 3, 3, 3, 3, 3, 2, 2, 2, 2, 2, 2, 2, 2, 2, 2, 2, 2, 2, 2, 2, 2, 2, 2, 2, 2, 2, 2, 2, 2, 2, 2, 2, 2, 2, 2, 2, 2, 2, 2, 2, 2, 2, 2, 2, 2, 2, 2, 2, 2, 2, 2, 2, 2, 2, 2, 2, 2, 2, 2, 2, 2, 2, 2, 2, 2, 2, 2, 2, 2, 2, 2, 2, 2, 2, 2, 2, 2, 9, 9, 9, 9, 9, 9, 9, 9, 9, 11, 11, 11, 9, 12, 12, 12, 12, 12, 12, 12, 12, 12, 12, 9, 12, 12, 12, 12, 12, 12, 12, 9, 9, 9, 9, 9, 9, 9, 9, 9, 9, 9, 9, 9, 9, 9, 9, 9, 11, 8, 8, 11, 12, 12, 12, 12, 9, 12, 12, 12, 12, 12, 12, 12, 12, 12, 12, 9, 12, 12, 9, 9, 19, 19, 19, 19, 19, 19, 19, 19, 19, 19, 16, 16, 19, 16, 16, 16, 16, 16, 16, 16, 16, 16, 16, 19, 16, 16, 16, 16, 16, 16, 16, 16, 16, 16, 19, 16, 16, 16, 16, 16, 16, 16, 16, 16, 16, 19, 16, 16, 19, 19, 19, 19, 19, 19, 19, 19, 19, 19, 19, 19, 19, 19, 19, 19, 19, 19, 19, 19, 19, 19, 19, 19, 14, 14, 14, 14, 14, 14, 14, 14, 14, 14, 14, 14, 14, 14, 14, 14, 14, 14, 14, 14, 14, 14, 14, 14, 14, 14, 14, 14, 14, 14, 14, 14, 14, 14, 14, 14, 14, 14, 14, 14, 14, 14, 14, 14, 14, 14, 14, 14, 14, 14, 14, 14, 14, 14, 14, 14, 14, 14, 14, 14, 14, 14, 14, 14, 14, 14, 14, 14, 14, 14, 14, 14, 19, 19, 19, 19, 19, 7, 15, 15, 15, 15, 15, 15, 19, 15, 15, 15, 16, 16, 16, 16, 16, 16, 16, 19, 16, 16, 16, 16, 16, 16, 16, 16, 16, 16, 19, 16, 16, 16, 16, 16, 16, 16, 16, 15, 15, 19, 15, 15, 15, 15, 15, 18, 7, 7, 15, 19, 19, 19, 19, 19, 19, 19, 19, 19, 19, 19, 19, 19, 19, 19, 19, 19, 12, 9, 9, 9, 9, 9, 9, 9, 9, 12, 12, 12, 9, 12, 12, 12, 12, 12, 12, 12, 12, 12, 12, 9, 12, 12, 12, 12, 12, 12, 9, 9, 9, 9, 9, 9, 9, 9, 9, 9, 9, 9, 9, 9, 9, 9, 9, 9, 9, 9, 12, 12, 12, 12, 12, 12, 9, 12, 12, 12, 12, 12, 12, 12, 12, 12, 12, 9, 12, 12, 9, 9, 18, 18, 18, 18, 18, 18, 18, 18, 18, 18, 18, 18, 18, 18, 18, 18, 18, 18, 18, 18, 18, 18, 18, 18, 18, 18, 18, 18, 18, 18, 18, 18, 18, 18, 18, 18, 18, 18, 18, 18, 18, 18, 18, 18, 18, 18, 18, 18, 18, 18, 18, 18, 18, 18, 18, 18, 18, 18, 18, 18, 18, 18, 18, 18, 18, 18, 18, 18, 18, 18, 18, 18, 20, 20, 9, 9, 9, 9, 9, 9, 7, 7, 7, 7, 20, 12, 12, 12, 12, 12, 12, 12, 12, 12, 20, 20, 20, 20, 20, 20, 20, 20, 20, 20, 20, 20, 20, 20, 20, 20, 20, 20, 9, 9, 9, 9, 9, 20, 9, 9, 7, 17, 17, 7, 12, 12, 12, 12, 20, 12, 12, 12, 12, 20, 20, 20, 20, 20, 20, 20, 20, 20, 9, 9, 12, 9, 9, 9, 9, 9, 9, 9, 9, 9, 9, 12, 9, 12, 12, 12, 12, 12, 12, 12, 12, 12, 12, 9, 12, 12, 12, 12, 12, 12, 12, 9, 9, 9, 9, 9, 9, 9, 9, 9, 9, 9, 9, 9, 9, 9, 9, 9, 9, 8, 8, 12, 12, 12, 12, 12, 9, 12, 12, 12, 12, 12, 12, 12, 12, 12, 12, 9, 12, 12, 9, 9, 7, 7, 7, 7, 7, 17, 17, 17, 17, 17, 17, 17, 7, 17, 17, 17, 17, 17, 17, 17, 17, 17, 17, 7, 17, 17, 17, 17, 17, 17, 17, 17, 17, 17, 7, 7, 7, 7, 7, 7, 7, 7, 7, 7, 7, 7, 7, 7, 7, 7, 7, 7, 7, 7, 7, 7, 7, 7, 7, 7, 7, 7, 7, 7, 7, 7, 7, 7, 7, 7, 7, 7, 15, 15, 15, 15, 15, 15, 15, 15, 15, 15, 15, 15, 15, 15, 15, 15, 15, 15, 15, 15, 15, 15, 15, 15, 15, 15, 15, 15, 15, 15, 15, 15, 15, 15, 15, 15, 15, 15, 15, 15, 15, 15, 15, 15, 15, 15, 15, 15, 15, 15, 15, 15, 15, 15, 15, 15, 15, 15, 15, 15, 15, 15, 15, 15, 15, 15, 15, 15, 15, 15, 15, 15, 9, 9, 9, 9, 9, 9, 9, 7, 7, 7, 7, 7, 9, 12, 12, 12, 12, 12, 12, 12, 12, 12, 12, 9, 12, 12, 12, 12, 12, 12, 12, 9, 9, 9, 9, 9, 9, 9, 9, 9, 9, 9, 9, 9, 9, 9, 9, 7, 7, 7, 7, 7, 12, 12, 12, 12, 9, 12, 12, 12, 12, 12, 12, 12, 12, 12, 12, 9, 12, 12, 9, 9]}