{"center": [449, 363, 625, 349, 173, 265, 548, 676, 108, 53, 826, 1250, 1357, 1108, 765, 1045, 1268, 681, 670, 838], "davies_bouldin": 1.9906461332157757, "calinski_harabasz": 95.02510512960943, "silhouette_coefficient": 0.14596114610267347, "cluster_acc": 0.6756944444444445, "rand_index": 0.9546376727665817, "adjusted_rand_index": 0.5810392063109414, "mutual_info": 2.328181455227944, "normalized_mutual_info": 0.7982767773060264, "adjusted_mutual_info": 0.7886317323189974, "homogeneity": 0.7771660624618844, "completeness": 0.8205664065845016, "v_measure": 0.7982767773060264, "h_c_v_m": [0.7771660624618844, 0.8205664065845016, 0.7982767773060264], "fowlkes_mallows_index": 0.6106036995287971, "label": [10, 10, 10, 10, 10, 10, 10, 10, 10, 10, 10, 10, 10, 10, 10, 10, 10, 10, 10, 10, 10, 10, 10, 10, 10, 10, 10, 10, 10, 10, 10, 10, 10, 10, 10, 10, 10, 10, 10, 10, 10, 10, 10, 10, 10, 10, 10, 10, 10, 10, 10, 10, 10, 10, 10, 10, 10, 10, 10, 10, 10, 10, 10, 10, 10, 10, 10, 10, 10, 10, 10, 10, 9, 9, 9, 9, 9, 9, 9, 13, 13, 13, 13, 13, 9, 13, 13, 10, 9, 9, 9, 9, 9, 9, 9, 9, 9, 9, 9, 9, 9, 9, 9, 9, 9, 9, 9, 9, 9, 9, 9, 9, 9, 9, 9, 9, 9, 9, 13, 13, 13, 13, 13, 13, 13, 13, 13, 13, 9, 9, 9, 9, 9, 9, 9, 9, 9, 9, 9, 9, 9, 9, 9, 9, 5, 5, 5, 5, 5, 5, 5, 5, 5, 5, 5, 5, 5, 5, 5, 5, 5, 5, 5, 5, 5, 5, 5, 5, 5, 5, 5, 5, 5, 5, 5, 5, 5, 5, 5, 5, 5, 5, 5, 5, 5, 5, 5, 5, 5, 5, 5, 5, 5, 5, 5, 5, 5, 5, 5, 5, 5, 5, 5, 5, 5, 5, 5, 5, 5, 5, 5, 5, 5, 5, 5, 5, 6, 6, 6, 6, 6, 6, 6, 6, 6, 6, 6, 6, 6, 6, 6, 6, 6, 6, 6, 6, 6, 6, 6, 6, 6, 6, 6, 6, 6, 6, 6, 6, 6, 6, 6, 6, 6, 6, 6, 6, 6, 6, 6, 6, 6, 6, 6, 6, 6, 6, 6, 6, 6, 6, 6, 6, 6, 6, 6, 6, 6, 6, 6, 6, 6, 6, 6, 6, 6, 6, 6, 6, 4, 4, 4, 4, 4, 4, 4, 4, 4, 4, 4, 4, 4, 4, 4, 4, 4, 4, 4, 4, 4, 4, 4, 4, 4, 4, 4, 4, 4, 4, 4, 4, 4, 4, 4, 4, 4, 4, 4, 4, 4, 4, 4, 4, 4, 4, 4, 4, 4, 4, 4, 4, 4, 4, 4, 4, 4, 4, 4, 4, 4, 4, 4, 4, 4, 4, 4, 4, 4, 4, 4, 4, 2, 2, 2, 2, 2, 2, 2, 2, 2, 2, 2, 2, 2, 2, 2, 2, 2, 2, 2, 2, 2, 2, 2, 2, 2, 2, 2, 2, 2, 2, 2, 2, 2, 2, 2, 2, 2, 2, 2, 2, 2, 2, 2, 2, 2, 2, 2, 2, 2, 2, 2, 2, 2, 2, 2, 2, 2, 2, 2, 2, 2, 2, 2, 2, 2, 2, 2, 2, 2, 2, 2, 2, 1, 1, 1, 1, 1, 1, 1, 1, 1, 1, 1, 1, 1, 1, 1, 1, 1, 1, 1, 1, 1, 1, 1, 1, 1, 1, 1, 1, 1, 1, 1, 1, 1, 1, 1, 1, 1, 1, 1, 1, 1, 1, 1, 1, 1, 1, 1, 1, 1, 1, 1, 1, 1, 1, 1, 1, 1, 1, 1, 1, 1, 1, 1, 1, 1, 1, 1, 1, 1, 1, 1, 1, 7, 7, 7, 7, 7, 7, 7, 7, 7, 7, 7, 7, 7, 7, 7, 7, 7, 7, 7, 7, 7, 7, 7, 7, 7, 7, 7, 7, 7, 7, 7, 7, 7, 7, 7, 7, 7, 7, 7, 7, 7, 7, 7, 7, 7, 7, 7, 7, 7, 7, 7, 7, 7, 7, 7, 7, 7, 7, 7, 7, 7, 7, 7, 7, 7, 7, 7, 7, 7, 7, 7, 7, 3, 3, 3, 3, 3, 3, 3, 3, 3, 3, 3, 3, 3, 3, 3, 3, 3, 3, 3, 3, 3, 3, 3, 3, 3, 3, 3, 3, 3, 3, 3, 3, 3, 3, 3, 3, 3, 3, 3, 3, 3, 3, 3, 3, 3, 3, 3, 3, 3, 3, 3, 3, 3, 3, 3, 3, 3, 3, 3, 3, 3, 3, 3, 3, 3, 3, 3, 3, 3, 3, 3, 3, 18, 18, 18, 18, 18, 18, 18, 18, 2, 2, 2, 2, 18, 19, 19, 19, 19, 19, 19, 19, 19, 19, 19, 18, 19, 8, 8, 8, 8, 8, 8, 18, 18, 18, 18, 18, 18, 18, 18, 18, 18, 18, 18, 18, 18, 18, 18, 18, 2, 4, 4, 4, 19, 19, 19, 19, 18, 19, 19, 19, 19, 19, 19, 19, 8, 8, 8, 18, 8, 8, 18, 18, 15, 15, 15, 15, 15, 15, 15, 15, 15, 15, 19, 19, 15, 19, 19, 19, 19, 19, 19, 19, 19, 19, 19, 15, 19, 19, 19, 19, 19, 19, 19, 19, 19, 19, 15, 19, 19, 19, 19, 19, 19, 19, 19, 19, 19, 15, 19, 19, 4, 4, 4, 4, 4, 19, 15, 15, 15, 15, 15, 15, 15, 15, 15, 15, 15, 15, 15, 15, 15, 15, 15, 15, 11, 11, 11, 11, 11, 11, 11, 11, 11, 11, 11, 11, 11, 11, 11, 11, 20, 20, 11, 20, 20, 20, 20, 11, 20, 20, 20, 20, 20, 20, 20, 20, 20, 20, 11, 20, 20, 20, 20, 20, 20, 20, 20, 20, 20, 11, 20, 20, 20, 20, 20, 20, 20, 20, 20, 20, 11, 20, 20, 20, 20, 20, 20, 20, 20, 20, 11, 11, 11, 11, 11, 11, 15, 15, 15, 15, 17, 15, 13, 1, 13, 13, 13, 13, 15, 13, 13, 13, 13, 19, 19, 19, 19, 19, 19, 15, 19, 19, 19, 19, 19, 19, 19, 19, 19, 19, 15, 19, 19, 19, 19, 19, 19, 19, 13, 13, 5, 15, 5, 13, 13, 13, 13, 13, 13, 17, 13, 13, 15, 15, 15, 15, 15, 15, 15, 15, 15, 15, 15, 15, 15, 15, 15, 15, 8, 18, 18, 18, 18, 18, 18, 18, 19, 4, 19, 19, 18, 19, 19, 19, 19, 19, 19, 19, 19, 19, 19, 18, 8, 8, 8, 8, 8, 18, 18, 18, 18, 18, 18, 18, 18, 18, 18, 18, 18, 18, 18, 18, 18, 18, 18, 18, 18, 2, 2, 19, 19, 19, 19, 19, 18, 19, 19, 19, 19, 19, 19, 19, 8, 8, 8, 18, 8, 8, 18, 18, 16, 16, 16, 16, 16, 16, 16, 16, 16, 16, 16, 16, 16, 16, 16, 16, 16, 16, 16, 16, 16, 16, 16, 16, 16, 16, 16, 16, 16, 16, 16, 16, 16, 16, 16, 16, 16, 16, 16, 16, 16, 16, 16, 16, 16, 16, 16, 16, 16, 16, 16, 16, 16, 16, 16, 16, 16, 16, 16, 16, 16, 16, 16, 16, 16, 16, 16, 16, 16, 16, 16, 16, 18, 18, 18, 18, 18, 18, 18, 17, 17, 17, 17, 17, 18, 19, 19, 19, 19, 19, 19, 19, 19, 19, 19, 18, 19, 19, 14, 18, 18, 18, 18, 18, 18, 18, 18, 18, 18, 18, 18, 18, 18, 18, 18, 18, 18, 18, 18, 18, 12, 12, 12, 17, 19, 19, 19, 19, 18, 19, 19, 19, 19, 19, 19, 19, 19, 19, 19, 18, 14, 18, 18, 18, 18, 18, 18, 18, 18, 18, 18, 18, 15, 4, 4, 19, 18, 19, 19, 19, 19, 19, 19, 19, 19, 19, 19, 18, 19, 19, 8, 8, 8, 8, 8, 18, 18, 18, 18, 18, 18, 18, 18, 18, 18, 18, 18, 18, 18, 18, 18, 18, 18, 4, 4, 19, 19, 19, 19, 19, 18, 19, 19, 19, 19, 19, 19, 19, 19, 8, 8, 18, 8, 8, 18, 18, 17, 17, 12, 12, 12, 12, 12, 12, 12, 12, 12, 12, 17, 12, 12, 12, 12, 12, 12, 12, 12, 12, 12, 17, 12, 12, 12, 12, 12, 12, 12, 12, 12, 12, 17, 12, 12, 12, 17, 17, 17, 17, 17, 17, 17, 17, 17, 17, 17, 17, 17, 17, 17, 17, 17, 17, 17, 17, 17, 17, 17, 17, 17, 17, 17, 17, 17, 12, 17, 17, 12, 12, 13, 13, 13, 13, 13, 13, 13, 13, 13, 13, 13, 13, 13, 13, 13, 13, 13, 13, 13, 13, 13, 13, 13, 13, 13, 13, 13, 13, 13, 13, 13, 13, 13, 13, 13, 13, 13, 13, 13, 13, 13, 13, 13, 13, 13, 13, 13, 13, 13, 13, 13, 13, 13, 13, 13, 13, 13, 13, 13, 13, 13, 13, 13, 13, 13, 13, 13, 13, 13, 13, 13, 13, 18, 18, 18, 18, 18, 18, 17, 17, 17, 17, 17, 17, 18, 17, 19, 19, 19, 19, 19, 19, 19, 19, 19, 18, 19, 19, 19, 18, 18, 18, 18, 18, 18, 18, 18, 18, 18, 18, 18, 18, 18, 18, 18, 18, 18, 18, 18, 17, 17, 17, 17, 17, 4, 4, 19, 19, 18, 19, 19, 19, 19, 19, 19, 19, 19, 18, 18, 18, 18, 18, 18, 18]}