{"center": [449, 363, 625, 349, 173, 101, 548, 676, 53, 826, 265, 1356, 1108, 1250, 1268, 737, 1045, 681, 670, 838], "davies_bouldin": 1.967909252068074, "calinski_harabasz": 109.66495527557123, "silhouette_coefficient": 0.17782029866325513, "cluster_acc": 0.7034722222222223, "rand_index": 0.9614981468612462, "adjusted_rand_index": 0.613348213177026, "mutual_info": 2.364166731452077, "normalized_mutual_info": 0.7983332388770644, "adjusted_mutual_info": 0.7885808570214483, "homogeneity": 0.7891782427697868, "completeness": 0.8077031361532055, "v_measure": 0.7983332388770643, "h_c_v_m": [0.7891782427697868, 0.8077031361532055, 0.7983332388770643], "fowlkes_mallows_index": 0.6347649608291658, "label": [9, 9, 9, 9, 9, 9, 9, 9, 9, 9, 9, 9, 9, 9, 9, 9, 9, 9, 9, 9, 9, 9, 9, 9, 9, 9, 9, 9, 9, 9, 2, 2, 2, 9, 9, 9, 9, 9, 9, 9, 9, 9, 9, 9, 9, 9, 9, 9, 9, 9, 9, 9, 9, 9, 9, 9, 9, 9, 9, 9, 9, 9, 9, 9, 9, 9, 9, 9, 9, 9, 9, 9, 6, 6, 6, 6, 6, 6, 6, 12, 12, 12, 12, 12, 6, 12, 12, 12, 12, 6, 6, 6, 6, 6, 6, 6, 6, 6, 6, 6, 6, 6, 6, 6, 6, 6, 6, 6, 6, 6, 6, 6, 6, 6, 6, 6, 6, 6, 12, 12, 12, 12, 12, 12, 12, 12, 12, 12, 6, 6, 6, 6, 6, 6, 6, 6, 6, 6, 6, 6, 6, 6, 6, 6, 5, 5, 5, 5, 5, 5, 5, 5, 5, 5, 5, 5, 5, 5, 5, 5, 5, 5, 5, 5, 5, 5, 5, 5, 5, 5, 5, 5, 5, 5, 5, 5, 5, 5, 5, 5, 5, 5, 5, 5, 5, 5, 5, 5, 5, 5, 5, 5, 5, 5, 5, 5, 5, 5, 5, 5, 5, 5, 5, 5, 5, 5, 5, 5, 5, 5, 5, 5, 5, 5, 5, 5, 11, 11, 11, 11, 11, 11, 11, 11, 11, 11, 11, 11, 11, 11, 11, 11, 11, 11, 11, 11, 11, 11, 11, 11, 11, 11, 11, 11, 11, 11, 11, 11, 11, 11, 11, 11, 11, 11, 11, 11, 11, 11, 11, 11, 11, 11, 11, 11, 11, 11, 11, 11, 11, 11, 11, 11, 11, 11, 11, 11, 11, 11, 11, 11, 11, 11, 11, 11, 11, 11, 11, 11, 4, 4, 4, 4, 4, 4, 4, 4, 4, 4, 4, 4, 4, 4, 4, 4, 4, 4, 4, 4, 4, 4, 4, 4, 4, 4, 4, 4, 4, 4, 4, 4, 4, 4, 4, 4, 4, 4, 4, 4, 4, 4, 4, 4, 4, 4, 4, 4, 4, 4, 4, 4, 4, 4, 4, 4, 4, 4, 4, 4, 4, 4, 4, 4, 4, 4, 4, 4, 4, 4, 4, 4, 2, 2, 2, 2, 2, 2, 2, 2, 2, 2, 2, 2, 2, 2, 2, 2, 2, 2, 2, 2, 2, 2, 2, 2, 2, 2, 2, 2, 2, 2, 2, 2, 2, 2, 2, 2, 2, 2, 2, 2, 2, 2, 2, 2, 2, 2, 2, 2, 2, 2, 2, 2, 2, 2, 2, 2, 2, 2, 2, 2, 2, 2, 2, 2, 2, 2, 2, 2, 2, 2, 2, 2, 1, 1, 1, 1, 1, 1, 1, 1, 1, 1, 1, 1, 1, 1, 1, 1, 1, 1, 1, 1, 1, 1, 1, 1, 1, 1, 1, 1, 1, 1, 1, 1, 1, 1, 1, 1, 1, 1, 1, 1, 1, 1, 1, 1, 1, 1, 1, 1, 1, 1, 1, 1, 1, 1, 1, 1, 1, 1, 1, 1, 1, 1, 1, 1, 1, 1, 1, 1, 1, 1, 1, 1, 7, 7, 7, 7, 7, 7, 7, 7, 7, 7, 7, 7, 7, 7, 7, 7, 7, 7, 7, 7, 7, 7, 7, 7, 7, 7, 7, 7, 7, 7, 7, 7, 7, 7, 7, 7, 7, 7, 7, 7, 7, 7, 7, 7, 7, 7, 7, 7, 7, 7, 7, 7, 7, 7, 7, 7, 7, 7, 7, 7, 7, 7, 7, 7, 7, 7, 7, 7, 7, 7, 7, 7, 3, 3, 3, 3, 3, 3, 3, 3, 3, 3, 3, 3, 3, 3, 3, 3, 3, 3, 3, 3, 3, 3, 3, 3, 3, 3, 3, 3, 3, 3, 3, 3, 3, 3, 3, 3, 3, 3, 3, 3, 3, 3, 3, 3, 3, 3, 3, 3, 3, 3, 3, 3, 3, 3, 3, 3, 3, 3, 3, 3, 3, 3, 3, 3, 3, 3, 3, 3, 3, 3, 3, 3, 8, 18, 18, 18, 18, 18, 18, 18, 2, 2, 2, 2, 18, 19, 19, 19, 19, 19, 19, 8, 8, 8, 8, 18, 8, 8, 8, 8, 8, 8, 8, 18, 18, 18, 18, 18, 18, 18, 18, 18, 18, 18, 18, 18, 18, 18, 18, 18, 2, 2, 4, 4, 19, 19, 19, 19, 18, 19, 19, 8, 8, 8, 8, 8, 8, 8, 8, 18, 8, 8, 18, 18, 15, 15, 15, 15, 15, 15, 15, 15, 15, 15, 16, 16, 15, 16, 16, 16, 16, 16, 16, 16, 16, 16, 19, 15, 19, 19, 19, 19, 19, 19, 19, 19, 19, 19, 15, 19, 19, 16, 16, 16, 16, 16, 16, 16, 16, 15, 16, 16, 4, 4, 4, 4, 4, 16, 15, 15, 15, 15, 15, 15, 15, 15, 15, 15, 15, 15, 15, 15, 15, 15, 15, 15, 10, 10, 10, 10, 10, 10, 10, 10, 10, 10, 10, 10, 10, 10, 10, 10, 20, 20, 20, 20, 20, 20, 20, 10, 20, 20, 20, 20, 20, 20, 20, 20, 20, 20, 10, 20, 20, 20, 20, 20, 20, 20, 20, 20, 20, 10, 20, 20, 20, 20, 20, 20, 20, 20, 20, 20, 10, 20, 20, 20, 20, 20, 20, 20, 20, 20, 20, 10, 20, 10, 10, 10, 15, 15, 15, 15, 15, 15, 1, 1, 12, 12, 12, 12, 15, 12, 12, 14, 14, 14, 19, 19, 19, 19, 19, 15, 19, 19, 19, 19, 19, 19, 19, 19, 19, 19, 15, 19, 19, 19, 19, 19, 19, 2, 2, 2, 5, 15, 5, 12, 12, 12, 12, 12, 12, 15, 15, 15, 15, 15, 15, 15, 15, 15, 15, 15, 15, 15, 15, 15, 15, 15, 15, 15, 8, 8, 18, 18, 18, 18, 18, 18, 19, 2, 19, 3, 18, 19, 19, 8, 19, 8, 8, 8, 8, 8, 8, 18, 8, 8, 8, 8, 8, 8, 18, 18, 18, 18, 18, 18, 18, 18, 18, 18, 18, 18, 18, 18, 18, 18, 18, 18, 2, 2, 2, 8, 19, 19, 19, 19, 18, 19, 8, 8, 8, 8, 8, 8, 8, 8, 8, 18, 8, 8, 18, 18, 17, 17, 12, 12, 12, 12, 12, 12, 17, 17, 17, 17, 17, 17, 17, 17, 17, 17, 17, 17, 17, 17, 17, 17, 17, 17, 17, 17, 17, 17, 17, 17, 17, 17, 17, 17, 17, 17, 17, 17, 17, 17, 12, 17, 17, 12, 17, 17, 12, 12, 12, 17, 12, 17, 17, 17, 12, 17, 17, 17, 17, 17, 17, 17, 17, 17, 17, 12, 17, 17, 12, 12, 13, 13, 13, 13, 13, 13, 13, 15, 15, 15, 15, 15, 13, 19, 19, 19, 19, 19, 19, 19, 19, 19, 19, 13, 13, 13, 13, 13, 13, 13, 13, 13, 13, 13, 13, 13, 13, 13, 13, 13, 13, 13, 13, 13, 13, 13, 15, 15, 14, 14, 14, 14, 19, 19, 19, 19, 13, 19, 19, 19, 19, 19, 19, 19, 13, 13, 13, 13, 13, 13, 13, 13, 8, 18, 18, 18, 18, 18, 18, 18, 15, 4, 4, 19, 18, 19, 19, 19, 19, 19, 19, 8, 8, 8, 8, 18, 8, 8, 8, 8, 8, 8, 8, 8, 18, 18, 18, 18, 18, 18, 18, 18, 18, 18, 18, 18, 18, 18, 18, 18, 18, 4, 4, 19, 19, 19, 19, 19, 18, 19, 8, 8, 8, 8, 8, 8, 8, 8, 8, 18, 8, 8, 18, 18, 15, 15, 14, 14, 14, 14, 14, 14, 14, 14, 14, 14, 15, 14, 14, 14, 14, 14, 14, 14, 14, 14, 14, 15, 14, 14, 14, 14, 14, 14, 14, 14, 14, 14, 14, 14, 14, 14, 14, 15, 15, 15, 15, 15, 15, 14, 15, 15, 15, 15, 15, 15, 15, 15, 15, 15, 14, 15, 15, 15, 15, 15, 15, 15, 15, 15, 15, 14, 15, 15, 14, 14, 12, 12, 12, 12, 12, 12, 12, 12, 12, 12, 12, 12, 12, 12, 12, 12, 12, 12, 12, 12, 12, 12, 12, 12, 12, 12, 12, 12, 12, 12, 12, 12, 12, 12, 12, 12, 12, 12, 12, 12, 12, 12, 12, 12, 12, 12, 12, 12, 12, 12, 12, 12, 12, 12, 12, 12, 12, 12, 12, 12, 12, 12, 12, 12, 12, 12, 12, 12, 12, 12, 12, 12, 13, 13, 13, 13, 13, 15, 15, 15, 15, 15, 15, 15, 13, 15, 19, 19, 19, 19, 19, 19, 19, 19, 19, 13, 19, 19, 19, 13, 13, 13, 13, 13, 13, 13, 13, 13, 13, 13, 13, 13, 13, 13, 13, 13, 13, 13, 15, 15, 15, 15, 15, 15, 15, 15, 19, 19, 13, 19, 19, 19, 19, 19, 19, 19, 19, 19, 13, 13, 13, 13, 13, 13]}