{"center": [449, 363, 620, 346, 183, 548, 108, 676, 826, 1250, 50, 265, 1356, 737, 337, 765, 1107, 1272, 1045, 681], "davies_bouldin": 1.9506448714374076, "calinski_harabasz": 107.9134793754917, "silhouette_coefficient": 0.1849497075956409, "cluster_acc": 0.71875, "rand_index": 0.962262566597174, "adjusted_rand_index": 0.6301809968619837, "mutual_info": 2.4345161063622918, "normalized_mutual_info": 0.8240633151427087, "adjusted_mutual_info": 0.8154987460735039, "homogeneity": 0.812661441028607, "completeness": 0.8357896851846766, "v_measure": 0.8240633151427088, "h_c_v_m": [0.812661441028607, 0.8357896851846766, 0.8240633151427088], "fowlkes_mallows_index": 0.6523185702562357, "label": [11, 11, 11, 11, 11, 11, 11, 11, 11, 11, 11, 11, 11, 11, 11, 11, 11, 11, 11, 11, 11, 11, 11, 11, 11, 11, 11, 11, 11, 11, 11, 11, 11, 11, 11, 11, 11, 11, 11, 11, 11, 11, 11, 11, 11, 11, 11, 11, 11, 11, 11, 11, 11, 11, 11, 11, 11, 11, 11, 11, 11, 11, 11, 11, 11, 11, 11, 11, 11, 11, 11, 11, 7, 7, 7, 7, 7, 7, 7, 13, 13, 13, 13, 13, 7, 13, 13, 13, 13, 7, 7, 7, 7, 7, 7, 7, 7, 7, 7, 7, 7, 7, 7, 7, 7, 7, 7, 7, 7, 7, 7, 7, 7, 7, 7, 7, 7, 7, 13, 13, 13, 13, 13, 13, 13, 13, 13, 13, 7, 7, 7, 7, 7, 7, 7, 7, 7, 7, 7, 7, 7, 7, 7, 7, 5, 5, 5, 5, 5, 5, 5, 5, 5, 5, 5, 5, 5, 5, 5, 5, 5, 5, 5, 5, 5, 5, 5, 5, 5, 5, 5, 5, 5, 5, 5, 5, 5, 5, 5, 5, 5, 5, 5, 5, 5, 5, 5, 5, 5, 5, 5, 5, 5, 5, 5, 5, 5, 5, 5, 5, 5, 5, 5, 5, 5, 5, 5, 5, 5, 5, 5, 5, 5, 5, 5, 5, 12, 12, 12, 12, 12, 12, 12, 12, 12, 12, 12, 12, 12, 12, 12, 12, 12, 12, 12, 12, 12, 12, 12, 12, 12, 12, 12, 12, 12, 12, 12, 12, 12, 12, 12, 12, 12, 12, 12, 12, 12, 12, 12, 12, 12, 12, 12, 12, 12, 12, 12, 12, 12, 12, 12, 12, 12, 12, 12, 12, 12, 12, 12, 12, 12, 12, 12, 12, 12, 12, 12, 12, 15, 15, 4, 4, 4, 4, 15, 15, 15, 15, 15, 15, 15, 15, 4, 4, 4, 4, 4, 4, 4, 4, 4, 4, 4, 4, 15, 15, 15, 15, 15, 15, 15, 4, 4, 4, 4, 4, 4, 4, 4, 4, 4, 4, 4, 4, 4, 15, 15, 15, 15, 15, 15, 4, 4, 4, 4, 4, 4, 4, 4, 4, 4, 4, 4, 4, 15, 4, 15, 15, 4, 4, 2, 2, 2, 2, 2, 2, 2, 2, 2, 2, 2, 2, 2, 2, 2, 2, 2, 2, 2, 2, 2, 2, 2, 2, 2, 2, 2, 2, 2, 2, 2, 2, 2, 2, 2, 2, 2, 2, 2, 2, 2, 2, 2, 2, 2, 2, 2, 2, 2, 2, 2, 2, 2, 2, 2, 2, 2, 2, 2, 2, 2, 2, 2, 2, 2, 2, 2, 2, 2, 2, 2, 2, 1, 1, 1, 1, 1, 1, 1, 1, 1, 1, 1, 1, 1, 1, 1, 1, 1, 1, 1, 1, 1, 1, 1, 1, 1, 1, 1, 1, 1, 1, 1, 1, 1, 1, 1, 1, 1, 1, 1, 1, 1, 1, 1, 1, 1, 1, 1, 1, 1, 1, 1, 1, 1, 1, 1, 1, 1, 1, 1, 1, 1, 1, 1, 1, 1, 1, 1, 1, 1, 1, 1, 1, 6, 6, 6, 6, 6, 6, 6, 6, 6, 6, 6, 6, 6, 6, 6, 6, 6, 6, 6, 6, 6, 6, 6, 6, 6, 6, 6, 6, 6, 6, 6, 6, 6, 6, 6, 6, 6, 6, 6, 6, 6, 6, 6, 6, 6, 6, 6, 6, 6, 6, 6, 6, 6, 6, 6, 6, 6, 6, 6, 6, 6, 6, 6, 6, 6, 6, 6, 6, 6, 6, 6, 6, 3, 3, 3, 3, 3, 3, 3, 3, 3, 3, 3, 3, 3, 3, 3, 3, 3, 3, 3, 3, 3, 3, 3, 3, 3, 3, 3, 3, 3, 3, 3, 3, 3, 3, 3, 3, 3, 3, 3, 3, 3, 3, 3, 3, 3, 3, 3, 3, 3, 3, 3, 3, 3, 3, 3, 3, 3, 3, 3, 3, 3, 3, 3, 3, 3, 3, 3, 3, 3, 3, 3, 3, 8, 20, 20, 20, 20, 20, 20, 20, 2, 2, 2, 2, 20, 8, 8, 8, 8, 8, 8, 8, 8, 8, 8, 20, 8, 8, 8, 8, 8, 8, 8, 20, 20, 20, 20, 20, 20, 20, 20, 20, 20, 20, 20, 20, 20, 20, 20, 20, 2, 15, 15, 2, 8, 8, 8, 8, 20, 8, 8, 8, 8, 8, 8, 8, 8, 8, 8, 20, 8, 8, 20, 20, 16, 16, 16, 16, 16, 16, 16, 16, 16, 16, 14, 14, 16, 14, 14, 14, 14, 14, 14, 14, 14, 14, 14, 16, 14, 14, 14, 14, 14, 14, 14, 14, 14, 14, 16, 14, 14, 14, 14, 14, 14, 14, 14, 14, 14, 16, 14, 14, 14, 14, 14, 14, 14, 16, 16, 16, 16, 16, 16, 16, 16, 16, 16, 16, 16, 16, 16, 16, 16, 16, 16, 16, 9, 9, 9, 9, 9, 9, 9, 9, 9, 9, 9, 9, 9, 9, 9, 9, 9, 9, 9, 9, 9, 9, 9, 9, 9, 9, 9, 9, 9, 9, 9, 9, 9, 9, 9, 9, 9, 9, 9, 9, 9, 9, 9, 9, 9, 9, 9, 9, 9, 9, 9, 9, 9, 9, 9, 9, 9, 9, 9, 9, 9, 9, 9, 9, 9, 9, 9, 9, 9, 9, 9, 9, 16, 16, 16, 16, 18, 18, 13, 1, 13, 13, 13, 13, 16, 13, 13, 10, 10, 14, 14, 14, 14, 14, 14, 16, 14, 14, 14, 14, 14, 14, 14, 14, 14, 14, 16, 14, 14, 14, 14, 14, 14, 2, 2, 2, 5, 16, 5, 13, 13, 13, 13, 13, 13, 18, 18, 13, 16, 16, 16, 16, 16, 16, 16, 16, 16, 16, 16, 16, 16, 16, 16, 16, 8, 8, 20, 20, 20, 20, 20, 20, 8, 8, 8, 8, 20, 8, 8, 8, 8, 8, 8, 8, 8, 8, 8, 20, 8, 8, 8, 8, 8, 8, 20, 20, 20, 20, 20, 20, 20, 20, 20, 20, 20, 20, 20, 20, 20, 20, 20, 20, 20, 2, 2, 8, 8, 8, 8, 8, 20, 8, 8, 8, 8, 8, 8, 8, 8, 8, 8, 20, 8, 8, 20, 20, 19, 19, 13, 13, 13, 13, 19, 19, 19, 19, 19, 19, 19, 19, 19, 19, 19, 19, 19, 19, 19, 19, 19, 19, 19, 19, 19, 19, 19, 19, 19, 19, 19, 19, 19, 19, 19, 19, 19, 19, 19, 19, 19, 19, 19, 19, 19, 19, 19, 19, 19, 19, 19, 19, 19, 19, 19, 19, 19, 19, 19, 19, 19, 19, 19, 19, 19, 19, 19, 19, 19, 13, 17, 17, 20, 20, 20, 20, 20, 18, 18, 18, 18, 18, 17, 8, 8, 8, 8, 8, 8, 8, 8, 8, 8, 17, 17, 17, 17, 17, 17, 17, 17, 17, 17, 17, 17, 17, 17, 17, 17, 17, 20, 20, 20, 20, 20, 17, 20, 18, 10, 10, 10, 10, 8, 8, 8, 8, 17, 8, 8, 8, 8, 8, 8, 17, 17, 17, 17, 17, 17, 17, 17, 20, 8, 20, 20, 20, 20, 20, 20, 20, 20, 20, 20, 8, 20, 8, 8, 8, 8, 8, 8, 8, 8, 8, 8, 20, 8, 8, 8, 8, 8, 8, 8, 20, 20, 20, 20, 20, 20, 20, 20, 20, 20, 20, 20, 20, 20, 20, 20, 20, 20, 15, 15, 8, 8, 8, 8, 8, 20, 8, 8, 8, 8, 8, 8, 8, 8, 8, 8, 20, 8, 8, 20, 20, 18, 18, 10, 10, 10, 10, 10, 10, 10, 10, 10, 10, 18, 10, 10, 10, 10, 10, 10, 10, 10, 10, 10, 18, 10, 10, 10, 10, 10, 10, 10, 10, 10, 10, 10, 10, 10, 10, 10, 18, 18, 18, 18, 18, 18, 10, 18, 18, 18, 18, 18, 18, 18, 18, 18, 18, 10, 18, 18, 18, 18, 18, 18, 18, 18, 18, 18, 10, 18, 18, 10, 10, 13, 13, 13, 13, 13, 13, 13, 13, 13, 13, 13, 13, 13, 13, 13, 13, 13, 13, 13, 13, 13, 13, 13, 13, 13, 13, 13, 13, 13, 13, 13, 13, 13, 13, 13, 13, 13, 13, 13, 13, 13, 13, 13, 13, 13, 13, 13, 13, 13, 13, 13, 13, 13, 13, 13, 13, 13, 13, 13, 13, 13, 13, 13, 13, 13, 13, 13, 13, 13, 13, 13, 13, 20, 20, 20, 20, 20, 20, 18, 18, 18, 18, 18, 18, 20, 18, 8, 8, 8, 8, 8, 8, 8, 8, 8, 20, 8, 8, 8, 8, 8, 8, 8, 20, 20, 20, 20, 20, 20, 20, 20, 20, 20, 20, 20, 20, 20, 20, 18, 18, 18, 18, 18, 18, 15, 8, 8, 8, 20, 8, 8, 8, 8, 8, 8, 8, 8, 8, 8, 20, 8, 20, 20, 20]}