{"center": [482, 363, 619, 349, 173, 101, 558, 826, 676, 265, 1255, 1354, 1267, 530, 681, 838, 461, 424, 453, 1046], "davies_bouldin": 2.291714346305772, "calinski_harabasz": 85.20272668252608, "silhouette_coefficient": 0.07316481260125701, "cluster_acc": -1, "rand_index": 0.9337879314338661, "adjusted_rand_index": 0.46304104745856867, "mutual_info": 2.110929658238251, "normalized_mutual_info": 0.743539507242188, "adjusted_mutual_info": 0.7312346635179149, "homogeneity": 0.7046456310109269, "completeness": 0.7869778209381112, "v_measure": 0.743539507242188, "h_c_v_m": [0.7046456310109269, 0.7869778209381112, 0.743539507242188], "fowlkes_mallows_index": 0.5122754467284929, "label": [12, 12, 12, 12, 12, 12, 12, 12, 12, 12, 12, 12, 12, 12, 12, 12, 12, 12, 12, 12, 12, 12, 12, 12, 12, 12, 17, 17, 17, 2, 17, 2, 2, 12, 12, 12, 12, 12, 12, 12, 12, 12, 12, 12, 12, 12, 12, 12, 12, 12, 12, 12, 12, 12, 12, 12, 12, 12, 12, 12, 12, 12, 12, 12, 12, 12, 12, 12, 12, 12, 12, 12, 6, 6, 6, 6, 6, 6, 6, 12, 12, 12, 12, 12, 6, 12, 12, 12, 12, 6, 6, 6, 6, 6, 6, 6, 6, 6, 6, 6, 6, 6, 6, 6, 6, 6, 6, 6, 6, 6, 6, 6, 6, 6, 6, 6, 6, 6, 12, 12, 12, 12, 12, 12, 12, 12, 12, 12, 6, 6, 6, 6, 6, 6, 6, 6, 6, 6, 6, 6, 6, 6, 6, 6, 5, 5, 5, 5, 5, 5, 5, 5, 5, 5, 5, 5, 5, 5, 5, 5, 5, 5, 5, 5, 5, 5, 5, 5, 5, 5, 5, 5, 5, 5, 5, 5, 5, 5, 5, 5, 5, 5, 5, 5, 5, 5, 5, 5, 5, 5, 5, 5, 5, 5, 5, 5, 5, 5, 5, 5, 5, 5, 5, 5, 5, 5, 5, 5, 5, 5, 5, 5, 5, 5, 5, 5, 10, 10, 10, 10, 10, 10, 10, 10, 10, 10, 10, 10, 10, 10, 10, 10, 10, 10, 10, 10, 10, 10, 10, 10, 10, 10, 10, 10, 10, 10, 10, 10, 10, 10, 10, 10, 10, 10, 10, 10, 10, 10, 10, 10, 10, 10, 10, 10, 10, 10, 10, 10, 10, 10, 10, 10, 10, 10, 10, 10, 10, 10, 10, 10, 10, 10, 10, 10, 10, 10, 10, 10, 4, 4, 4, 4, 4, 4, 4, 4, 4, 4, 4, 4, 4, 4, 4, 4, 4, 4, 4, 4, 4, 4, 4, 4, 4, 4, 4, 4, 4, 4, 4, 4, 4, 4, 4, 4, 4, 4, 4, 4, 4, 4, 4, 4, 4, 4, 4, 4, 4, 4, 4, 4, 4, 4, 4, 4, 4, 4, 4, 4, 4, 4, 4, 4, 4, 4, 4, 4, 4, 4, 4, 4, 2, 2, 2, 2, 2, 2, 2, 2, 2, 2, 2, 2, 2, 2, 2, 2, 2, 2, 2, 2, 2, 2, 2, 2, 2, 2, 2, 2, 2, 2, 2, 2, 2, 2, 2, 2, 2, 2, 2, 2, 2, 2, 2, 2, 2, 2, 2, 2, 2, 17, 2, 17, 17, 17, 17, 17, 2, 17, 17, 2, 2, 2, 2, 2, 2, 2, 2, 2, 2, 2, 2, 2, 18, 18, 18, 18, 18, 18, 18, 18, 18, 18, 18, 18, 18, 18, 18, 18, 18, 18, 18, 18, 18, 18, 18, 18, 18, 18, 18, 1, 1, 1, 1, 1, 1, 1, 18, 1, 1, 1, 1, 1, 1, 1, 1, 1, 1, 18, 1, 1, 1, 1, 1, 1, 1, 1, 1, 18, 18, 18, 18, 18, 18, 18, 18, 18, 18, 18, 18, 18, 18, 18, 18, 18, 7, 7, 7, 7, 7, 7, 7, 7, 7, 14, 7, 14, 7, 7, 14, 14, 14, 14, 14, 14, 14, 14, 14, 7, 14, 14, 7, 7, 7, 7, 7, 7, 7, 7, 7, 7, 7, 7, 7, 7, 7, 7, 7, 7, 7, 7, 7, 7, 7, 7, 7, 7, 7, 7, 7, 7, 7, 7, 7, 7, 7, 7, 7, 7, 7, 7, 7, 7, 7, 7, 7, 7, 3, 3, 3, 3, 3, 3, 3, 3, 3, 3, 3, 3, 3, 3, 3, 3, 3, 3, 3, 3, 3, 3, 3, 3, 3, 3, 3, 3, 3, 3, 3, 3, 3, 3, 3, 3, 3, 3, 3, 3, 3, 3, 3, 3, 3, 3, 3, 3, 3, 3, 3, 3, 3, 3, 3, 3, 3, 3, 3, 3, 3, 3, 3, 3, 3, 3, 3, 3, 3, 3, 3, 3, 9, 15, 15, 15, 15, 15, 15, 15, 2, 2, 2, 2, 15, 9, 9, 9, 9, 9, 9, 9, 9, 9, 9, 15, 9, 9, 9, 9, 9, 9, 9, 9, 15, 15, 15, 15, 15, 15, 15, 15, 15, 15, 15, 15, 15, 15, 15, 15, 2, 2, 2, 2, 9, 9, 9, 9, 15, 9, 9, 9, 9, 9, 9, 9, 9, 9, 9, 15, 9, 9, 15, 15, 13, 13, 13, 13, 13, 13, 13, 13, 13, 13, 13, 13, 13, 13, 13, 13, 13, 13, 13, 13, 13, 13, 13, 13, 13, 13, 13, 13, 13, 13, 13, 13, 13, 13, 13, 13, 13, 13, 13, 13, 13, 13, 13, 13, 13, 13, 13, 13, 13, 13, 13, 13, 13, 13, 13, 13, 13, 13, 13, 13, 13, 13, 13, 13, 13, 13, 13, 13, 13, 13, 13, 13, 8, 8, 8, 8, 8, 8, 8, 8, 8, 8, 8, 8, 8, 8, 8, 8, 8, 16, 16, 16, 16, 16, 16, 8, 16, 16, 16, 16, 16, 16, 16, 16, 16, 16, 8, 16, 16, 16, 16, 16, 16, 16, 16, 16, 16, 8, 16, 16, 16, 16, 16, 16, 16, 16, 16, 16, 8, 16, 16, 16, 16, 16, 8, 8, 8, 8, 8, 8, 8, 8, 8, 8, 3, 3, 13, 13, 13, 13, 1, 1, 12, 12, 12, 12, 3, 12, 12, 11, 11, 11, 11, 11, 12, 9, 9, 3, 9, 9, 9, 9, 9, 9, 9, 9, 9, 9, 3, 9, 9, 9, 9, 9, 9, 2, 2, 12, 5, 3, 5, 12, 12, 12, 12, 12, 12, 13, 13, 12, 3, 3, 3, 3, 3, 3, 3, 3, 3, 3, 3, 13, 3, 3, 13, 13, 9, 15, 15, 15, 15, 15, 15, 15, 11, 2, 11, 3, 15, 9, 9, 9, 9, 9, 9, 9, 9, 9, 9, 15, 9, 9, 9, 9, 9, 9, 9, 9, 15, 15, 15, 15, 15, 15, 15, 15, 15, 15, 15, 15, 15, 15, 15, 15, 2, 2, 2, 2, 9, 9, 9, 9, 15, 9, 9, 9, 9, 9, 9, 9, 9, 9, 9, 15, 9, 9, 15, 15, 12, 12, 12, 12, 12, 12, 12, 12, 12, 12, 12, 12, 12, 12, 12, 12, 12, 12, 12, 12, 12, 12, 12, 12, 12, 12, 12, 12, 12, 12, 12, 12, 12, 12, 12, 12, 12, 12, 12, 12, 12, 12, 12, 19, 19, 12, 19, 12, 12, 19, 19, 19, 19, 19, 19, 19, 12, 19, 12, 12, 12, 12, 19, 19, 12, 12, 19, 12, 19, 19, 12, 12, 15, 15, 15, 15, 15, 15, 15, 13, 13, 13, 13, 13, 15, 13, 9, 9, 9, 9, 9, 9, 9, 9, 9, 15, 9, 9, 9, 9, 9, 9, 15, 15, 15, 15, 15, 15, 15, 15, 15, 15, 15, 15, 15, 15, 15, 15, 15, 11, 11, 11, 11, 11, 9, 9, 9, 9, 15, 9, 9, 9, 9, 9, 9, 9, 9, 9, 9, 15, 9, 15, 15, 15, 9, 15, 15, 15, 15, 15, 15, 15, 15, 2, 2, 9, 15, 9, 9, 9, 9, 9, 9, 9, 9, 9, 9, 15, 9, 9, 9, 9, 9, 9, 9, 15, 15, 15, 15, 15, 15, 15, 15, 15, 15, 15, 15, 15, 15, 15, 15, 15, 15, 4, 4, 9, 9, 9, 9, 9, 15, 9, 9, 9, 9, 9, 9, 9, 9, 9, 9, 15, 9, 9, 15, 15, 13, 13, 11, 11, 11, 11, 11, 11, 11, 11, 11, 11, 13, 11, 11, 11, 11, 11, 11, 11, 11, 11, 11, 13, 11, 11, 11, 11, 11, 11, 11, 11, 11, 11, 13, 11, 11, 13, 13, 13, 13, 13, 13, 13, 13, 13, 13, 13, 13, 13, 13, 13, 13, 13, 13, 13, 13, 13, 13, 13, 13, 13, 13, 13, 13, 13, 13, 13, 13, 13, 13, 11, 12, 12, 12, 12, 12, 12, 12, 12, 12, 12, 12, 12, 12, 12, 12, 12, 12, 12, 12, 12, 12, 12, 12, 12, 12, 12, 12, 12, 12, 12, 12, 12, 12, 12, 12, 12, 12, 12, 12, 12, 12, 12, 12, 12, 12, 12, 12, 12, 12, 12, 12, 12, 12, 12, 12, 12, 12, 12, 12, 12, 12, 12, 12, 12, 12, 12, 12, 12, 12, 12, 12, 12, 15, 15, 15, 15, 15, 15, 11, 11, 13, 13, 11, 11, 15, 2, 11, 9, 9, 9, 9, 9, 9, 9, 9, 15, 9, 9, 9, 9, 9, 9, 15, 15, 15, 15, 15, 15, 15, 15, 15, 15, 15, 15, 15, 15, 15, 15, 11, 11, 13, 13, 11, 2, 2, 9, 9, 9, 15, 9, 9, 9, 9, 9, 9, 9, 9, 9, 9, 15, 9, 9, 15, 15]}