{"center": [449, 625, 174, 363, 351, 265, 1255, 681, 558, 54, 841, 1356, 101, 1109, 1045, 1268, 676, 768, 859, 736], "davies_bouldin": 1.9770111751032147, "calinski_harabasz": 84.17666999540378, "silhouette_coefficient": 0.1255964588732064, "cluster_acc": 0.6576388888888889, "rand_index": 0.942379932051579, "adjusted_rand_index": 0.5147750137494379, "mutual_info": 2.197238185314326, "normalized_mutual_info": 0.7688293775655006, "adjusted_mutual_info": 0.7579200976176943, "homogeneity": 0.733456125138856, "completeness": 0.8077874965922313, "v_measure": 0.7688293775655006, "h_c_v_m": [0.733456125138856, 0.8077874965922313, 0.7688293775655006], "fowlkes_mallows_index": 0.5574902827211641, "label": [10, 10, 10, 10, 10, 10, 10, 10, 10, 10, 10, 10, 10, 10, 10, 10, 10, 10, 10, 10, 10, 10, 10, 10, 10, 10, 10, 10, 10, 10, 10, 10, 10, 10, 10, 10, 10, 10, 10, 10, 10, 10, 10, 10, 10, 10, 10, 10, 10, 10, 10, 10, 10, 10, 10, 10, 10, 10, 10, 10, 10, 10, 10, 10, 10, 10, 10, 10, 10, 10, 10, 10, 13, 13, 13, 13, 13, 13, 13, 12, 12, 12, 12, 12, 13, 12, 12, 12, 13, 13, 13, 13, 13, 13, 13, 13, 13, 13, 13, 13, 13, 13, 13, 13, 13, 13, 13, 13, 13, 13, 13, 13, 13, 13, 13, 13, 13, 13, 12, 12, 12, 12, 12, 12, 12, 12, 12, 12, 13, 13, 13, 13, 13, 13, 13, 13, 13, 13, 13, 13, 13, 13, 13, 13, 3, 3, 3, 3, 3, 3, 3, 3, 3, 3, 3, 3, 3, 3, 3, 3, 3, 3, 3, 3, 3, 3, 3, 3, 3, 3, 3, 3, 3, 3, 3, 3, 3, 3, 3, 3, 3, 3, 3, 3, 3, 3, 3, 3, 3, 3, 3, 3, 3, 3, 3, 3, 3, 3, 3, 3, 3, 3, 3, 3, 3, 3, 3, 3, 3, 3, 3, 3, 3, 3, 3, 3, 6, 6, 6, 6, 6, 6, 6, 6, 6, 6, 6, 6, 6, 6, 6, 6, 6, 6, 6, 6, 6, 6, 6, 6, 6, 6, 6, 6, 6, 6, 6, 6, 6, 6, 6, 6, 6, 6, 6, 6, 6, 6, 6, 6, 6, 6, 6, 6, 6, 6, 6, 6, 6, 6, 6, 6, 6, 6, 6, 6, 6, 6, 6, 6, 6, 6, 6, 6, 6, 6, 6, 6, 5, 5, 5, 5, 5, 5, 5, 5, 5, 5, 5, 5, 5, 5, 5, 5, 5, 5, 5, 5, 5, 5, 5, 5, 5, 5, 5, 5, 5, 5, 5, 5, 5, 5, 5, 5, 5, 5, 5, 5, 5, 5, 5, 5, 5, 5, 5, 5, 5, 5, 5, 5, 5, 5, 5, 5, 5, 5, 5, 5, 5, 5, 5, 5, 5, 5, 5, 5, 5, 5, 5, 5, 4, 4, 4, 4, 4, 4, 4, 4, 4, 4, 4, 4, 4, 4, 4, 4, 4, 4, 4, 4, 4, 4, 4, 4, 4, 4, 4, 4, 4, 4, 4, 4, 4, 4, 4, 4, 4, 4, 4, 4, 4, 4, 4, 4, 4, 4, 4, 4, 4, 4, 4, 4, 4, 4, 4, 4, 4, 4, 4, 4, 4, 4, 4, 4, 4, 4, 4, 4, 4, 4, 4, 4, 1, 1, 1, 1, 1, 1, 1, 1, 1, 1, 1, 1, 1, 1, 1, 1, 1, 1, 1, 1, 1, 1, 1, 1, 1, 1, 1, 1, 1, 1, 1, 1, 1, 1, 1, 1, 1, 1, 1, 1, 1, 1, 1, 1, 1, 1, 1, 1, 1, 1, 1, 1, 1, 1, 1, 1, 1, 1, 1, 1, 1, 1, 1, 1, 1, 1, 1, 1, 1, 1, 1, 1, 9, 9, 9, 9, 9, 9, 9, 9, 9, 9, 9, 9, 9, 9, 9, 9, 9, 9, 9, 9, 9, 9, 9, 9, 9, 9, 9, 9, 9, 9, 9, 9, 9, 9, 9, 9, 9, 9, 9, 9, 9, 9, 9, 9, 9, 9, 9, 9, 9, 9, 9, 9, 9, 9, 9, 9, 9, 9, 9, 9, 9, 9, 9, 9, 9, 9, 9, 9, 9, 9, 9, 9, 2, 2, 2, 2, 2, 2, 2, 2, 2, 2, 2, 2, 2, 2, 2, 2, 2, 2, 2, 2, 2, 2, 2, 2, 2, 2, 2, 2, 2, 2, 2, 2, 2, 2, 2, 2, 2, 2, 2, 2, 2, 2, 2, 2, 2, 2, 2, 2, 2, 2, 2, 2, 2, 2, 2, 2, 2, 2, 2, 2, 2, 2, 2, 2, 2, 2, 2, 2, 2, 2, 2, 2, 17, 8, 8, 8, 8, 8, 8, 8, 4, 4, 4, 4, 8, 17, 17, 17, 17, 17, 17, 17, 17, 17, 17, 8, 17, 17, 17, 17, 17, 17, 17, 17, 8, 8, 8, 8, 8, 8, 8, 8, 8, 8, 8, 8, 8, 8, 8, 8, 4, 5, 5, 5, 17, 17, 17, 17, 8, 17, 17, 17, 17, 17, 17, 17, 17, 17, 17, 8, 17, 17, 8, 8, 8, 8, 8, 8, 8, 16, 16, 16, 5, 5, 20, 20, 8, 20, 20, 20, 20, 17, 17, 17, 17, 17, 17, 8, 17, 17, 17, 17, 17, 17, 17, 17, 17, 17, 8, 17, 17, 17, 17, 18, 18, 18, 5, 5, 5, 8, 5, 5, 5, 5, 5, 5, 5, 5, 5, 18, 8, 8, 8, 8, 8, 8, 8, 8, 8, 8, 8, 8, 8, 8, 8, 8, 11, 11, 19, 19, 19, 19, 19, 19, 19, 19, 11, 11, 11, 11, 11, 11, 11, 11, 11, 11, 11, 11, 11, 11, 11, 11, 11, 11, 11, 11, 11, 11, 11, 11, 19, 11, 11, 11, 11, 11, 11, 11, 11, 11, 11, 19, 11, 11, 11, 11, 11, 11, 11, 11, 11, 11, 19, 11, 11, 11, 11, 11, 11, 11, 11, 11, 11, 19, 11, 11, 19, 19, 8, 8, 8, 16, 16, 12, 1, 1, 1, 12, 1, 1, 8, 1, 1, 12, 12, 17, 17, 17, 17, 17, 17, 8, 17, 17, 17, 17, 17, 17, 17, 17, 17, 17, 8, 17, 17, 17, 17, 17, 17, 17, 4, 4, 3, 8, 3, 12, 12, 12, 12, 12, 12, 12, 12, 12, 8, 8, 8, 8, 8, 8, 8, 8, 8, 8, 8, 8, 8, 8, 8, 8, 17, 17, 8, 8, 8, 8, 8, 8, 17, 17, 17, 17, 8, 17, 17, 17, 17, 17, 17, 17, 17, 17, 17, 8, 17, 17, 17, 17, 17, 17, 17, 8, 8, 8, 8, 8, 8, 8, 8, 8, 8, 8, 8, 8, 8, 8, 8, 8, 8, 4, 4, 17, 17, 17, 17, 17, 8, 17, 17, 17, 17, 17, 17, 17, 17, 17, 17, 8, 17, 17, 8, 8, 15, 15, 12, 12, 12, 12, 12, 12, 15, 15, 15, 15, 15, 15, 15, 15, 15, 15, 15, 15, 15, 15, 15, 15, 15, 15, 15, 15, 15, 15, 15, 15, 15, 15, 15, 15, 15, 15, 15, 15, 15, 12, 12, 15, 15, 15, 15, 15, 12, 12, 12, 12, 12, 12, 12, 12, 15, 15, 15, 15, 15, 15, 15, 15, 15, 15, 15, 15, 15, 15, 12, 12, 8, 8, 8, 8, 8, 8, 8, 8, 16, 16, 16, 16, 8, 17, 17, 17, 17, 17, 17, 17, 17, 17, 17, 8, 17, 17, 14, 14, 14, 8, 8, 8, 8, 8, 8, 8, 8, 8, 8, 8, 8, 8, 8, 8, 8, 8, 8, 7, 7, 7, 7, 7, 17, 17, 17, 17, 8, 17, 17, 17, 17, 17, 17, 17, 17, 17, 17, 8, 17, 8, 8, 8, 17, 17, 8, 8, 8, 8, 8, 8, 8, 5, 5, 17, 8, 17, 17, 17, 17, 17, 17, 17, 17, 17, 17, 8, 17, 17, 17, 17, 17, 17, 17, 17, 8, 8, 8, 8, 8, 8, 8, 8, 8, 8, 8, 8, 8, 8, 8, 8, 8, 5, 5, 17, 17, 17, 17, 17, 8, 17, 17, 17, 17, 17, 17, 17, 17, 17, 17, 8, 17, 17, 8, 8, 16, 16, 16, 7, 7, 7, 7, 7, 7, 7, 7, 7, 16, 7, 7, 7, 7, 7, 7, 7, 7, 7, 7, 16, 7, 7, 7, 7, 7, 7, 7, 7, 7, 7, 16, 7, 16, 16, 16, 16, 16, 16, 16, 16, 16, 16, 16, 16, 16, 16, 16, 16, 16, 16, 16, 16, 16, 16, 16, 16, 16, 16, 16, 16, 16, 16, 16, 16, 16, 16, 16, 16, 12, 12, 12, 12, 12, 12, 12, 12, 12, 12, 12, 12, 12, 12, 12, 12, 12, 12, 12, 12, 12, 12, 12, 12, 12, 12, 12, 12, 12, 12, 12, 12, 12, 12, 12, 12, 12, 12, 12, 12, 12, 12, 12, 12, 12, 12, 12, 12, 12, 12, 12, 12, 12, 12, 12, 12, 12, 12, 12, 12, 12, 12, 12, 12, 12, 12, 12, 12, 12, 12, 12, 12, 8, 8, 8, 8, 8, 8, 7, 7, 16, 7, 7, 7, 8, 7, 17, 17, 17, 17, 17, 17, 17, 17, 17, 8, 17, 17, 8, 8, 8, 8, 8, 8, 8, 8, 8, 8, 8, 8, 8, 8, 8, 8, 8, 8, 8, 8, 7, 7, 16, 7, 7, 7, 7, 5, 17, 17, 8, 17, 17, 17, 17, 17, 17, 17, 17, 8, 8, 8, 8, 8, 8, 8]}