{"center": [449, 363, 625, 346, 174, 265, 681, 1255, 558, 53, 837, 1356, 101, 1109, 1267, 1045, 676, 838, 736, 768], "davies_bouldin": 1.9730154957718646, "calinski_harabasz": 85.58952001980677, "silhouette_coefficient": 0.12875759157733052, "cluster_acc": 0.6520833333333333, "rand_index": 0.942582619102772, "adjusted_rand_index": 0.5136744360833015, "mutual_info": 2.2008505703839565, "normalized_mutual_info": 0.7680211656538691, "adjusted_mutual_info": 0.756877712101148, "homogeneity": 0.7346619688991681, "completeness": 0.8045539874171124, "v_measure": 0.7680211656538691, "h_c_v_m": [0.7346619688991681, 0.8045539874171124, 0.7680211656538691], "fowlkes_mallows_index": 0.5557161152241284, "label": [10, 10, 10, 10, 10, 10, 10, 10, 10, 10, 10, 10, 10, 10, 10, 10, 10, 10, 10, 10, 10, 10, 10, 10, 10, 10, 10, 10, 10, 10, 10, 10, 10, 10, 10, 10, 10, 10, 10, 10, 10, 10, 10, 10, 10, 10, 10, 10, 10, 10, 10, 10, 10, 10, 10, 10, 10, 10, 10, 10, 10, 10, 10, 10, 10, 10, 10, 10, 10, 10, 10, 10, 13, 13, 13, 13, 13, 13, 13, 12, 12, 12, 12, 12, 13, 12, 12, 12, 13, 13, 13, 13, 13, 13, 13, 13, 13, 13, 13, 13, 13, 13, 13, 13, 13, 13, 13, 13, 13, 13, 13, 13, 13, 13, 13, 13, 13, 13, 12, 12, 12, 12, 12, 12, 12, 12, 12, 12, 13, 13, 13, 13, 13, 13, 13, 13, 13, 13, 13, 13, 13, 13, 13, 13, 5, 5, 5, 5, 5, 5, 5, 5, 5, 5, 5, 5, 5, 5, 5, 5, 5, 5, 5, 5, 5, 5, 5, 5, 5, 5, 5, 5, 5, 5, 5, 5, 5, 5, 5, 5, 5, 5, 5, 5, 5, 5, 5, 5, 5, 5, 5, 5, 5, 5, 5, 5, 5, 5, 5, 5, 5, 5, 5, 5, 5, 5, 5, 5, 5, 5, 5, 5, 5, 5, 5, 5, 6, 6, 6, 6, 6, 6, 6, 6, 6, 6, 6, 6, 6, 6, 6, 6, 6, 6, 6, 6, 6, 6, 6, 6, 6, 6, 6, 6, 6, 6, 6, 6, 6, 6, 6, 6, 6, 6, 6, 6, 6, 6, 6, 6, 6, 6, 6, 6, 6, 6, 6, 6, 6, 6, 6, 6, 6, 6, 6, 6, 6, 6, 6, 6, 6, 6, 6, 6, 6, 6, 6, 6, 4, 4, 4, 4, 4, 4, 4, 4, 4, 4, 4, 4, 4, 4, 4, 4, 4, 4, 4, 4, 4, 4, 4, 4, 4, 4, 4, 4, 4, 4, 4, 4, 4, 4, 4, 4, 4, 4, 4, 4, 4, 4, 4, 4, 4, 4, 4, 4, 4, 4, 4, 4, 4, 4, 4, 4, 4, 4, 4, 4, 4, 4, 4, 4, 4, 4, 4, 4, 4, 4, 4, 4, 2, 2, 2, 2, 2, 2, 2, 2, 2, 2, 2, 2, 2, 2, 2, 2, 2, 2, 2, 2, 2, 2, 2, 2, 2, 2, 2, 2, 2, 2, 2, 2, 2, 2, 2, 2, 2, 2, 2, 2, 2, 2, 2, 2, 2, 2, 2, 2, 2, 2, 2, 2, 2, 2, 2, 2, 2, 2, 2, 2, 2, 2, 2, 2, 2, 2, 2, 2, 2, 2, 2, 2, 1, 1, 1, 1, 1, 1, 1, 1, 1, 1, 1, 1, 1, 1, 1, 1, 1, 1, 1, 1, 1, 1, 1, 1, 1, 1, 1, 1, 1, 1, 1, 1, 1, 1, 1, 1, 1, 1, 1, 1, 1, 1, 1, 1, 1, 1, 1, 1, 1, 1, 1, 1, 1, 1, 1, 1, 1, 1, 1, 1, 1, 1, 1, 1, 1, 1, 1, 1, 1, 1, 1, 1, 9, 9, 9, 9, 9, 9, 9, 9, 9, 9, 9, 9, 9, 9, 9, 9, 9, 9, 9, 9, 9, 9, 9, 9, 9, 9, 9, 9, 9, 9, 9, 9, 9, 9, 9, 9, 9, 9, 9, 9, 9, 9, 9, 9, 9, 9, 9, 9, 9, 9, 9, 9, 9, 9, 9, 9, 9, 9, 9, 9, 9, 9, 9, 9, 9, 9, 9, 9, 9, 9, 9, 9, 3, 3, 3, 3, 3, 3, 3, 3, 3, 3, 3, 3, 3, 3, 3, 3, 3, 3, 3, 3, 3, 3, 3, 3, 3, 3, 3, 3, 3, 3, 3, 3, 3, 3, 3, 3, 3, 3, 3, 3, 3, 3, 3, 3, 3, 3, 3, 3, 3, 3, 3, 3, 3, 3, 3, 3, 3, 3, 3, 3, 3, 3, 3, 3, 3, 3, 3, 3, 3, 3, 3, 3, 17, 7, 7, 7, 7, 7, 7, 7, 2, 2, 2, 2, 7, 17, 17, 17, 17, 17, 17, 17, 17, 17, 17, 7, 17, 17, 17, 17, 17, 17, 17, 17, 7, 7, 7, 7, 7, 7, 7, 7, 7, 7, 7, 7, 7, 7, 7, 7, 2, 4, 4, 4, 17, 17, 17, 17, 7, 17, 17, 17, 17, 17, 17, 17, 17, 17, 17, 7, 17, 17, 7, 7, 7, 7, 7, 7, 15, 15, 15, 15, 15, 4, 4, 4, 7, 19, 19, 19, 19, 19, 19, 17, 17, 17, 17, 7, 17, 17, 17, 17, 17, 17, 17, 17, 17, 17, 7, 17, 17, 17, 17, 19, 19, 19, 17, 4, 4, 7, 4, 4, 4, 20, 20, 20, 20, 20, 20, 20, 7, 7, 7, 7, 7, 7, 7, 7, 7, 7, 7, 7, 7, 7, 7, 7, 18, 18, 11, 11, 11, 11, 11, 11, 11, 11, 11, 11, 11, 18, 18, 18, 18, 18, 18, 18, 18, 18, 18, 11, 18, 18, 18, 18, 18, 18, 18, 18, 18, 18, 11, 18, 18, 18, 18, 18, 18, 18, 18, 18, 18, 11, 18, 18, 18, 18, 18, 18, 18, 18, 18, 18, 11, 18, 18, 18, 18, 18, 18, 18, 18, 18, 18, 11, 18, 18, 11, 11, 7, 7, 7, 7, 15, 12, 1, 1, 12, 12, 12, 1, 7, 1, 12, 8, 8, 17, 17, 17, 17, 17, 17, 7, 17, 17, 17, 17, 17, 17, 17, 17, 17, 17, 7, 17, 17, 17, 17, 17, 17, 17, 2, 2, 5, 7, 5, 12, 12, 12, 12, 12, 12, 12, 12, 12, 7, 7, 7, 7, 7, 7, 7, 7, 7, 7, 7, 7, 7, 7, 7, 7, 17, 17, 7, 7, 7, 7, 7, 7, 17, 4, 17, 17, 7, 17, 17, 17, 17, 17, 17, 17, 17, 17, 17, 7, 17, 17, 17, 17, 17, 17, 7, 7, 7, 7, 7, 7, 7, 7, 7, 7, 7, 7, 7, 7, 7, 7, 7, 7, 7, 2, 2, 17, 17, 17, 17, 17, 7, 17, 17, 17, 17, 17, 17, 17, 17, 17, 17, 7, 17, 17, 7, 7, 16, 16, 12, 12, 12, 12, 12, 12, 16, 16, 16, 16, 16, 16, 16, 16, 16, 16, 16, 16, 16, 16, 16, 16, 16, 16, 16, 16, 16, 16, 16, 16, 16, 16, 16, 16, 16, 16, 16, 16, 16, 16, 12, 12, 16, 16, 16, 16, 12, 12, 12, 12, 12, 12, 12, 12, 16, 16, 16, 16, 16, 16, 16, 16, 16, 16, 16, 16, 16, 16, 12, 12, 7, 7, 7, 7, 7, 7, 7, 7, 15, 15, 15, 15, 7, 17, 17, 17, 17, 17, 17, 17, 17, 17, 17, 7, 17, 17, 14, 14, 14, 7, 7, 7, 7, 7, 7, 7, 7, 7, 7, 7, 7, 7, 7, 7, 7, 7, 7, 7, 8, 8, 8, 8, 17, 17, 17, 17, 7, 17, 17, 17, 17, 17, 17, 17, 17, 17, 17, 7, 17, 7, 7, 7, 17, 7, 7, 7, 7, 7, 7, 7, 7, 4, 4, 17, 7, 17, 17, 17, 17, 17, 17, 17, 17, 17, 17, 7, 17, 17, 17, 17, 17, 17, 17, 17, 7, 7, 7, 7, 7, 7, 7, 7, 7, 7, 7, 7, 7, 7, 7, 7, 7, 4, 4, 17, 17, 17, 17, 17, 7, 17, 17, 17, 17, 17, 17, 17, 17, 17, 17, 7, 17, 17, 7, 7, 15, 15, 8, 8, 8, 8, 8, 8, 8, 8, 8, 8, 15, 8, 8, 8, 8, 8, 8, 8, 8, 8, 8, 15, 8, 8, 8, 8, 8, 8, 8, 8, 8, 8, 15, 8, 8, 8, 15, 15, 15, 15, 15, 15, 15, 15, 15, 15, 15, 15, 15, 15, 15, 15, 15, 15, 15, 15, 15, 15, 15, 15, 15, 15, 15, 15, 15, 8, 15, 15, 8, 8, 12, 12, 12, 12, 12, 12, 12, 12, 12, 12, 12, 12, 12, 12, 12, 12, 12, 12, 12, 12, 12, 12, 12, 12, 12, 12, 12, 12, 12, 12, 12, 12, 12, 12, 12, 12, 12, 12, 12, 12, 12, 12, 12, 12, 12, 12, 12, 12, 12, 12, 12, 12, 12, 12, 12, 12, 12, 12, 12, 12, 12, 12, 12, 12, 12, 12, 12, 12, 12, 12, 12, 12, 7, 7, 7, 7, 7, 7, 8, 8, 15, 8, 8, 8, 7, 8, 17, 17, 17, 17, 17, 17, 17, 17, 17, 7, 17, 17, 17, 7, 7, 7, 7, 7, 7, 7, 7, 7, 7, 7, 7, 7, 7, 7, 7, 7, 7, 7, 8, 8, 15, 8, 8, 8, 8, 4, 17, 17, 7, 17, 17, 17, 17, 17, 17, 17, 17, 17, 7, 7, 7, 7, 7, 7]}