{"center": [449, 363, 620, 346, 173, 101, 548, 265, 676, 826, 1250, 337, 1356, 1270, 681, 50, 737, 479, 838, 1027], "davies_bouldin": 1.8849173363909366, "calinski_harabasz": 96.7036760938781, "silhouette_coefficient": 0.14286016807415156, "cluster_acc": 0.6090277777777777, "rand_index": 0.94547621805266, "adjusted_rand_index": 0.5166877829693209, "mutual_info": 2.245290858110117, "normalized_mutual_info": 0.7750494563637426, "adjusted_mutual_info": 0.7638110947307077, "homogeneity": 0.7494965013834206, "completeness": 0.8024062909738244, "v_measure": 0.7750494563637426, "h_c_v_m": [0.7494965013834206, 0.8024062909738244, 0.7750494563637426], "fowlkes_mallows_index": 0.5533737291840147, "label": [16, 16, 16, 16, 16, 16, 16, 16, 16, 16, 16, 16, 16, 16, 16, 16, 16, 16, 16, 16, 16, 16, 16, 16, 16, 16, 16, 16, 16, 16, 16, 16, 16, 16, 16, 16, 16, 16, 16, 16, 16, 16, 16, 16, 16, 16, 16, 16, 16, 16, 16, 16, 16, 16, 16, 16, 16, 16, 16, 16, 16, 16, 16, 16, 16, 16, 16, 16, 16, 16, 16, 16, 6, 6, 6, 6, 6, 6, 6, 13, 13, 13, 13, 13, 6, 13, 13, 13, 13, 6, 6, 6, 6, 6, 6, 6, 6, 6, 6, 6, 6, 6, 6, 6, 6, 6, 6, 6, 6, 6, 6, 6, 6, 6, 6, 6, 6, 6, 13, 13, 13, 13, 13, 13, 13, 13, 13, 13, 6, 6, 6, 6, 6, 6, 6, 6, 6, 6, 6, 6, 6, 6, 6, 6, 5, 5, 5, 5, 5, 5, 5, 5, 5, 5, 5, 5, 5, 5, 5, 5, 5, 5, 5, 5, 5, 5, 5, 5, 5, 5, 5, 5, 5, 5, 5, 5, 5, 5, 5, 5, 5, 5, 5, 5, 5, 5, 5, 5, 5, 5, 5, 5, 5, 5, 5, 5, 5, 5, 5, 5, 5, 5, 5, 5, 5, 5, 5, 5, 5, 5, 5, 5, 5, 5, 5, 5, 8, 8, 8, 8, 8, 8, 8, 8, 8, 8, 8, 8, 8, 8, 8, 8, 8, 8, 8, 8, 8, 8, 8, 8, 8, 8, 8, 8, 8, 8, 8, 8, 8, 8, 8, 8, 8, 8, 8, 8, 8, 8, 8, 8, 8, 8, 8, 8, 8, 8, 8, 8, 8, 8, 8, 8, 8, 8, 8, 8, 8, 8, 8, 8, 8, 8, 8, 8, 8, 8, 8, 8, 12, 12, 4, 4, 4, 4, 4, 12, 12, 12, 12, 12, 4, 4, 4, 4, 4, 4, 4, 4, 4, 4, 4, 4, 4, 4, 4, 12, 12, 12, 12, 12, 4, 4, 4, 4, 4, 4, 4, 4, 4, 4, 4, 4, 4, 4, 4, 12, 12, 12, 12, 12, 4, 4, 4, 4, 4, 4, 4, 4, 4, 4, 4, 4, 4, 4, 12, 4, 12, 12, 4, 4, 2, 2, 2, 2, 2, 2, 2, 2, 2, 2, 2, 2, 2, 2, 2, 2, 2, 2, 2, 2, 2, 2, 2, 2, 2, 2, 2, 2, 2, 2, 2, 2, 2, 2, 2, 2, 2, 2, 2, 2, 2, 2, 2, 2, 2, 2, 2, 2, 2, 2, 2, 2, 2, 2, 2, 2, 2, 2, 2, 2, 2, 2, 2, 2, 2, 2, 2, 2, 2, 2, 2, 2, 1, 1, 1, 1, 1, 1, 1, 1, 1, 1, 1, 1, 1, 1, 1, 1, 1, 1, 1, 1, 1, 1, 1, 1, 1, 1, 1, 18, 18, 18, 18, 18, 18, 18, 1, 18, 18, 18, 18, 18, 18, 18, 18, 18, 18, 1, 18, 18, 18, 18, 18, 18, 18, 18, 18, 1, 1, 1, 18, 1, 1, 1, 1, 1, 1, 1, 1, 1, 1, 1, 1, 1, 7, 7, 7, 7, 7, 7, 7, 7, 7, 7, 7, 7, 7, 7, 7, 7, 7, 7, 7, 7, 7, 7, 7, 7, 7, 7, 7, 7, 7, 7, 7, 7, 7, 7, 7, 7, 7, 7, 7, 7, 7, 7, 7, 7, 7, 7, 7, 7, 7, 7, 7, 7, 7, 7, 7, 7, 7, 7, 7, 7, 7, 7, 7, 7, 7, 7, 7, 7, 7, 7, 7, 7, 3, 3, 3, 3, 3, 3, 3, 3, 3, 3, 3, 3, 3, 3, 3, 3, 3, 3, 3, 3, 3, 3, 3, 3, 3, 3, 3, 3, 3, 3, 3, 3, 3, 3, 3, 3, 3, 3, 3, 3, 3, 3, 3, 3, 3, 3, 3, 3, 3, 3, 3, 3, 3, 3, 3, 3, 3, 3, 3, 3, 3, 3, 3, 3, 3, 3, 3, 3, 3, 3, 3, 3, 9, 15, 15, 15, 15, 15, 15, 15, 2, 2, 2, 2, 15, 9, 9, 9, 9, 9, 9, 9, 9, 9, 9, 15, 9, 9, 9, 9, 9, 9, 9, 15, 15, 15, 15, 15, 15, 15, 15, 15, 15, 15, 15, 15, 15, 15, 15, 15, 2, 2, 2, 2, 9, 9, 9, 9, 15, 9, 9, 9, 9, 9, 9, 9, 9, 9, 9, 15, 9, 9, 15, 15, 14, 14, 14, 14, 14, 14, 14, 14, 14, 14, 14, 14, 14, 17, 17, 17, 17, 17, 17, 17, 17, 17, 17, 14, 17, 17, 17, 17, 17, 17, 17, 17, 17, 17, 14, 17, 17, 17, 17, 17, 17, 17, 17, 17, 17, 14, 17, 17, 14, 14, 14, 14, 14, 14, 14, 14, 14, 14, 14, 14, 14, 14, 14, 14, 14, 14, 14, 14, 14, 14, 14, 14, 10, 10, 10, 10, 10, 10, 10, 10, 10, 19, 19, 19, 10, 19, 19, 19, 19, 19, 19, 19, 19, 19, 19, 10, 19, 19, 19, 19, 19, 19, 19, 19, 19, 19, 10, 19, 19, 19, 19, 19, 19, 19, 19, 19, 19, 10, 19, 19, 19, 19, 19, 19, 19, 19, 19, 19, 10, 19, 19, 19, 19, 19, 19, 19, 10, 10, 10, 10, 10, 10, 10, 10, 3, 3, 14, 14, 14, 14, 13, 13, 13, 13, 13, 13, 3, 13, 13, 11, 11, 11, 11, 9, 9, 9, 9, 3, 9, 9, 9, 9, 9, 9, 9, 9, 9, 9, 3, 9, 9, 9, 9, 9, 9, 2, 2, 2, 5, 3, 5, 13, 13, 13, 13, 13, 13, 14, 14, 13, 3, 3, 3, 3, 3, 3, 3, 3, 3, 3, 3, 14, 3, 3, 14, 14, 9, 9, 15, 15, 15, 15, 15, 15, 9, 2, 9, 3, 15, 9, 9, 9, 9, 9, 9, 9, 9, 9, 9, 15, 9, 9, 9, 9, 9, 9, 15, 15, 15, 15, 15, 15, 15, 15, 15, 15, 15, 15, 15, 15, 15, 15, 15, 15, 2, 2, 2, 2, 9, 9, 9, 9, 15, 9, 9, 9, 9, 9, 9, 9, 9, 9, 9, 15, 9, 9, 15, 15, 13, 13, 13, 13, 13, 13, 13, 13, 20, 20, 20, 20, 13, 20, 20, 20, 20, 20, 20, 20, 20, 13, 13, 13, 13, 13, 13, 13, 13, 13, 13, 13, 13, 13, 13, 13, 13, 13, 13, 13, 13, 13, 13, 13, 13, 13, 13, 13, 13, 13, 13, 13, 13, 13, 13, 13, 13, 13, 13, 13, 13, 13, 13, 13, 13, 13, 13, 13, 13, 13, 13, 13, 15, 15, 15, 15, 15, 15, 15, 14, 14, 14, 14, 14, 15, 9, 9, 9, 9, 9, 9, 9, 9, 9, 9, 15, 9, 15, 15, 15, 15, 15, 15, 15, 15, 15, 15, 15, 15, 15, 15, 15, 15, 15, 15, 15, 15, 15, 15, 14, 11, 11, 11, 14, 9, 9, 9, 9, 15, 9, 9, 9, 9, 9, 9, 9, 9, 15, 15, 15, 15, 15, 15, 15, 9, 15, 15, 15, 15, 15, 15, 15, 15, 2, 2, 9, 15, 9, 9, 9, 9, 9, 9, 9, 9, 9, 9, 15, 9, 9, 9, 9, 9, 9, 9, 15, 15, 15, 15, 15, 15, 15, 15, 15, 15, 15, 15, 15, 15, 15, 15, 15, 15, 12, 12, 9, 9, 9, 9, 9, 15, 9, 9, 9, 9, 9, 9, 9, 9, 9, 9, 15, 9, 9, 15, 15, 14, 14, 11, 11, 11, 11, 11, 11, 11, 11, 11, 11, 14, 11, 11, 11, 11, 11, 11, 11, 11, 11, 11, 11, 11, 11, 11, 11, 11, 11, 11, 11, 11, 11, 11, 11, 11, 11, 11, 11, 11, 14, 14, 14, 14, 11, 14, 14, 14, 14, 14, 14, 14, 14, 14, 14, 11, 14, 14, 14, 14, 14, 14, 14, 14, 14, 14, 11, 14, 14, 11, 11, 13, 13, 13, 13, 13, 13, 13, 13, 13, 13, 13, 13, 13, 13, 13, 13, 13, 13, 13, 13, 13, 13, 13, 13, 13, 13, 13, 13, 13, 13, 13, 13, 13, 13, 13, 13, 13, 13, 13, 13, 13, 13, 13, 13, 13, 13, 13, 13, 13, 13, 13, 13, 13, 13, 13, 13, 13, 13, 13, 13, 13, 13, 13, 13, 13, 13, 13, 13, 13, 13, 13, 13, 15, 15, 15, 15, 15, 15, 2, 2, 14, 14, 11, 11, 15, 11, 9, 9, 9, 9, 9, 9, 9, 9, 9, 15, 9, 9, 9, 9, 9, 9, 9, 15, 15, 15, 15, 15, 15, 15, 15, 15, 15, 15, 15, 15, 15, 15, 15, 11, 14, 14, 14, 2, 11, 9, 9, 9, 15, 9, 9, 9, 9, 9, 9, 9, 9, 9, 9, 15, 9, 15, 15, 15]}