{"ACC": [0.86059, 0.951743, 0.793566], "AMI": [0.504151, 0.676175, 0.398803], "ARI": [0.514617, 0.80363, 0.342689], "NMI": [0.505225, 0.676955, 0.400086], "FMI": [0.79045, 0.926442, 0.709034], "FILE_NAME": ["bi__ts_0.1.json", "bi__ts_0.2.json", "bi__ts_0.3.json"], "cluster_acc": 0.951743, "adjusted_mutual_info": 0.676175, "adjusted_rand_index": 0.80363, "fowlkes_mallows_index": 0.926442, "normalized_mutual_info": 0.676955, "file_name": "bi__ts_0.2.json"}