{"ACC": [0.761394, 0.742627, 0.742627, 0.742627, 0.75067], "AMI": [0.083229, 0.007071, 0.007071, 0.007071, 0.041227], "ARI": [0.07881, 0.009863, 0.009863, 0.009863, 0.039429], "NMI": [0.087377, 0.012241, 0.012241, 0.012241, 0.046204], "FMI": [0.787305, 0.783993, 0.783993, 0.783993, 0.78521], "FILE_NAME": ["db__eps_0.1__ms_10.json", "db__eps_0.1__ms_6.json", "db__eps_0.1__ms_7.json", "db__eps_0.1__ms_8.json", "db__eps_0.1__ms_9.json"], "cluster_acc": 0.761394, "adjusted_mutual_info": 0.083229, "adjusted_rand_index": 0.07881, "fowlkes_mallows_index": 0.787305, "normalized_mutual_info": 0.087377, "file_name": "db__eps_0.1__ms_10.json"}