{
    "ACC": [
        0.670241,
        0.924933,
        0.924933,
        0.924933,
        0.924933,
        0.924933,
        0.924933,
        0.924933,
        0.924933,
        0.924933,
        0.924933,
        0.924933,
        0.924933,
        0.924933,
        0.924933,
        0.924933,
        0.924933,
        0.924933,
        0.924933,
        0.924933,
        0.924933,
        0.895442,
        0.895442,
        0.895442,
        0.895442,
        0.895442,
        0.895442,
        0.895442,
        0.895442,
        0.895442,
        0.895442,
        0.895442,
        0.895442,
        0.895442,
        0.895442,
        0.895442,
        0.895442,
        0.895442,
        0.895442,
        0.895442
    ],
    "AMI": [
        0.049842,
        0.651412,
        0.651412,
        0.651412,
        0.651412,
        0.651412,
        0.651412,
        0.651412,
        0.651412,
        0.651412,
        0.651412,
        0.651412,
        0.651412,
        0.651412,
        0.651412,
        0.651412,
        0.651412,
        0.651412,
        0.651412,
        0.651412,
        0.651412,
        0.576103,
        0.576103,
        0.576103,
        0.576103,
        0.576103,
        0.576103,
        0.576103,
        0.576103,
        0.576103,
        0.576103,
        0.576103,
        0.576103,
        0.576103,
        0.576103,
        0.576103,
        0.576103,
        0.576103,
        0.576103,
        0.576103
    ],
    "ARI": [
        -0.066558,
        0.714599,
        0.714599,
        0.714599,
        0.714599,
        0.714599,
        0.714599,
        0.714599,
        0.714599,
        0.714599,
        0.714599,
        0.714599,
        0.714599,
        0.714599,
        0.714599,
        0.714599,
        0.714599,
        0.714599,
        0.714599,
        0.714599,
        0.714599,
        0.618322,
        0.618322,
        0.618322,
        0.618322,
        0.618322,
        0.618322,
        0.618322,
        0.618322,
        0.618322,
        0.618322,
        0.618322,
        0.618322,
        0.618322,
        0.618322,
        0.618322,
        0.618322,
        0.618322,
        0.618322,
        0.618322
    ],
    "NMI": [
        0.053021,
        0.652189,
        0.652189,
        0.652189,
        0.652189,
        0.652189,
        0.652189,
        0.652189,
        0.652189,
        0.652189,
        0.652189,
        0.652189,
        0.652189,
        0.652189,
        0.652189,
        0.652189,
        0.652189,
        0.652189,
        0.652189,
        0.652189,
        0.652189,
        0.577034,
        0.577034,
        0.577034,
        0.577034,
        0.577034,
        0.577034,
        0.577034,
        0.577034,
        0.577034,
        0.577034,
        0.577034,
        0.577034,
        0.577034,
        0.577034,
        0.577034,
        0.577034,
        0.577034,
        0.577034,
        0.577034
    ],
    "FMI": [
        0.712006,
        0.88192,
        0.88192,
        0.88192,
        0.88192,
        0.88192,
        0.88192,
        0.88192,
        0.88192,
        0.88192,
        0.88192,
        0.88192,
        0.88192,
        0.88192,
        0.88192,
        0.88192,
        0.88192,
        0.88192,
        0.88192,
        0.88192,
        0.88192,
        0.838636,
        0.838636,
        0.838636,
        0.838636,
        0.838636,
        0.838636,
        0.838636,
        0.838636,
        0.838636,
        0.838636,
        0.838636,
        0.838636,
        0.838636,
        0.838636,
        0.838636,
        0.838636,
        0.838636,
        0.838636,
        0.838636
    ],
    "FILE_NAME": [
        "dcp_0.1__dcm_1__rhom_0__dem_0.json",
        "dcp_0.2__dcm_1__rhom_0__dem_0.json",
        "dcp_0.3__dcm_1__rhom_0__dem_0.json",
        "dcp_0.4__dcm_1__rhom_0__dem_0.json",
        "dcp_0.5__dcm_1__rhom_0__dem_0.json",
        "dcp_0.6__dcm_1__rhom_0__dem_0.json",
        "dcp_0.7__dcm_1__rhom_0__dem_0.json",
        "dcp_0.8__dcm_1__rhom_0__dem_0.json",
        "dcp_0.9__dcm_1__rhom_0__dem_0.json",
        "dcp_1.0__dcm_1__rhom_0__dem_0.json",
        "dcp_1.1__dcm_1__rhom_0__dem_0.json",
        "dcp_1.2__dcm_1__rhom_0__dem_0.json",
        "dcp_1.3__dcm_1__rhom_0__dem_0.json",
        "dcp_1.4__dcm_1__rhom_0__dem_0.json",
        "dcp_1.5__dcm_1__rhom_0__dem_0.json",
        "dcp_1.6__dcm_1__rhom_0__dem_0.json",
        "dcp_1.7__dcm_1__rhom_0__dem_0.json",
        "dcp_1.8__dcm_1__rhom_0__dem_0.json",
        "dcp_1.9__dcm_1__rhom_0__dem_0.json",
        "dcp_2.0__dcm_1__rhom_0__dem_0.json",
        "dcp_2.1__dcm_1__rhom_0__dem_0.json",
        "dcp_2.2__dcm_1__rhom_0__dem_0.json",
        "dcp_2.3__dcm_1__rhom_0__dem_0.json",
        "dcp_2.4__dcm_1__rhom_0__dem_0.json",
        "dcp_2.5__dcm_1__rhom_0__dem_0.json",
        "dcp_2.6__dcm_1__rhom_0__dem_0.json",
        "dcp_2.7__dcm_1__rhom_0__dem_0.json",
        "dcp_2.8__dcm_1__rhom_0__dem_0.json",
        "dcp_2.9__dcm_1__rhom_0__dem_0.json",
        "dcp_3.0__dcm_1__rhom_0__dem_0.json",
        "dcp_3.1__dcm_1__rhom_0__dem_0.json",
        "dcp_3.2__dcm_1__rhom_0__dem_0.json",
        "dcp_3.3__dcm_1__rhom_0__dem_0.json",
        "dcp_3.4__dcm_1__rhom_0__dem_0.json",
        "dcp_3.5__dcm_1__rhom_0__dem_0.json",
        "dcp_3.6__dcm_1__rhom_0__dem_0.json",
        "dcp_3.7__dcm_1__rhom_0__dem_0.json",
        "dcp_3.8__dcm_1__rhom_0__dem_0.json",
        "dcp_3.9__dcm_1__rhom_0__dem_0.json",
        "dcp_4.0__dcm_1__rhom_0__dem_0.json"
    ],
    "cluster_acc": 0.924933,
    "adjusted_mutual_info": 0.651412,
    "adjusted_rand_index": 0.714599,
    "fowlkes_mallows_index": 0.88192,
    "normalized_mutual_info": 0.652189,
    "file_name": "dcp_0.2__dcm_1__rhom_0__dem_0.json"
}