{"ACC": [-1, -1, -1, -1, -1, -1, -1, -1, -1, -1, -1, -1, -1, -1, -1, -1, -1, -1, -1, -1, -1, -1, -1, -1, -1, -1, -1, -1, -1, -1, -1, -1, -1, -1, -1, -1, -1, -1, -1, -1, -1, -1, -1, -1, -1, -1, -1, -1, -1, -1, -1, -1, -1, -1, -1, -1, -1, -1, -1, -1, -1, -1, -1, -1, -1, -1, -1, -1, -1, -1, -1, -1, -1, -1, -1, -1, -1, -1, -1, -1, -1, -1, -1, -1, -1, -1, -1, -1, -1, -1], "AMI": [0.247292, 0.133395, 0.191455, 0.198657, 0.209176, 0.204344, 0.236191, 0.236359, 0.226987, 0.247292, 0.133395, 0.191455, 0.198657, 0.209176, 0.204344, 0.236191, 0.236359, 0.226987, 0.247292, 0.133395, 0.191455, 0.198657, 0.209176, 0.204344, 0.236191, 0.236359, 0.226987, 0.247292, 0.133395, 0.191455, 0.198657, 0.209176, 0.204344, 0.236191, 0.236359, 0.226987, 0.247292, 0.133395, 0.191455, 0.198657, 0.209176, 0.204344, 0.236191, 0.236359, 0.226987, 0.247292, 0.133395, 0.191455, 0.198657, 0.209176, 0.204344, 0.236191, 0.236359, 0.226987, 0.247292, 0.133395, 0.191455, 0.198657, 0.209176, 0.204344, 0.236191, 0.236359, 0.226987, 0.247292, 0.133395, 0.191455, 0.198657, 0.209176, 0.204344, 0.236191, 0.236359, 0.226987, 0.247292, 0.133395, 0.191455, 0.198657, 0.209176, 0.204344, 0.236191, 0.236359, 0.226987, 0.247292, 0.133395, 0.191455, 0.198657, 0.209176, 0.204344, 0.236191, 0.236359, 0.226987], "ARI": [0.106029, 0.015403, 0.067444, 0.041875, 0.062508, 0.03618, 0.059552, 0.028776, 0.017415, 0.106029, 0.015403, 0.067444, 0.041875, 0.062508, 0.03618, 0.059552, 0.028776, 0.017415, 0.106029, 0.015403, 0.067444, 0.041875, 0.062508, 0.03618, 0.059552, 0.028776, 0.017415, 0.106029, 0.015403, 0.067444, 0.041875, 0.062508, 0.03618, 0.059552, 0.028776, 0.017415, 0.106029, 0.015403, 0.067444, 0.041875, 0.062508, 0.03618, 0.059552, 0.028776, 0.017415, 0.106029, 0.015403, 0.067444, 0.041875, 0.062508, 0.03618, 0.059552, 0.028776, 0.017415, 0.106029, 0.015403, 0.067444, 0.041875, 0.062508, 0.03618, 0.059552, 0.028776, 0.017415, 0.106029, 0.015403, 0.067444, 0.041875, 0.062508, 0.03618, 0.059552, 0.028776, 0.017415, 0.106029, 0.015403, 0.067444, 0.041875, 0.062508, 0.03618, 0.059552, 0.028776, 0.017415, 0.106029, 0.015403, 0.067444, 0.041875, 0.062508, 0.03618, 0.059552, 0.028776, 0.017415], "NMI": [0.257006, 0.200098, 0.22572, 0.224656, 0.22838, 0.222544, 0.249891, 0.247249, 0.237514, 0.257006, 0.200098, 0.22572, 0.224656, 0.22838, 0.222544, 0.249891, 0.247249, 0.237514, 0.257006, 0.200098, 0.22572, 0.224656, 0.22838, 0.222544, 0.249891, 0.247249, 0.237514, 0.257006, 0.200098, 0.22572, 0.224656, 0.22838, 0.222544, 0.249891, 0.247249, 0.237514, 0.257006, 0.200098, 0.22572, 0.224656, 0.22838, 0.222544, 0.249891, 0.247249, 0.237514, 0.257006, 0.200098, 0.22572, 0.224656, 0.22838, 0.222544, 0.249891, 0.247249, 0.237514, 0.257006, 0.200098, 0.22572, 0.224656, 0.22838, 0.222544, 0.249891, 0.247249, 0.237514, 0.257006, 0.200098, 0.22572, 0.224656, 0.22838, 0.222544, 0.249891, 0.247249, 0.237514, 0.257006, 0.200098, 0.22572, 0.224656, 0.22838, 0.222544, 0.249891, 0.247249, 0.237514, 0.257006, 0.200098, 0.22572, 0.224656, 0.22838, 0.222544, 0.249891, 0.247249, 0.237514], "FMI": [0.524521, 0.181984, 0.370781, 0.344036, 0.441416, 0.395822, 0.386157, 0.345091, 0.358924, 0.524521, 0.181984, 0.370781, 0.344036, 0.441416, 0.395822, 0.386157, 0.345091, 0.358924, 0.524521, 0.181984, 0.370781, 0.344036, 0.441416, 0.395822, 0.386157, 0.345091, 0.358924, 0.524521, 0.181984, 0.370781, 0.344036, 0.441416, 0.395822, 0.386157, 0.345091, 0.358924, 0.524521, 0.181984, 0.370781, 0.344036, 0.441416, 0.395822, 0.386157, 0.345091, 0.358924, 0.524521, 0.181984, 0.370781, 0.344036, 0.441416, 0.395822, 0.386157, 0.345091, 0.358924, 0.524521, 0.181984, 0.370781, 0.344036, 0.441416, 0.395822, 0.386157, 0.345091, 0.358924, 0.524521, 0.181984, 0.370781, 0.344036, 0.441416, 0.395822, 0.386157, 0.345091, 0.358924, 0.524521, 0.181984, 0.370781, 0.344036, 0.441416, 0.395822, 0.386157, 0.345091, 0.358924, 0.524521, 0.181984, 0.370781, 0.344036, 0.441416, 0.395822, 0.386157, 0.345091, 0.358924], "FILE_NAME": ["op__eps_0.1__ms_10.json", "op__eps_0.1__ms_2.json", "op__eps_0.1__ms_3.json", "op__eps_0.1__ms_4.json", "op__eps_0.1__ms_5.json", "op__eps_0.1__ms_6.json", "op__eps_0.1__ms_7.json", "op__eps_0.1__ms_8.json", "op__eps_0.1__ms_9.json", "op__eps_0.2__ms_10.json", "op__eps_0.2__ms_2.json", "op__eps_0.2__ms_3.json", "op__eps_0.2__ms_4.json", "op__eps_0.2__ms_5.json", "op__eps_0.2__ms_6.json", "op__eps_0.2__ms_7.json", "op__eps_0.2__ms_8.json", "op__eps_0.2__ms_9.json", "op__eps_0.3__ms_10.json", "op__eps_0.3__ms_2.json", "op__eps_0.3__ms_3.json", "op__eps_0.3__ms_4.json", "op__eps_0.3__ms_5.json", "op__eps_0.3__ms_6.json", "op__eps_0.3__ms_7.json", "op__eps_0.3__ms_8.json", "op__eps_0.3__ms_9.json", "op__eps_0.4__ms_10.json", "op__eps_0.4__ms_2.json", "op__eps_0.4__ms_3.json", "op__eps_0.4__ms_4.json", "op__eps_0.4__ms_5.json", "op__eps_0.4__ms_6.json", "op__eps_0.4__ms_7.json", "op__eps_0.4__ms_8.json", "op__eps_0.4__ms_9.json", "op__eps_0.5__ms_10.json", "op__eps_0.5__ms_2.json", "op__eps_0.5__ms_3.json", "op__eps_0.5__ms_4.json", "op__eps_0.5__ms_5.json", "op__eps_0.5__ms_6.json", "op__eps_0.5__ms_7.json", "op__eps_0.5__ms_8.json", "op__eps_0.5__ms_9.json", "op__eps_0.6__ms_10.json", "op__eps_0.6__ms_2.json", "op__eps_0.6__ms_3.json", "op__eps_0.6__ms_4.json", "op__eps_0.6__ms_5.json", "op__eps_0.6__ms_6.json", "op__eps_0.6__ms_7.json", "op__eps_0.6__ms_8.json", "op__eps_0.6__ms_9.json", "op__eps_0.7__ms_10.json", "op__eps_0.7__ms_2.json", "op__eps_0.7__ms_3.json", "op__eps_0.7__ms_4.json", "op__eps_0.7__ms_5.json", "op__eps_0.7__ms_6.json", "op__eps_0.7__ms_7.json", "op__eps_0.7__ms_8.json", "op__eps_0.7__ms_9.json", "op__eps_0.8__ms_10.json", "op__eps_0.8__ms_2.json", "op__eps_0.8__ms_3.json", "op__eps_0.8__ms_4.json", "op__eps_0.8__ms_5.json", "op__eps_0.8__ms_6.json", "op__eps_0.8__ms_7.json", "op__eps_0.8__ms_8.json", "op__eps_0.8__ms_9.json", "op__eps_0.9__ms_10.json", "op__eps_0.9__ms_2.json", "op__eps_0.9__ms_3.json", "op__eps_0.9__ms_4.json", "op__eps_0.9__ms_5.json", "op__eps_0.9__ms_6.json", "op__eps_0.9__ms_7.json", "op__eps_0.9__ms_8.json", "op__eps_0.9__ms_9.json", "op__eps_1.0__ms_10.json", "op__eps_1.0__ms_2.json", "op__eps_1.0__ms_3.json", "op__eps_1.0__ms_4.json", "op__eps_1.0__ms_5.json", "op__eps_1.0__ms_6.json", "op__eps_1.0__ms_7.json", "op__eps_1.0__ms_8.json", "op__eps_1.0__ms_9.json"], "cluster_acc": -1, "adjusted_mutual_info": 0.247292, "adjusted_rand_index": 0.106029, "fowlkes_mallows_index": 0.524521, "normalized_mutual_info": 0.257006, "file_name": "op__eps_0.1__ms_10.json"}