{"ACC": [0.86059, 0.828418, 0.820375, 0.855228, 0.806971, 0.812332, 0.806971, 0.798928, 0.796247, 0.80429, 0.815013, 0.815013, 0.815013, 0.817694, 0.80429, 0.831099, 0.828418, 0.828418, 0.831099, 0.839142, 0.563003, 0.812332, 0.809651, 0.820375, 0.815013, 0.568365, 0.568365, 0.571046, 0.579088, 0.571046, 0.571046, 0.670241, 0.568365, 0.573727, 0.589812, 0.579088, 0.576408, 0.576408, 0.576408, 0.509383, 0.506702, 0.512064, 0.670241, 0.50134, 0.670241, 0.876676, 0.820375, 0.86059], "AMI": [0.504151, 0.44923, 0.436851, 0.494331, 0.417244, 0.424939, 0.417244, 0.406047, 0.402404, 0.413466, 0.42886, 0.42886, 0.42886, 0.43283, 0.413466, 0.453467, 0.44923, 0.44923, 0.453467, 0.466523, 0.112513, 0.424939, 0.421068, 0.436851, 0.42886, 0.191601, 0.191601, 0.193385, 0.198794, 0.193385, 0.193385, 0.049842, 0.191601, 0.195178, 0.206151, 0.198794, 0.196981, 0.196981, 0.196981, 0.154457, 0.152848, 0.156071, 0.049842, 0.148055, 0.049842, 0.535477, 0.436851, 0.504151], "ARI": [0.514617, 0.427809, 0.407367, 0.499574, 0.374372, 0.38741, 0.374372, 0.355207, 0.348923, 0.367932, 0.394009, 0.394009, 0.394009, 0.400661, 0.367932, 0.434732, 0.427809, 0.427809, 0.434732, 0.455836, -0.090254, 0.38741, 0.380865, 0.407367, 0.394009, -0.017544, -0.017544, -0.015013, -0.007175, -0.015013, -0.015013, -0.066558, -0.017544, -0.012441, 0.003848, -0.007175, -0.009828, -0.009828, -0.009828, -0.062813, -0.064393, -0.061192, -0.066558, -0.068877, -0.066558, 0.561182, 0.407367, 0.514617], "NMI": [0.505225, 0.450412, 0.438057, 0.495424, 0.418489, 0.426169, 0.418489, 0.407315, 0.403679, 0.414719, 0.430082, 0.430082, 0.430082, 0.434044, 0.414719, 0.45464, 0.450412, 0.450412, 0.45464, 0.467671, 0.114827, 0.426169, 0.422305, 0.438057, 0.430082, 0.193434, 0.193434, 0.19521, 0.200598, 0.19521, 0.19521, 0.053021, 0.193434, 0.196996, 0.207926, 0.200598, 0.198792, 0.198792, 0.198792, 0.156471, 0.154872, 0.158076, 0.053021, 0.150108, 0.053021, 0.536488, 0.438057, 0.505225], "FMI": [0.79045, 0.749336, 0.739623, 0.783358, 0.723975, 0.730152, 0.723975, 0.714923, 0.711964, 0.720929, 0.733281, 0.733281, 0.733281, 0.736438, 0.720929, 0.752626, 0.749336, 0.749336, 0.752626, 0.762649, 0.628392, 0.730152, 0.727049, 0.739623, 0.733281, 0.585707, 0.585707, 0.585661, 0.585738, 0.585661, 0.585661, 0.712006, 0.585707, 0.585651, 0.586345, 0.585738, 0.585676, 0.585676, 0.585676, 0.595456, 0.596282, 0.594662, 0.712006, 0.59895, 0.712006, 0.812255, 0.739623, 0.79045], "FILE_NAME": ["snn_dpc__k_10.json", "snn_dpc__k_11.json", "snn_dpc__k_12.json", "snn_dpc__k_13.json", "snn_dpc__k_14.json", "snn_dpc__k_15.json", "snn_dpc__k_16.json", "snn_dpc__k_17.json", "snn_dpc__k_18.json", "snn_dpc__k_19.json", "snn_dpc__k_20.json", "snn_dpc__k_21.json", "snn_dpc__k_22.json", "snn_dpc__k_23.json", "snn_dpc__k_24.json", "snn_dpc__k_25.json", "snn_dpc__k_26.json", "snn_dpc__k_27.json", "snn_dpc__k_28.json", "snn_dpc__k_29.json", "snn_dpc__k_3.json", "snn_dpc__k_30.json", "snn_dpc__k_31.json", "snn_dpc__k_32.json", "snn_dpc__k_33.json", "snn_dpc__k_34.json", "snn_dpc__k_35.json", "snn_dpc__k_36.json", "snn_dpc__k_37.json", "snn_dpc__k_38.json", "snn_dpc__k_39.json", "snn_dpc__k_4.json", "snn_dpc__k_40.json", "snn_dpc__k_41.json", "snn_dpc__k_42.json", "snn_dpc__k_43.json", "snn_dpc__k_44.json", "snn_dpc__k_45.json", "snn_dpc__k_46.json", "snn_dpc__k_47.json", "snn_dpc__k_48.json", "snn_dpc__k_49.json", "snn_dpc__k_5.json", "snn_dpc__k_50.json", "snn_dpc__k_6.json", "snn_dpc__k_7.json", "snn_dpc__k_8.json", "snn_dpc__k_9.json"], "cluster_acc": 0.876676, "adjusted_mutual_info": 0.535477, "adjusted_rand_index": 0.561182, "fowlkes_mallows_index": 0.812255, "normalized_mutual_info": 0.536488, "file_name": "snn_dpc__k_7.json"}