{"ACC": [0.89008, 0.89008, 0.89008, 0.903485, 0.911528, 0.908847, 0.914209, 0.914209, 0.922252, 0.922252], "AMI": [0.507711, 0.498454, 0.498454, 0.531186, 0.552513, 0.530452, 0.545607, 0.545607, 0.569756, 0.569756], "ARI": [0.599432, 0.598812, 0.598812, 0.640959, 0.667072, 0.657045, 0.674691, 0.674691, 0.701706, 0.701706], "NMI": [0.508801, 0.499567, 0.499567, 0.532234, 0.553518, 0.531513, 0.546637, 0.546637, 0.570737, 0.570737], "FMI": [0.83218, 0.832516, 0.832516, 0.851675, 0.863375, 0.86014, 0.867973, 0.867973, 0.879836, 0.879836], "FILE_NAME": ["sc__gamma_0.5.json", "sc__gamma_1.0.json", "sc__gamma_1.5.json", "sc__gamma_2.0.json", "sc__gamma_2.5.json", "sc__gamma_3.0.json", "sc__gamma_3.5.json", "sc__gamma_4.0.json", "sc__gamma_4.5.json", "sc__gamma_5.0.json"], "cluster_acc": 0.922252, "adjusted_mutual_info": 0.569756, "adjusted_rand_index": 0.701706, "fowlkes_mallows_index": 0.879836, "normalized_mutual_info": 0.570737, "file_name": "sc__gamma_4.5.json"}