{"center": [7, 78, 147], "label": [0, 0, 0, 0, 0, 0, 0, 0, 0, 0, 0, 0, 0, 0, 0, 0, 0, 0, 0, 0, 0, 0, 0, 0, 0, 0, 0, 0, 0, 0, 0, 0, 0, 0, 0, 0, 0, 0, 0, 0, 0, 0, 0, 0, 0, 0, 0, 0, 0, 0, 1, 1, 1, 1, 1, 1, 1, 1, 1, 1, 1, 1, 1, 1, 1, 1, 1, 1, 1, 1, 1, 1, 1, 1, 1, 1, 1, 1, 1, 1, 1, 1, 1, 1, 1, 1, 1, 1, 1, 1, 1, 1, 1, 1, 1, 1, 1, 1, 1, 1, 2, 1, 2, 1, 2, 2, 1, 2, 1, 2, 2, 1, 2, 1, 2, 2, 1, 2, 2, 1, 2, 1, 2, 1, 2, 2, 1, 1, 2, 2, 2, 2, 2, 1, 1, 2, 2, 2, 1, 2, 2, 2, 1, 2, 2, 2, 1, 2, 2, 1], "davies_bouldin": 0.74733, "calinski_harabasz": 346.413845, "silhouette_coefficient": 0.506349, "cluster_acc": 0.88, "rand_index": 0.867919, "adjusted_rand_index": 0.707363, "mutual_info": 0.836621, "normalized_mutual_info": 0.777154, "adjusted_mutual_info": 0.7743, "homogeneity": 0.761525, "completeness": 0.793437, "v_measure": 0.777154, "h_c_v_m": [0.761525, 0.793437, 0.777154], "fowlkes_mallows_index": 0.808383}