{"center": [99, 39, 120], "label": [1, 1, 1, 1, 1, 1, 1, 1, 1, 1, 1, 1, 1, 1, 1, 1, 1, 1, 1, 1, 1, 1, 1, 1, 1, 1, 1, 1, 1, 1, 1, 1, 1, 1, 1, 1, 1, 1, 1, 1, 1, 1, 1, 1, 1, 1, 1, 1, 1, 1, 0, 0, 0, 0, 0, 0, 0, 0, 0, 0, 0, 0, 0, 0, 0, 0, 0, 0, 0, 0, 0, 0, 0, 0, 0, 0, 0, 2, 0, 0, 0, 0, 0, 0, 0, 0, 0, 0, 0, 0, 0, 0, 0, 0, 0, 0, 0, 0, 0, 0, 2, 0, 2, 2, 2, 2, 0, 2, 0, 2, 2, 0, 2, 0, 2, 2, 2, 2, 2, 0, 2, 0, 2, 0, 2, 2, 0, 0, 2, 2, 2, 2, 2, 0, 0, 2, 2, 2, 0, 2, 2, 2, 0, 2, 2, 2, 0, 2, 2, 0], "davies_bouldin": 0.753434, "calinski_harabasz": 351.545449, "silhouette_coefficient": 0.504638, "cluster_acc": 0.886667, "rand_index": 0.873736, "adjusted_rand_index": 0.718358, "mutual_info": 0.826509, "normalized_mutual_info": 0.762899, "adjusted_mutual_info": 0.759885, "homogeneity": 0.752321, "completeness": 0.77378, "v_measure": 0.762899, "h_c_v_m": [0.752321, 0.77378, 0.762899], "fowlkes_mallows_index": 0.814089}