{"center": [7, 78, 112], "label": [0, 0, 0, 0, 0, 0, 0, 0, 0, 0, 0, 0, 0, 0, 0, 0, 0, 0, 0, 0, 0, 0, 0, 0, 0, 0, 0, 0, 0, 0, 0, 0, 0, 0, 0, 0, 0, 0, 0, 0, 0, 0, 0, 0, 0, 0, 0, 0, 0, 0, 1, 1, 1, 1, 1, 1, 1, 1, 1, 1, 1, 1, 1, 1, 1, 1, 1, 1, 1, 1, 1, 1, 1, 1, 1, 1, 1, 1, 1, 1, 1, 1, 1, 1, 1, 1, 1, 1, 1, 1, 1, 1, 1, 1, 1, 1, 1, 1, 1, 1, 2, 1, 2, 1, 2, 2, 1, 2, 1, 2, 1, 1, 2, 1, 1, 1, 1, 2, 2, 1, 2, 1, 2, 1, 2, 2, 1, 1, 1, 2, 2, 2, 1, 1, 1, 2, 2, 1, 1, 2, 2, 2, 1, 2, 2, 2, 1, 1, 1, 1], "davies_bouldin": 0.74794, "calinski_harabasz": 315.237497, "silhouette_coefficient": 0.490966, "cluster_acc": 0.826667, "rand_index": 0.82783, "adjusted_rand_index": 0.62744, "mutual_info": 0.773118, "normalized_mutual_info": 0.735423, "adjusted_mutual_info": 0.731941, "homogeneity": 0.703723, "completeness": 0.770114, "v_measure": 0.735423, "h_c_v_m": [0.703723, 0.770114, 0.735423], "fowlkes_mallows_index": 0.76299}