{"center": [78, 7, 147], "label": [1, 1, 1, 1, 1, 1, 1, 1, 1, 1, 1, 1, 1, 1, 1, 1, 1, 1, 1, 1, 1, 1, 1, 1, 1, 1, 1, 1, 1, 1, 1, 1, 1, 1, 1, 1, 1, 1, 1, 1, 1, 1, 1, 1, 1, 1, 1, 1, 1, 1, 0, 0, 0, 0, 0, 0, 0, 0, 0, 0, 0, 0, 0, 0, 0, 0, 0, 0, 0, 0, 0, 0, 0, 0, 0, 0, 0, 0, 0, 0, 0, 0, 0, 0, 0, 0, 0, 0, 0, 0, 0, 0, 0, 0, 0, 0, 0, 0, 0, 0, 2, 0, 2, 0, 2, 2, 0, 2, 0, 2, 0, 0, 2, 0, 0, 2, 0, 2, 2, 0, 2, 0, 2, 0, 2, 2, 0, 0, 0, 2, 2, 2, 2, 0, 0, 2, 2, 0, 0, 2, 2, 2, 0, 2, 2, 2, 0, 0, 2, 0], "davies_bouldin": 0.741664, "calinski_harabasz": 331.992872, "silhouette_coefficient": 0.502038, "cluster_acc": 0.846667, "rand_index": 0.841521, "adjusted_rand_index": 0.653693, "mutual_info": 0.795372, "normalized_mutual_info": 0.74895, "adjusted_mutual_info": 0.745685, "homogeneity": 0.723979, "completeness": 0.775705, "v_measure": 0.74895, "h_c_v_m": [0.723979, 0.775705, 0.74895], "fowlkes_mallows_index": 0.776979}