{"center": [99, 17, 112], "label": [1, 1, 1, 1, 1, 1, 1, 1, 1, 1, 1, 1, 1, 1, 1, 1, 1, 1, 1, 1, 1, 1, 1, 1, 1, 1, 1, 1, 1, 1, 1, 1, 1, 1, 1, 1, 1, 1, 1, 1, 1, 1, 1, 1, 1, 1, 1, 1, 1, 1, 0, 0, 0, 0, 0, 0, 0, 0, 0, 0, 0, 0, 0, 0, 0, 0, 0, 0, 0, 0, 2, 0, 2, 0, 0, 0, 0, 2, 0, 0, 0, 0, 0, 2, 0, 0, 0, 0, 0, 0, 0, 0, 0, 0, 0, 0, 0, 0, 0, 0, 2, 2, 2, 2, 2, 2, 0, 2, 2, 2, 2, 2, 2, 2, 2, 2, 2, 2, 2, 2, 2, 2, 2, 2, 2, 2, 2, 2, 2, 2, 2, 2, 2, 2, 2, 2, 2, 2, 2, 2, 2, 2, 2, 2, 2, 2, 2, 2, 2, 2], "davies_bouldin": 0.846556, "calinski_harabasz": 322.052342, "silhouette_coefficient": 0.462071, "cluster_acc": 0.966667, "rand_index": 0.957494, "adjusted_rand_index": 0.903768, "mutual_info": 0.971809, "normalized_mutual_info": 0.885062, "adjusted_mutual_info": 0.883623, "homogeneity": 0.884578, "completeness": 0.885546, "v_measure": 0.885062, "h_c_v_m": [0.884578, 0.885546, 0.885062], "fowlkes_mallows_index": 0.935454}