{"center": [99, 39, 86], "label": [1, 1, 1, 1, 1, 1, 1, 1, 1, 1, 1, 1, 1, 1, 1, 1, 1, 1, 1, 1, 1, 1, 1, 1, 1, 1, 1, 1, 1, 1, 1, 1, 1, 1, 1, 1, 1, 1, 1, 1, 1, 1, 1, 1, 1, 1, 1, 1, 1, 1, 2, 2, 2, 0, 2, 0, 2, 0, 2, 0, 0, 2, 0, 2, 0, 2, 0, 0, 2, 0, 2, 2, 2, 2, 2, 2, 2, 2, 2, 0, 0, 0, 0, 2, 0, 2, 2, 2, 0, 0, 0, 2, 0, 0, 0, 0, 0, 2, 0, 0, 2, 2, 2, 2, 2, 2, 0, 2, 2, 2, 2, 2, 2, 2, 2, 2, 2, 2, 2, 2, 2, 2, 2, 2, 2, 2, 2, 2, 2, 2, 2, 2, 2, 2, 2, 2, 2, 2, 2, 2, 2, 2, 2, 2, 2, 2, 2, 2, 2, 2], "davies_bouldin": 0.731597, "calinski_harabasz": 307.298877, "silhouette_coefficient": 0.453782, "cluster_acc": 0.826667, "rand_index": 0.82783, "adjusted_rand_index": 0.624954, "mutual_info": 0.754823, "normalized_mutual_info": 0.713051, "adjusted_mutual_info": 0.709305, "homogeneity": 0.68707, "completeness": 0.741075, "v_measure": 0.713051, "h_c_v_m": [0.68707, 0.741075, 0.713051], "fowlkes_mallows_index": 0.759262}