{"center": [99, 0, 140], "label": [1, 1, 1, 1, 1, 1, 1, 1, 1, 1, 1, 1, 1, 1, 1, 1, 1, 1, 1, 1, 1, 1, 1, 1, 1, 1, 1, 1, 1, 1, 1, 1, 1, 1, 1, 1, 1, 1, 1, 1, 1, 1, 1, 1, 1, 1, 1, 1, 1, 1, 0, 0, 0, 0, 0, 0, 0, 0, 0, 0, 0, 0, 0, 0, 0, 0, 0, 0, 0, 0, 2, 0, 0, 0, 0, 0, 0, 2, 0, 0, 0, 0, 0, 2, 0, 0, 0, 0, 0, 0, 0, 0, 0, 0, 0, 0, 0, 0, 0, 0, 2, 2, 2, 2, 2, 2, 0, 2, 2, 2, 2, 2, 2, 2, 2, 2, 2, 2, 2, 0, 2, 2, 2, 2, 2, 2, 2, 2, 2, 2, 2, 2, 2, 0, 0, 2, 2, 2, 2, 2, 2, 2, 2, 2, 2, 2, 2, 2, 2, 2], "davies_bouldin": 0.817591, "calinski_harabasz": 336.355822, "silhouette_coefficient": 0.477819, "cluster_acc": 0.953333, "rand_index": 0.941745, "adjusted_rand_index": 0.868038, "mutual_info": 0.9299, "normalized_mutual_info": 0.846483, "adjusted_mutual_info": 0.844561, "homogeneity": 0.846431, "completeness": 0.846534, "v_measure": 0.846483, "h_c_v_m": [0.846431, 0.846534, 0.846483], "fowlkes_mallows_index": 0.911441}