{"center": [86, 0, 69], "label": [1, 1, 1, 1, 1, 1, 1, 1, 1, 1, 1, 1, 1, 1, 1, 1, 1, 1, 1, 1, 1, 1, 1, 1, 1, 1, 1, 1, 1, 1, 1, 1, 1, 1, 1, 1, 1, 1, 1, 1, 1, 1, 1, 1, 1, 1, 1, 1, 1, 1, 0, 0, 0, 2, 2, 2, 0, 2, 0, 2, 2, 2, 2, 2, 2, 0, 2, 2, 2, 2, 0, 2, 2, 2, 2, 0, 0, 0, 2, 2, 2, 2, 2, 2, 2, 0, 0, 2, 2, 2, 2, 2, 2, 2, 2, 2, 2, 2, 2, 2, 0, 0, 0, 0, 0, 0, 2, 0, 0, 0, 0, 0, 0, 0, 0, 0, 0, 0, 0, 2, 0, 0, 0, 0, 0, 0, 0, 0, 0, 0, 0, 0, 0, 2, 2, 0, 0, 0, 0, 0, 0, 0, 0, 0, 0, 0, 0, 0, 0, 0], "davies_bouldin": 0.774747, "calinski_harabasz": 344.398131, "silhouette_coefficient": 0.478328, "cluster_acc": 0.893333, "rand_index": 0.879732, "adjusted_rand_index": 0.728747, "mutual_info": 0.813426, "normalized_mutual_info": 0.743311, "adjusted_mutual_info": 0.740085, "homogeneity": 0.740412, "completeness": 0.746233, "v_measure": 0.743311, "h_c_v_m": [0.740412, 0.746233, 0.743311], "fowlkes_mallows_index": 0.818752}