{"center": [7, 112, 78], "label": [0, 0, 0, 0, 0, 0, 0, 0, 0, 0, 0, 0, 0, 0, 0, 0, 0, 0, 0, 0, 0, 0, 0, 0, 0, 0, 0, 0, 0, 0, 0, 0, 0, 0, 0, 0, 0, 0, 0, 0, 0, 0, 0, 0, 0, 0, 0, 0, 0, 0, 2, 2, 2, 2, 2, 2, 2, 2, 2, 2, 2, 2, 2, 2, 2, 2, 2, 2, 2, 2, 2, 2, 2, 2, 2, 2, 2, 2, 2, 2, 2, 2, 2, 2, 2, 2, 2, 2, 2, 2, 2, 2, 2, 2, 2, 2, 2, 2, 2, 2, 1, 2, 1, 2, 1, 1, 2, 1, 1, 1, 1, 2, 1, 2, 1, 1, 1, 1, 1, 2, 1, 2, 1, 2, 1, 1, 2, 2, 1, 1, 1, 1, 1, 2, 2, 1, 1, 1, 2, 1, 1, 1, 2, 1, 1, 1, 2, 1, 1, 2], "davies_bouldin": 0.750104, "calinski_harabasz": 351.611599, "silhouette_coefficient": 0.507423, "cluster_acc": 0.893333, "rand_index": 0.879732, "adjusted_rand_index": 0.732298, "mutual_info": 0.854915, "normalized_mutual_info": 0.790679, "adjusted_mutual_info": 0.788012, "homogeneity": 0.778177, "completeness": 0.803589, "v_measure": 0.790679, "h_c_v_m": [0.778177, 0.803589, 0.790679], "fowlkes_mallows_index": 0.823764}