{"center": [99, 39, 86], "label": [1, 1, 1, 1, 1, 1, 1, 1, 1, 1, 1, 1, 1, 1, 1, 1, 1, 1, 1, 1, 1, 1, 1, 1, 1, 1, 1, 1, 1, 1, 1, 1, 1, 1, 1, 1, 1, 1, 1, 1, 1, 1, 1, 1, 1, 1, 1, 1, 1, 1, 2, 2, 2, 0, 2, 0, 2, 0, 2, 0, 0, 2, 0, 2, 0, 2, 2, 0, 2, 0, 2, 2, 2, 2, 2, 2, 2, 2, 2, 0, 0, 0, 0, 2, 0, 2, 2, 2, 0, 0, 0, 2, 0, 0, 0, 0, 0, 2, 0, 0, 2, 2, 2, 2, 2, 2, 0, 2, 2, 2, 2, 2, 2, 2, 2, 2, 2, 2, 2, 2, 2, 2, 2, 2, 2, 2, 2, 2, 2, 2, 2, 2, 2, 2, 2, 2, 2, 2, 2, 2, 2, 2, 2, 2, 2, 2, 2, 2, 2, 2], "davies_bouldin": 0.724551, "calinski_harabasz": 304.896937, "silhouette_coefficient": 0.452666, "cluster_acc": 0.82, "rand_index": 0.823624, "adjusted_rand_index": 0.617044, "mutual_info": 0.747942, "normalized_mutual_info": 0.708944, "adjusted_mutual_info": 0.705129, "homogeneity": 0.680806, "completeness": 0.739509, "v_measure": 0.708944, "h_c_v_m": [0.680806, 0.739509, 0.708944], "fowlkes_mallows_index": 0.755175}