{"center": [7, 78, 147], "label": [0, 0, 0, 0, 0, 0, 0, 0, 0, 0, 0, 0, 0, 0, 0, 0, 0, 0, 0, 0, 0, 0, 0, 0, 0, 0, 0, 0, 0, 0, 0, 0, 0, 0, 0, 0, 0, 0, 0, 0, 0, 0, 0, 0, 0, 0, 0, 0, 0, 0, 1, 1, 1, 1, 1, 1, 1, 1, 1, 1, 1, 1, 1, 1, 1, 1, 1, 1, 1, 1, 1, 1, 1, 1, 1, 1, 1, 1, 1, 1, 1, 1, 1, 1, 1, 1, 1, 1, 1, 1, 1, 1, 1, 1, 1, 1, 1, 1, 1, 1, 2, 1, 2, 1, 2, 2, 1, 2, 1, 2, 1, 1, 2, 1, 1, 2, 1, 2, 2, 1, 2, 1, 2, 1, 2, 2, 1, 1, 2, 2, 2, 2, 2, 1, 1, 2, 2, 1, 1, 2, 2, 2, 1, 2, 2, 2, 1, 1, 2, 1], "davies_bouldin": 0.742431, "calinski_harabasz": 335.368324, "silhouette_coefficient": 0.503044, "cluster_acc": 0.853333, "rand_index": 0.846443, "adjusted_rand_index": 0.663434, "mutual_info": 0.803173, "normalized_mutual_info": 0.754001, "adjusted_mutual_info": 0.750813, "homogeneity": 0.73108, "completeness": 0.778407, "v_measure": 0.754001, "h_c_v_m": [0.73108, 0.778407, 0.754001], "fowlkes_mallows_index": 0.78245}