{"center": [47, 99, 140], "label": [0, 0, 0, 0, 0, 0, 0, 0, 0, 0, 0, 0, 0, 0, 0, 0, 0, 0, 0, 0, 0, 0, 0, 0, 0, 0, 0, 0, 0, 0, 0, 0, 0, 0, 0, 0, 0, 0, 0, 0, 0, 0, 0, 0, 0, 0, 0, 0, 0, 0, 1, 1, 1, 1, 1, 1, 1, 1, 1, 1, 1, 1, 1, 1, 1, 1, 1, 1, 1, 1, 1, 1, 1, 1, 1, 1, 1, 1, 1, 1, 1, 1, 1, 1, 1, 1, 1, 1, 1, 1, 1, 1, 1, 1, 1, 1, 1, 1, 1, 1, 2, 1, 2, 2, 2, 2, 1, 2, 1, 2, 2, 1, 2, 1, 1, 2, 2, 2, 2, 1, 2, 1, 2, 1, 2, 2, 1, 1, 1, 2, 2, 2, 1, 1, 1, 2, 2, 2, 1, 2, 2, 2, 1, 2, 2, 2, 1, 2, 2, 1], "davies_bouldin": 0.757997, "calinski_harabasz": 337.112913, "silhouette_coefficient": 0.495811, "cluster_acc": 0.873333, "rand_index": 0.862282, "adjusted_rand_index": 0.695636, "mutual_info": 0.827893, "normalized_mutual_info": 0.7709, "adjusted_mutual_info": 0.767959, "homogeneity": 0.753581, "completeness": 0.789035, "v_measure": 0.7709, "h_c_v_m": [0.753581, 0.789035, 0.7709], "fowlkes_mallows_index": 0.801294}