{"label": [0, 0, 0, 0, 0, 0, 0, 0, 0, 0, 0, 0, 0, -1, -1, 0, 0, 0, 0, 0, 0, -1, 0, 0, 0, -1, 0, 0, 0, 0, 0, 0, 0, 0, 0, 0, 0, 0, 0, -1, 0, -1, 0, -1, 0, -1, -1, 0, 0, 0, -1, 0, 0, 0, 0, 0, 0, 0, 0, -1, -1, -1, -1, -1, 0, -1, -1, 0, -1, -1, -1, -1, -1, -1, -1, -1, -1, -1, -1, -1, 0, 0, 0, -1, -1, 0, 0, 0, 0, 0, 0, 0, 0, -1, -1, -1, -1, 0, -1, -1, 0, 0, 0, 0, 0, -1, 0, 0, 0, 0, -1, 0, -1, -1, 0, -1, 0, 0, -1, -1, 0, -1, -1, -1, -1, 0, 0, -1, 0, -1, -1, 1, 1, 1, 2, 2, -1, -1, 2, 2, 2, -1, 2, -1, -1, 1, -1, 3, 3, 3, 3, 3, -1, -1, 2, 3, 3, -1, -1, -1, 3, 2, 2, 1, 3, 2, 3, 3, 3, -1, 1, 3, 3, 3, 3, 3, 3, 3], "eps": 0.4, "min_samples": 4, "davies_bouldin": 2.354209, "calinski_harabasz": 16.645532, "silhouette_coefficient": 0.049831, "cluster_acc": -1, "rand_index": 0.67511, "adjusted_rand_index": 0.27464, "mutual_info": 0.465244, "normalized_mutual_info": 0.399706, "adjusted_mutual_info": 0.386823, "homogeneity": 0.428386, "completeness": 0.374624, "v_measure": 0.399706, "h_c_v_m": [0.428386, 0.374624, 0.399706], "fowlkes_mallows_index": 0.520248}