{"label": [0, 0, 0, 0, -1, 0, 0, 0, 0, 0, 0, 0, 0, -1, -1, 0, 0, 0, 0, 0, 0, -1, 0, 0, 0, -1, 0, 0, 0, 0, 0, 0, 0, 0, 0, 0, 0, 0, 0, -1, 0, -1, 0, -1, 0, -1, -1, 0, 0, 0, -1, 0, 0, 0, 0, 0, 0, 0, 0, -1, -1, -1, -1, -1, -1, -1, -1, 0, -1, -1, -1, -1, -1, -1, -1, -1, -1, -1, -1, -1, 0, 0, -1, -1, -1, 0, 1, -1, 1, -1, 1, 1, 1, -1, -1, -1, -1, 0, -1, -1, 0, 0, 0, 0, 0, -1, 0, 1, 0, -1, -1, 0, -1, -1, 0, -1, 0, 0, -1, -1, 0, -1, -1, -1, -1, 0, 0, -1, 0, -1, -1, -1, -1, -1, -1, -1, -1, -1, 3, 3, 3, -1, 3, -1, -1, 2, -1, 2, 2, -1, -1, -1, -1, -1, -1, -1, 2, -1, -1, -1, 2, 3, 3, -1, 2, -1, 2, 2, 2, -1, -1, 2, 2, -1, 2, -1, -1, -1], "eps": 0.4, "min_samples": 6, "davies_bouldin": 2.052965, "calinski_harabasz": 13.697234, "silhouette_coefficient": -0.030875, "cluster_acc": -1, "rand_index": 0.646734, "adjusted_rand_index": 0.235345, "mutual_info": 0.386288, "normalized_mutual_info": 0.348721, "adjusted_mutual_info": 0.333587, "homogeneity": 0.355686, "completeness": 0.342023, "v_measure": 0.348721, "h_c_v_m": [0.355686, 0.342023, 0.348721], "fowlkes_mallows_index": 0.510807}