{"label": [0, 0, 0, 0, 0, 0, 0, 0, 0, 0, 0, 0, 0, 0, 0, 0, 0, 0, 0, 0, 0, 0, 0, 0, 0, 0, 0, 0, 0, 0, 0, 0, 0, 0, 0, 0, 0, 0, 0, 0, 0, 0, 0, 0, 0, 0, 0, 0, 0, 0, -1, 0, 0, 0, 0, 0, 0, 0, 0, -1, 1, 1, 0, 0, 0, 0, 0, 0, 1, -1, -1, -1, 0, -1, -1, 0, 0, 0, -1, 2, 0, 0, 0, 1, 0, 0, 0, 0, 0, 0, 0, 0, 0, 0, 0, -1, -1, 0, 0, -1, 0, 0, 0, 0, 0, -1, 0, 0, 0, 0, -1, 0, 0, 0, 0, -1, 0, 0, 1, 0, 0, -1, 2, -1, -1, 0, 0, -1, 0, 0, 1, 1, 1, 1, 1, 1, 1, 1, 1, 1, 1, 1, 1, 1, 1, 1, 1, 1, 1, 1, 1, 1, 1, 1, 1, 1, 1, 1, 3, 3, 1, 1, 1, 1, 1, 1, 1, 1, 1, 1, 1, 1, 1, 1, 1, 1, 1, 1], "eps": 0.5, "min_samples": 2, "davies_bouldin": 2.298449, "calinski_harabasz": 23.652237, "silhouette_coefficient": 0.127207, "cluster_acc": -1, "rand_index": 0.721958, "adjusted_rand_index": 0.42039, "mutual_info": 0.566804, "normalized_mutual_info": 0.542887, "adjusted_mutual_info": 0.531302, "homogeneity": 0.521901, "completeness": 0.565631, "v_measure": 0.542887, "h_c_v_m": [0.521901, 0.565631, 0.542887], "fowlkes_mallows_index": 0.646733}