{"label": [0, -1, 0, -1, -1, 0, 0, 0, 0, 0, 0, 0, 0, -1, -1, 0, 0, 0, -1, 0, 0, -1, 0, 0, 0, -1, 0, 0, 0, 0, 0, 0, 0, -1, 0, 0, 0, 0, -1, -1, 0, -1, 0, -1, 0, -1, -1, 0, 0, 0, -1, 0, -1, 0, 0, 0, 0, 0, 0, -1, -1, -1, -1, -1, -1, -1, -1, -1, -1, -1, -1, -1, -1, -1, -1, -1, -1, -1, -1, -1, -1, -1, -1, -1, -1, -1, -1, -1, -1, -1, -1, -1, -1, -1, -1, -1, -1, -1, -1, -1, -1, -1, -1, -1, -1, -1, -1, -1, -1, -1, -1, -1, -1, -1, -1, -1, -1, -1, -1, -1, -1, -1, -1, -1, -1, -1, -1, -1, -1, -1, -1, -1, -1, -1, -1, -1, -1, -1, -1, -1, -1, -1, -1, -1, -1, -1, -1, -1, -1, -1, -1, -1, -1, -1, -1, -1, -1, -1, -1, -1, -1, -1, -1, -1, -1, -1, -1, -1, -1, -1, -1, -1, -1, -1, -1, -1, -1, -1], "eps": 0.4, "min_samples": 10, "davies_bouldin": 1.519842, "calinski_harabasz": 35.937804, "silhouette_coefficient": 0.153143, "cluster_acc": -1, "rand_index": 0.609916, "adjusted_rand_index": 0.283627, "mutual_info": 0.347339, "normalized_mutual_info": 0.425553, "adjusted_mutual_info": 0.421498, "homogeneity": 0.319822, "completeness": 0.635718, "v_measure": 0.425553, "h_c_v_m": [0.319822, 0.635718, 0.425553], "fowlkes_mallows_index": 0.630512}