{"label": [0, -1, 0, 0, -1, 0, 0, 0, 0, 0, 0, 0, 0, -1, -1, 0, 0, 0, 0, 0, 0, -1, 0, 0, 0, -1, 0, 0, 0, 0, 0, 0, 0, -1, 0, 0, 0, 0, -1, -1, 0, -1, 0, -1, 0, -1, -1, 0, 0, 0, -1, 0, 0, 0, 0, 0, 0, 0, 0, -1, -1, -1, -1, -1, -1, -1, -1, -1, -1, -1, -1, -1, -1, -1, -1, -1, -1, -1, -1, -1, -1, -1, -1, -1, -1, -1, -1, -1, -1, -1, -1, -1, -1, -1, -1, -1, -1, -1, -1, -1, -1, -1, -1, -1, -1, -1, -1, -1, -1, -1, -1, -1, -1, -1, -1, -1, -1, -1, -1, -1, -1, -1, -1, -1, -1, -1, -1, -1, -1, -1, -1, -1, -1, -1, -1, -1, -1, -1, -1, -1, -1, -1, -1, -1, -1, -1, -1, -1, -1, -1, -1, -1, -1, -1, -1, -1, -1, -1, -1, -1, -1, -1, -1, -1, -1, -1, -1, -1, -1, -1, -1, -1, -1, -1, -1, -1, -1, -1], "eps": 0.4, "min_samples": 9, "davies_bouldin": 1.426522, "calinski_harabasz": 44.530329, "silhouette_coefficient": 0.185755, "cluster_acc": -1, "rand_index": 0.63791, "adjusted_rand_index": 0.328109, "mutual_info": 0.383782, "normalized_mutual_info": 0.464785, "adjusted_mutual_info": 0.461055, "homogeneity": 0.353378, "completeness": 0.678779, "v_measure": 0.464785, "h_c_v_m": [0.353378, 0.678779, 0.464785], "fowlkes_mallows_index": 0.65091}