{"label": [0, -1, 0, 0, -1, 0, 0, 0, 0, 0, 0, 0, 0, -1, -1, 0, 0, 0, 0, 0, 0, -1, 0, 0, 0, -1, 0, 0, 0, 0, 0, 0, 0, 0, 0, 0, 0, 0, 0, -1, 0, -1, 0, -1, 0, -1, -1, 0, 0, 0, -1, 0, 0, 0, 0, 0, 0, 0, 0, -1, -1, -1, -1, -1, -1, -1, -1, -1, -1, -1, -1, -1, -1, -1, -1, -1, -1, -1, -1, -1, -1, 1, -1, -1, -1, 1, -1, -1, -1, -1, -1, -1, -1, -1, -1, -1, -1, 1, -1, -1, 1, -1, 2, -1, 1, -1, 1, -1, 2, -1, -1, 2, -1, -1, 2, -1, -1, -1, -1, -1, 2, -1, -1, -1, -1, 2, 2, -1, 2, -1, -1, -1, -1, -1, -1, -1, -1, -1, -1, -1, -1, -1, -1, -1, -1, -1, -1, 3, 3, -1, -1, -1, -1, -1, -1, -1, 3, -1, -1, -1, 3, -1, -1, -1, 3, -1, -1, 3, -1, -1, -1, -1, 3, -1, 3, -1, -1, -1], "eps": 0.4, "min_samples": 8, "davies_bouldin": 1.827752, "calinski_harabasz": 16.448512, "silhouette_coefficient": -0.076922, "cluster_acc": -1, "rand_index": 0.671555, "adjusted_rand_index": 0.319638, "mutual_info": 0.504415, "normalized_mutual_info": 0.473384, "adjusted_mutual_info": 0.460626, "homogeneity": 0.464454, "completeness": 0.482663, "v_measure": 0.473384, "h_c_v_m": [0.464454, 0.482663, 0.473384], "fowlkes_mallows_index": 0.58713}