{"label": [0, -1, 0, 0, -1, 0, 0, 0, 0, 0, 0, 0, 0, -1, -1, 0, 0, 0, 0, 0, 0, -1, 0, 0, 0, -1, 0, 0, 0, 0, 0, 0, 0, 0, 0, 0, 0, 0, 0, -1, 0, -1, 0, -1, 0, -1, -1, 0, 0, 0, -1, 0, 0, 0, 0, 0, 0, 0, 0, -1, -1, -1, -1, -1, -1, -1, -1, 0, -1, -1, -1, -1, -1, -1, -1, -1, -1, -1, -1, -1, -1, 0, -1, -1, -1, 0, -1, -1, -1, -1, -1, -1, -1, -1, -1, -1, -1, 0, -1, -1, 0, 0, 1, -1, 0, -1, 0, -1, 0, -1, -1, 1, -1, -1, 1, -1, 0, 0, -1, -1, 1, -1, -1, -1, -1, 1, 1, -1, 1, -1, -1, -1, -1, -1, -1, -1, -1, -1, -1, -1, -1, -1, -1, -1, -1, 2, -1, 2, 2, -1, -1, -1, -1, -1, -1, -1, 2, -1, -1, -1, 2, -1, -1, -1, 2, -1, 2, 2, 2, -1, -1, -1, 2, -1, 2, -1, -1, -1], "eps": 0.4, "min_samples": 7, "davies_bouldin": 1.921423, "calinski_harabasz": 17.945179, "silhouette_coefficient": -0.052268, "cluster_acc": -1, "rand_index": 0.647051, "adjusted_rand_index": 0.263924, "mutual_info": 0.377775, "normalized_mutual_info": 0.365039, "adjusted_mutual_info": 0.353573, "homogeneity": 0.347847, "completeness": 0.384018, "v_measure": 0.365039, "h_c_v_m": [0.347847, 0.384018, 0.365039], "fowlkes_mallows_index": 0.548891}