{"label": [0, 0, 0, 0, 0, 0, 0, 0, 0, 0, 0, 0, 0, 0, 0, 0, 0, 0, 0, 0, 0, 0, 0, 0, 0, -1, 0, 0, 0, 0, 0, 0, 0, 0, 0, 0, 0, 0, 0, 0, 0, 0, 0, 0, 0, 0, 0, 0, 0, 0, -1, 0, 0, 0, 0, 0, 0, 0, 0, -1, -1, 1, 0, 0, 0, 0, 0, 0, -1, -1, -1, -1, 0, -1, -1, 0, 0, 0, -1, -1, 0, 0, 0, 1, -1, 0, 0, 0, 0, 0, 0, 0, 0, 0, 0, -1, -1, 0, -1, -1, 0, 0, 0, 0, 0, -1, 0, 0, 0, -1, -1, 0, 0, 0, 0, -1, 0, 0, 1, 0, 0, -1, -1, -1, -1, 0, 0, -1, 0, 0, 1, 1, 1, 1, 1, 1, 1, 1, 1, 1, 1, 1, 1, 1, 1, 1, 1, 1, 1, 1, 1, 1, -1, 1, 1, 1, 1, 1, -1, -1, 1, 1, 1, 1, 1, 1, 1, 1, 1, 1, 1, 1, 1, 1, 1, 1, 1, 1], "eps": 0.5, "min_samples": 8, "davies_bouldin": 3.154352, "calinski_harabasz": 40.601547, "silhouette_coefficient": 0.213553, "cluster_acc": 0.707865, "rand_index": 0.728433, "adjusted_rand_index": 0.426361, "mutual_info": 0.540606, "normalized_mutual_info": 0.525726, "adjusted_mutual_info": 0.520371, "homogeneity": 0.497778, "completeness": 0.556999, "v_measure": 0.525726, "h_c_v_m": [0.497778, 0.556999, 0.525726], "fowlkes_mallows_index": 0.644363}