{"label": [0, 0, 0, 0, 0, 0, 0, 0, 0, 0, 0, 0, 0, -1, -1, 0, 0, 0, 0, 0, 0, 1, 0, 0, 0, 0, 0, 0, 0, 0, 0, 0, 0, 0, 0, 0, 0, 0, 0, 0, 0, 1, 0, 1, 0, -1, -1, 0, 0, 0, -1, 0, 0, 0, 0, 0, 0, 0, 0, -1, -1, -1, -1, -1, 0, -1, -1, 0, -1, -1, -1, -1, -1, -1, -1, -1, -1, -1, -1, -1, 0, 0, 0, -1, 0, 0, 0, 0, 0, 0, 0, 0, 0, -1, -1, -1, -1, 0, -1, -1, 0, 0, 0, 0, 0, -1, 0, 0, 0, 0, -1, 0, -1, -1, 0, -1, 0, 0, -1, -1, 0, -1, -1, -1, -1, 0, 0, -1, 0, -1, -1, 2, 2, 2, 2, 2, -1, -1, 2, 2, 2, -1, 2, -1, -1, 2, -1, 2, 2, 2, 2, 2, -1, 2, 2, 2, 2, -1, -1, -1, 2, 2, 2, 2, 2, 2, 2, 2, 2, -1, 2, 2, 2, 2, 2, 2, 2, 2], "eps": 0.4, "min_samples": 3, "davies_bouldin": 2.630896, "calinski_harabasz": 21.608721, "silhouette_coefficient": 0.000275, "cluster_acc": -1, "rand_index": 0.717006, "adjusted_rand_index": 0.374841, "mutual_info": 0.524174, "normalized_mutual_info": 0.477026, "adjusted_mutual_info": 0.467989, "homogeneity": 0.482648, "completeness": 0.471533, "v_measure": 0.477026, "h_c_v_m": [0.482648, 0.471533, 0.477026], "fowlkes_mallows_index": 0.591167}