{"label": [0, 1, 2, 3, 4, 5, 6, 7, 8, 0, 9, 10, 10, 11, 12, 13, 14, 14, 15, 16, 0, 17, 6, 6, 6, 18, 13, 19, 20, 6, 21, 22, 23, 24, 25, 6, 26, 25, 19, 27, 0, 28, 29, 30, 0, 31, 32, 0, 33, 34, 35, 36, 37, 13, 38, 39, 0, 13, 40, 41, 42, 43, 44, 45, 46, 47, 48, 49, 50, 51, 52, 53, 54, 55, 56, 57, 58, 59, 60, 61, 62, 63, 64, 65, 66, 67, 68, 64, 69, 70, 71, 71, 71, 72, 73, 74, 75, 76, 45, 77, 78, 79, 80, 81, 82, 83, 84, 71, 85, 86, 87, 88, 89, 90, 91, 92, 82, 93, 94, 95, 96, 97, 98, 99, 100, 80, 101, 102, 103, 104, 105, 106, 106, 106, 107, 108, 109, 110, 111, 112, 113, 114, 113, 115, 116, 117, 118, 119, 120, 121, 122, 123, 124, 125, 126, 127, 128, 129, 130, 131, 132, 133, 113, 117, 134, 135, 136, 137, 138, 139, 117, 140, 134, 141, 120, 142, 143, 144], "eps": 0.3, "min_samples": 1, "davies_bouldin": 0.440352, "calinski_harabasz": 12.300649, "silhouette_coefficient": 0.044667, "cluster_acc": -1, "rand_index": 0.666286, "adjusted_rand_index": 0.016595, "mutual_info": 1.086038, "normalized_mutual_info": 0.365967, "adjusted_mutual_info": 0.090185, "homogeneity": 1.0, "completeness": 0.223966, "v_measure": 0.365967, "h_c_v_m": [1.0, 0.223966, 0.365967], "fowlkes_mallows_index": 0.112181}