{"label": [0, -1, -1, -1, -1, -1, 1, -1, -1, 0, -1, 2, 2, -1, -1, 3, 4, 4, -1, -1, 0, -1, 1, 1, 1, -1, 3, 5, -1, 1, -1, -1, -1, -1, 6, 1, -1, 6, 5, -1, 0, -1, -1, -1, 0, -1, -1, 0, -1, -1, -1, -1, -1, 3, -1, -1, 0, 3, -1, -1, -1, -1, -1, 7, -1, -1, -1, -1, -1, -1, -1, -1, -1, -1, -1, -1, -1, -1, -1, -1, -1, -1, 8, -1, -1, -1, -1, 8, -1, -1, 9, 9, 9, -1, -1, -1, -1, -1, 7, -1, -1, -1, 10, -1, 11, -1, -1, 9, -1, -1, -1, -1, -1, -1, -1, -1, 11, -1, -1, -1, -1, -1, -1, -1, -1, 10, -1, -1, -1, -1, -1, 12, 12, 12, -1, -1, -1, -1, -1, -1, 13, -1, 13, -1, -1, 14, -1, -1, 15, -1, -1, -1, -1, -1, -1, -1, -1, -1, -1, -1, -1, -1, 13, 14, 16, -1, -1, -1, -1, -1, 14, -1, 16, -1, 15, -1, -1, -1], "eps": 0.3, "min_samples": 2, "davies_bouldin": 1.498516, "calinski_harabasz": 2.484255, "silhouette_coefficient": -0.2687, "cluster_acc": -1, "rand_index": 0.514315, "adjusted_rand_index": 0.041194, "mutual_info": 0.321141, "normalized_mutual_info": 0.262578, "adjusted_mutual_info": 0.182239, "homogeneity": 0.2957, "completeness": 0.236128, "v_measure": 0.262578, "h_c_v_m": [0.2957, 0.236128, 0.262578], "fowlkes_mallows_index": 0.444188}