{"label": [0, 0, 0, 0, 0, 0, 0, 0, 0, 0, 0, 0, 0, 0, 0, 0, 0, 0, 0, 0, 0, 0, 0, 0, 0, -1, 0, 0, 0, 0, 0, 0, 0, 0, 0, 0, 0, 0, 0, 0, 0, 0, 0, 0, 0, 0, 0, 0, 0, 0, -1, 0, 0, 0, 0, 0, 0, 0, 0, -1, -1, -1, 0, 0, 0, 0, 0, 0, -1, -1, -1, -1, 0, -1, -1, 0, 0, 0, -1, -1, 0, 0, 0, 1, -1, 0, 0, 0, 0, 0, 0, 0, 0, 0, 0, -1, -1, 0, -1, -1, 0, 0, 0, 0, 0, -1, 0, 0, 0, -1, -1, 0, 0, 0, 0, -1, 0, 0, 1, 0, 0, -1, -1, -1, -1, 0, 0, -1, 0, -1, -1, 1, 1, -1, -1, 1, 1, 1, 1, 1, 1, 1, 1, 1, 1, 1, 1, 1, 1, 1, 1, 1, -1, 1, 1, 1, 1, 1, -1, -1, 1, 1, 1, 1, 1, 1, 1, 1, 1, 1, 1, 1, 1, 1, 1, 1, 1, 1], "eps": 0.5, "min_samples": 9, "davies_bouldin": 2.990658, "calinski_harabasz": 39.320448, "silhouette_coefficient": 0.206258, "cluster_acc": 0.702247, "rand_index": 0.722148, "adjusted_rand_index": 0.409829, "mutual_info": 0.526958, "normalized_mutual_info": 0.508731, "adjusted_mutual_info": 0.503232, "homogeneity": 0.485211, "completeness": 0.534648, "v_measure": 0.508731, "h_c_v_m": [0.485211, 0.534648, 0.508731], "fowlkes_mallows_index": 0.631396}