{"label": [0, 0, 0, 0, 0, 0, 0, 0, 0, 0, 0, 0, 0, 0, 0, 0, 0, 0, 0, 0, 0, 0, 0, 0, 0, 0, 0, 0, 0, 0, 0, 0, 0, 0, 0, 0, 0, 0, 0, 0, 0, 0, 0, 0, 0, 0, 0, 0, 0, 0, -1, 0, 0, 0, 0, 0, 0, 0, 0, -1, 1, 1, 0, 0, 0, 0, 0, 0, 1, -1, -1, -1, 0, -1, -1, 0, 0, 0, -1, -1, 0, 0, 0, 1, 0, 0, 0, 0, 0, 0, 0, 0, 0, 0, 0, -1, -1, 0, 0, -1, 0, 0, 0, 0, 0, -1, 0, 0, 0, 0, -1, 0, 0, 0, 0, -1, 0, 0, 1, 0, 0, -1, -1, -1, -1, 0, 0, -1, 0, 0, 1, 1, 1, 1, 1, 1, 1, 1, 1, 1, 1, 1, 1, 1, 1, 1, 1, 1, 1, 1, 1, 1, 1, 1, 1, 1, 1, 1, -1, -1, 1, 1, 1, 1, 1, 1, 1, 1, 1, 1, 1, 1, 1, 1, 1, 1, 1, 1], "eps": 0.5, "min_samples": 3, "davies_bouldin": 3.097342, "calinski_harabasz": 41.27667, "silhouette_coefficient": 0.230082, "cluster_acc": 0.691011, "rand_index": 0.72145, "adjusted_rand_index": 0.421218, "mutual_info": 0.528545, "normalized_mutual_info": 0.524887, "adjusted_mutual_info": 0.519385, "homogeneity": 0.486672, "completeness": 0.569616, "v_measure": 0.524887, "h_c_v_m": [0.486672, 0.569616, 0.524887], "fowlkes_mallows_index": 0.648778}