{"label": [0, 0, 0, 0, 0, 0, 0, 0, 0, 0, 0, 0, 0, -1, -1, 0, 0, 0, 0, 0, 0, 1, 0, 0, 0, 0, 0, 0, 0, 0, 0, 0, 0, 0, 0, 0, 0, 0, 0, 0, 0, 1, 0, 1, 0, -1, -1, 0, 0, 0, -1, 0, 0, 0, 0, 0, 0, 0, 0, -1, -1, -1, -1, 2, 0, -1, -1, 0, -1, -1, -1, -1, -1, -1, -1, -1, -1, -1, -1, -1, 0, 0, 0, -1, 0, 0, 0, 0, 0, 0, 0, 0, 0, -1, -1, -1, -1, 0, 2, -1, 0, 0, 0, 0, 0, -1, 0, 0, 0, 0, -1, 0, -1, -1, 0, -1, 0, 0, -1, -1, 0, -1, -1, -1, -1, 0, 0, -1, 0, -1, -1, 3, 3, 3, 3, 3, -1, -1, 3, 3, 3, -1, 3, -1, -1, 3, -1, 3, 3, 3, 3, 3, -1, 3, 3, 3, 3, -1, 4, 4, 3, 3, 3, 3, 3, 3, 3, 3, 3, -1, 3, 3, 3, 3, 3, 3, 3, 3], "eps": 0.4, "min_samples": 2, "davies_bouldin": 2.054134, "calinski_harabasz": 15.093601, "silhouette_coefficient": -0.018168, "cluster_acc": -1, "rand_index": 0.71853, "adjusted_rand_index": 0.372158, "mutual_info": 0.546012, "normalized_mutual_info": 0.475992, "adjusted_mutual_info": 0.460523, "homogeneity": 0.502755, "completeness": 0.451933, "v_measure": 0.475992, "h_c_v_m": [0.502755, 0.451933, 0.475992], "fowlkes_mallows_index": 0.585146}