{"label": [0, 0, 0, 0, 0, 0, 0, 0, 0, 0, 0, 0, 0, 0, 0, 0, 0, 0, 0, 0, 0, 0, 0, 0, 0, -1, 0, 0, 0, 0, 0, 0, 0, 0, 0, 0, 0, 0, 0, 0, 0, 0, 0, 0, 0, 0, 0, 0, 0, 0, -1, 0, 0, 0, 0, 0, 0, 0, 0, -1, -1, -1, 0, 0, 0, 0, 0, 0, -1, -1, -1, -1, 0, -1, -1, 0, 0, 0, -1, -1, 0, 0, 0, 1, -1, 0, 0, 0, 0, 0, 0, 0, 0, 0, 0, -1, -1, 0, -1, -1, 0, 0, 0, 0, 0, -1, 0, 0, 0, -1, -1, 0, 0, 0, 0, -1, 0, 0, 1, 0, 0, -1, -1, -1, -1, 0, 0, -1, 0, -1, -1, 1, 1, -1, -1, 1, 1, -1, 1, 1, 1, 1, 1, 1, 1, 1, 1, 1, 1, 1, 1, 1, -1, 1, 1, 1, 1, 1, -1, -1, 1, 1, 1, 1, 1, 1, 1, 1, 1, 1, 1, 1, 1, 1, 1, 1, 1, 1], "eps": 0.5, "min_samples": 10, "davies_bouldin": 2.920476, "calinski_harabasz": 38.025248, "silhouette_coefficient": 0.204113, "cluster_acc": 0.696629, "rand_index": 0.718276, "adjusted_rand_index": 0.401368, "mutual_info": 0.51784, "normalized_mutual_info": 0.499614, "adjusted_mutual_info": 0.494018, "homogeneity": 0.476815, "completeness": 0.524703, "v_measure": 0.499614, "h_c_v_m": [0.476815, 0.524703, 0.499614], "fowlkes_mallows_index": 0.625863}