{"label": [0, 0, 0, 0, -1, 0, 0, 0, 0, 0, 0, 0, 0, -1, -1, 0, 0, 0, 0, 0, 0, -1, 0, 0, 0, -1, 0, 0, 0, 0, 0, 0, 0, 0, 0, 0, 0, 0, 0, -1, 0, -1, 0, -1, 0, -1, -1, 0, 0, 0, -1, 0, 0, 0, 0, 0, 0, 0, 0, -1, -1, -1, -1, -1, 1, -1, -1, 0, -1, -1, -1, -1, -1, -1, -1, -1, -1, -1, -1, -1, 0, 0, 1, -1, -1, 0, 1, 1, 1, 0, 1, 1, 1, -1, -1, -1, -1, 0, -1, -1, 0, 0, 0, 0, 0, -1, 0, 1, 0, -1, -1, 0, -1, -1, 0, -1, 0, 0, -1, -1, 0, -1, -1, -1, -1, 0, 0, -1, 0, -1, -1, -1, -1, -1, -1, 2, -1, -1, 2, 2, 2, -1, 2, -1, -1, 3, -1, 3, 3, -1, -1, -1, -1, -1, -1, -1, 3, -1, -1, -1, 3, 2, 2, -1, 3, 2, 3, 3, 3, -1, -1, 3, 3, 3, 3, -1, -1, 3], "eps": 0.4, "min_samples": 5, "davies_bouldin": 2.082984, "calinski_harabasz": 15.802678, "silhouette_coefficient": -0.00738, "cluster_acc": -1, "rand_index": 0.654542, "adjusted_rand_index": 0.234347, "mutual_info": 0.418172, "normalized_mutual_info": 0.362796, "adjusted_mutual_info": 0.34904, "homogeneity": 0.385044, "completeness": 0.34298, "v_measure": 0.362796, "h_c_v_m": [0.385044, 0.34298, 0.362796], "fowlkes_mallows_index": 0.497483}