{"label": [0, 0, 0, 0, 0, 0, 0, 0, 0, 0, 0, 0, 0, 0, 0, 0, 0, 0, 0, 0, 0, 0, 0, 0, 0, 0, 0, 0, 0, 0, 0, 0, 0, 0, 0, 0, 0, 0, 0, 0, 0, 0, 0, 0, 0, 0, 0, 0, 0, 0, 1, 0, 0, 0, 0, 0, 0, 0, 0, 2, 3, 3, 0, 0, 0, 0, 0, 0, 3, 4, 5, 6, 0, 7, 8, 0, 0, 0, 9, 10, 0, 0, 0, 3, 0, 0, 0, 0, 0, 0, 0, 0, 0, 0, 0, 11, 12, 0, 0, 13, 0, 0, 0, 0, 0, 14, 0, 0, 0, 0, 15, 0, 0, 0, 0, 16, 0, 0, 3, 0, 0, 17, 10, 18, 19, 0, 0, 20, 0, 0, 3, 3, 3, 3, 3, 3, 3, 3, 3, 3, 3, 3, 3, 3, 3, 3, 3, 3, 3, 3, 3, 3, 3, 3, 3, 3, 3, 3, 21, 21, 3, 3, 3, 3, 3, 3, 3, 3, 3, 3, 3, 3, 3, 3, 3, 3, 3, 3], "eps": 0.5, "min_samples": 1, "davies_bouldin": 0.749166, "calinski_harabasz": 6.727827, "silhouette_coefficient": -0.071021, "cluster_acc": -1, "rand_index": 0.714404, "adjusted_rand_index": 0.400711, "mutual_info": 0.588501, "normalized_mutual_info": 0.494456, "adjusted_mutual_info": 0.432293, "homogeneity": 0.541879, "completeness": 0.454666, "v_measure": 0.494456, "h_c_v_m": [0.541879, 0.454666, 0.494456], "fowlkes_mallows_index": 0.631327}