{"label": [1, 1, 1, 1, 1, 1, 1, 1, 1, 1, 1, 1, 1, 1, 1, 1, 1, 1, 1, 1, 1, 1, 1, 1, 1, 1, 1, 1, 1, 1, 1, 1, 1, 1, 1, 1, 1, 1, 1, 1, 1, 0, 1, 1, 1, 1, 1, 1, 1, 1, 0, 0, 0, 0, 0, 0, 0, 0, 0, 0, 0, 0, 0, 0, 0, 0, 0, 0, 0, 0, 0, 0, 0, 0, 0, 0, 0, 0, 0, 0, 0, 0, 0, 0, 0, 0, 0, 0, 0, 0, 0, 0, 0, 0, 0, 0, 0, 0, 0, 0, 2, 0, 2, 0, 2, 2, 0, 2, 0, 2, 2, 0, 2, 0, 0, 2, 0, 2, 2, 0, 2, 0, 2, 0, 2, 2, 0, 0, 0, 2, 2, 2, 0, 0, 0, 2, 2, 0, 0, 2, 2, 2, 0, 2, 2, 2, 0, 0, 2, 0], "threshold": 0.1, "davies_bouldin": 0.743867, "calinski_harabasz": 305.447573, "silhouette_coefficient": 0.491246, "cluster_acc": 0.84, "rand_index": 0.830604, "adjusted_rand_index": 0.63043, "mutual_info": 0.760057, "normalized_mutual_info": 0.716585, "adjusted_mutual_info": 0.712894, "homogeneity": 0.691834, "completeness": 0.743174, "v_measure": 0.716585, "h_c_v_m": [0.691834, 0.743174, 0.716585], "fowlkes_mallows_index": 0.762339}