{"label": [0, 0, 0, 0, 0, 0, 0, 0, 0, 0, 0, 0, 0, 0, 0, 0, 0, 0, 0, 0, 0, 0, 0, 0, 0, 0, 0, 0, 0, 0, 0, 0, 0, 0, 0, 0, 0, 0, 0, 0, 0, 0, 0, 0, 0, 0, 0, 0, 0, 0, 1, 1, 1, 1, 1, 1, 1, 0, 1, 1, 0, 1, 1, 1, 1, 1, 1, 1, 1, 1, 1, 1, 1, 1, 1, 1, 1, 1, 1, 0, 1, 0, 1, 1, 1, 1, 1, 1, 1, 1, 1, 1, 1, 0, 1, 1, 1, 1, 0, 1, 1, 1, 1, 1, 1, 1, 1, 1, 1, 1, 1, 1, 1, 1, 1, 1, 1, 1, 1, 1, 1, 1, 1, 1, 1, 1, 1, 1, 1, 1, 1, 1, 1, 1, 1, 1, 1, 1, 1, 1, 1, 1, 1, 1, 1, 1, 1, 1, 1, 1], "threshold": 0.4, "davies_bouldin": 0.549993, "calinski_harabasz": 336.32745, "silhouette_coefficient": 0.601694, "cluster_acc": -1, "rand_index": 0.752662, "adjusted_rand_index": 0.514937, "mutual_info": 0.538398, "normalized_mutual_info": 0.612053, "adjusted_mutual_info": 0.609045, "homogeneity": 0.490071, "completeness": 0.814882, "v_measure": 0.612053, "h_c_v_m": [0.490071, 0.814882, 0.612053], "fowlkes_mallows_index": 0.731851}