{
    "label": [
        1,
        1,
        1,
        1,
        1,
        1,
        1,
        1,
        1,
        1,
        1,
        1,
        1,
        1,
        1,
        1,
        1,
        1,
        1,
        1,
        1,
        1,
        1,
        1,
        1,
        1,
        1,
        1,
        1,
        1,
        1,
        1,
        1,
        1,
        1,
        1,
        1,
        1,
        1,
        1,
        1,
        1,
        1,
        1,
        1,
        1,
        1,
        1,
        1,
        1,
        2,
        2,
        2,
        2,
        2,
        2,
        2,
        2,
        2,
        2,
        2,
        2,
        2,
        2,
        2,
        2,
        2,
        2,
        2,
        2,
        2,
        2,
        2,
        2,
        2,
        2,
        2,
        2,
        2,
        2,
        2,
        2,
        2,
        2,
        2,
        2,
        2,
        2,
        2,
        2,
        2,
        2,
        2,
        2,
        2,
        2,
        2,
        2,
        2,
        2,
        0,
        2,
        0,
        2,
        0,
        0,
        2,
        0,
        2,
        0,
        0,
        2,
        0,
        2,
        2,
        0,
        2,
        0,
        0,
        2,
        0,
        2,
        0,
        2,
        0,
        0,
        2,
        2,
        0,
        0,
        0,
        0,
        0,
        2,
        2,
        0,
        0,
        2,
        2,
        0,
        0,
        0,
        2,
        0,
        0,
        0,
        2,
        0,
        0,
        2
    ],
    "threshold": 0.3,
    "davies_bouldin": 0.740577,
    "calinski_harabasz": 342.617009,
    "silhouette_coefficient": 0.506162,
    "cluster_acc": 0.866667,
    "rand_index": 0.856823,
    "adjusted_rand_index": 0.684406,
    "mutual_info": 0.81942,
    "normalized_mutual_info": 0.764966,
    "adjusted_mutual_info": 0.761939,
    "homogeneity": 0.745868,
    "completeness": 0.785068,
    "v_measure": 0.764966,
    "h_c_v_m": [
        0.745868,
        0.785068,
        0.764966
    ],
    "fowlkes_mallows_index": 0.794607
}