{"label": [0, 0, 0, 0, 0, 0, 0, 0, 0, 0, 0, 0, 0, 0, 0, 0, 0, 0, 0, 0, 0, 0, 0, 0, 0, 0, 0, 0, 0, 0, 0, 0, 0, 0, 0, 0, 0, 0, 0, 0, 0, 0, 0, 0, 0, 0, 0, 0, 0, 0, 1, 1, 1, 0, 1, 0, 1, 0, 1, 0, 0, 0, 0, 0, 0, 1, 0, 0, 1, 0, 1, 0, 1, 0, 0, 1, 1, 1, 0, 0, 0, 0, 0, 1, 0, 1, 1, 0, 0, 0, 0, 0, 0, 0, 0, 0, 0, 0, 0, 0, 1, 1, 1, 1, 1, 1, 0, 1, 1, 1, 1, 1, 1, 1, 1, 1, 1, 1, 1, 1, 1, 1, 1, 1, 1, 1, 1, 1, 1, 1, 1, 1, 1, 1, 1, 1, 1, 1, 1, 1, 1, 1, 1, 1, 1, 1, 1, 1, 1, 1], "threshold": 0.5, "davies_bouldin": 0.788065, "calinski_harabasz": 194.038584, "silhouette_coefficient": 0.438923, "cluster_acc": -1, "rand_index": 0.717136, "adjusted_rand_index": 0.436431, "mutual_info": 0.442596, "normalized_mutual_info": 0.496505, "adjusted_mutual_info": 0.492658, "homogeneity": 0.402868, "completeness": 0.64685, "v_measure": 0.496505, "h_c_v_m": [0.402868, 0.64685, 0.496505], "fowlkes_mallows_index": 0.676363}