{"label": [2, 2, 2, 2, 2, 2, 2, 2, 2, 2, 2, 2, 2, 2, 2, 2, 2, 2, 2, 2, 2, 2, 2, 2, 2, 2, 2, 2, 2, 2, 2, 2, 2, 2, 2, 2, 2, 2, 2, 2, 2, 2, 2, 2, 2, 2, 2, 2, 2, 2, 2, 2, 2, 2, 2, 2, 2, 2, 2, 0, 1, 1, 0, 0, 0, 0, 0, 0, 1, 0, 1, 0, 0, 2, 0, 0, 0, 0, 0, 0, 0, 0, 0, 1, 0, 0, 0, 0, 0, 0, 0, 0, 1, 0, 0, 2, 0, 0, 0, 0, 0, 0, 0, 0, 0, 0, 0, 0, 0, 0, 0, 0, 0, 0, 0, 0, 0, 0, 1, 0, 0, 0, 0, 0, 0, 0, 0, 0, 0, 0, 1, 1, 1, 1, 1, 1, 1, 1, 1, 1, 1, 1, 1, 1, 1, 1, 1, 1, 1, 1, 1, 1, 1, 1, 1, 1, 1, 1, 1, 1, 1, 1, 1, 1, 1, 1, 1, 1, 1, 1, 1, 1, 1, 1, 1, 1, 1, 1], "center": [[0.311, 0.237, 0.473, 0.5, 0.248, 0.453, 0.382, 0.412, 0.398, 0.148, 0.474, 0.589, 0.156], [0.545, 0.479, 0.56, 0.538, 0.312, 0.245, 0.107, 0.619, 0.228, 0.483, 0.193, 0.161, 0.247], [0.706, 0.248, 0.585, 0.344, 0.411, 0.642, 0.555, 0.3, 0.477, 0.355, 0.478, 0.69, 0.594]], "davies_bouldin": 1.308617, "calinski_harabasz": 83.365611, "silhouette_coefficient": 0.300921, "cluster_acc": 0.949438, "rand_index": 0.93487, "adjusted_rand_index": 0.85366, "mutual_info": 0.91881, "normalized_mutual_info": 0.84168, "adjusted_mutual_info": 0.840007, "homogeneity": 0.84602, "completeness": 0.837384, "v_measure": 0.84168, "h_c_v_m": [0.84602, 0.837384, 0.84168], "fowlkes_mallows_index": 0.902621}