{"center": [140, 15, 133], "label": [1, 1, 1, 1, 1, 1, 1, 1, 1, 1, 1, 1, 1, 1, 1, 1, 1, 1, 1, 1, 1, 1, 1, 1, 1, 1, 1, 1, 1, 1, 1, 1, 1, 1, 1, 1, 1, 1, 1, 1, 1, 1, 1, 1, 1, 1, 1, 1, 1, 1, 1, 1, 1, 1, 1, 1, 1, 1, 1, 0, 0, 0, 0, 1, 0, 0, 1, 0, 0, 1, 2, 1, 0, 1, 1, 0, 0, 0, 1, 0, 0, 0, 0, 0, 1, 0, 0, 0, 0, 0, 0, 0, 0, 1, 1, 1, 2, 0, 1, 0, 0, 0, 0, 0, 0, 0, 0, 0, 0, 1, 0, 0, 0, 0, 0, 0, 0, 0, 2, 0, 1, 1, 0, 0, 0, 0, 0, 0, 0, 0, 2, 2, 2, 2, 0, 0, 0, 0, 0, 0, 0, 2, 0, 0, 0, 2, 0, 0, 0, 2, 2, 2, 2, 0, 0, 0, 0, 0, 2, 2, 0, 0, 0, 2, 0, 0, 0, 0, 0, 2, 2, 0, 0, 0, 0, 0, 0, 0], "davies_bouldin": 2.077872, "calinski_harabasz": 43.929649, "silhouette_coefficient": 0.171506, "cluster_acc": 0.713483, "rand_index": 0.735098, "adjusted_rand_index": 0.43861, "mutual_info": 0.50919, "normalized_mutual_info": 0.500652, "adjusted_mutual_info": 0.494907, "homogeneity": 0.46885, "completeness": 0.537081, "v_measure": 0.500652, "h_c_v_m": [0.46885, 0.537081, 0.500652], "fowlkes_mallows_index": 0.650613}