{"center": [140, 15, 133], "label": [1, 1, 1, 1, 1, 1, 1, 1, 1, 1, 1, 1, 1, 1, 1, 1, 1, 1, 1, 1, 1, 1, 1, 1, 1, 1, 1, 1, 1, 1, 1, 1, 1, 1, 1, 1, 1, 1, 1, 1, 1, 1, 1, 1, 1, 1, 1, 1, 1, 1, 1, 1, 1, 1, 1, 1, 1, 1, 1, 0, 0, 0, 0, 0, 0, 0, 0, 0, 0, 1, 2, 0, 0, 1, 0, 0, 0, 0, 1, 0, 0, 0, 0, 0, 0, 0, 0, 0, 0, 0, 0, 0, 0, 0, 0, 1, 2, 0, 0, 0, 0, 0, 0, 0, 0, 0, 0, 0, 0, 0, 0, 0, 0, 0, 0, 0, 0, 0, 2, 0, 0, 1, 0, 0, 0, 0, 0, 0, 0, 0, 2, 2, 2, 2, 0, 0, 0, 0, 0, 0, 0, 2, 0, 0, 0, 2, 0, 0, 0, 2, 2, 2, 2, 0, 0, 0, 0, 0, 2, 2, 0, 0, 0, 2, 0, 0, 0, 0, 0, 2, 2, 0, 0, 0, 0, 0, 0, 0], "davies_bouldin": 2.010009, "calinski_harabasz": 40.88188, "silhouette_coefficient": 0.162514, "cluster_acc": 0.769663, "rand_index": 0.782073, "adjusted_rand_index": 0.542549, "mutual_info": 0.594848, "normalized_mutual_info": 0.589385, "adjusted_mutual_info": 0.584623, "homogeneity": 0.547723, "completeness": 0.637907, "v_measure": 0.589385, "h_c_v_m": [0.547723, 0.637907, 0.589385], "fowlkes_mallows_index": 0.720084}