{"center": [35, 148, 12], "label": [2, 2, 2, 2, 0, 2, 2, 2, 2, 2, 2, 2, 2, 2, 2, 2, 2, 2, 2, 2, 2, 0, 0, 0, 0, 2, 2, 2, 2, 0, 2, 2, 2, 2, 2, 0, 2, 2, 0, 0, 2, 0, 2, 0, 0, 0, 2, 0, 2, 2, 2, 2, 2, 2, 2, 2, 2, 2, 2, 0, 1, 1, 0, 0, 0, 0, 0, 0, 1, 0, 1, 0, 0, 2, 0, 0, 0, 0, 0, 0, 0, 0, 0, 1, 0, 0, 0, 0, 0, 0, 0, 0, 0, 0, 0, 2, 0, 0, 0, 0, 0, 0, 0, 0, 0, 0, 0, 0, 0, 0, 0, 0, 0, 0, 0, 0, 0, 0, 1, 0, 0, 0, 0, 0, 0, 0, 0, 0, 0, 0, 1, 1, 1, 1, 1, 1, 1, 1, 1, 1, 1, 1, 1, 1, 1, 1, 1, 1, 1, 1, 1, 1, 1, 1, 1, 1, 1, 1, 1, 1, 1, 1, 1, 1, 1, 1, 1, 1, 1, 1, 1, 1, 1, 1, 1, 1, 1, 1], "davies_bouldin": 1.386888, "calinski_harabasz": 73.522994, "silhouette_coefficient": 0.255651, "cluster_acc": 0.876404, "rand_index": 0.847267, "adjusted_rand_index": 0.66047, "mutual_info": 0.728642, "normalized_mutual_info": 0.674043, "adjusted_mutual_info": 0.670561, "homogeneity": 0.670918, "completeness": 0.677197, "v_measure": 0.674043, "h_c_v_m": [0.670918, 0.677197, 0.674043], "fowlkes_mallows_index": 0.776479}