{"center": [148, 56, 97], "label": [1, 1, 1, 1, 1, 1, 1, 1, 1, 1, 1, 1, 1, 1, 1, 1, 1, 1, 1, 1, 1, 1, 1, 1, 1, 1, 1, 1, 1, 1, 1, 1, 1, 1, 1, 1, 1, 1, 1, 1, 1, 1, 1, 1, 1, 1, 1, 1, 1, 1, 1, 1, 1, 1, 1, 1, 1, 1, 1, 2, 2, 0, 2, 2, 2, 2, 2, 2, 0, 2, 2, 1, 2, 1, 2, 2, 2, 2, 2, 1, 2, 2, 2, 0, 2, 2, 2, 2, 2, 2, 2, 2, 2, 2, 2, 1, 2, 2, 2, 2, 2, 2, 2, 2, 2, 2, 2, 2, 2, 2, 2, 2, 2, 2, 2, 2, 2, 2, 0, 2, 2, 1, 1, 1, 1, 2, 2, 2, 2, 2, 0, 0, 0, 0, 0, 0, 0, 0, 0, 0, 0, 0, 0, 0, 0, 0, 0, 0, 0, 0, 0, 0, 0, 0, 0, 0, 0, 0, 0, 0, 0, 0, 0, 0, 0, 0, 0, 0, 0, 0, 0, 0, 0, 0, 0, 0, 0, 0], "davies_bouldin": 1.351218, "calinski_harabasz": 78.581848, "silhouette_coefficient": 0.286834, "cluster_acc": 0.932584, "rand_index": 0.910874, "adjusted_rand_index": 0.800134, "mutual_info": 0.869151, "normalized_mutual_info": 0.797636, "adjusted_mutual_info": 0.795493, "homogeneity": 0.800295, "completeness": 0.794994, "v_measure": 0.797636, "h_c_v_m": [0.800295, 0.794994, 0.797636], "fowlkes_mallows_index": 0.867219}