{"center": [148, 35, 117], "label": [1, 1, 1, 1, 1, 1, 1, 1, 1, 1, 1, 1, 1, 1, 1, 1, 1, 1, 1, 1, 1, 1, 1, 1, 1, 1, 1, 1, 1, 1, 1, 1, 1, 1, 1, 1, 1, 1, 1, 1, 1, 1, 1, 1, 1, 1, 1, 1, 1, 1, 1, 1, 1, 1, 1, 1, 1, 1, 1, 1, 0, 0, 1, 1, 1, 1, 1, 1, 1, 1, 0, 1, 1, 1, 1, 1, 1, 1, 1, 1, 1, 1, 1, 0, 1, 1, 1, 1, 1, 1, 1, 1, 1, 1, 1, 1, 1, 1, 1, 1, 1, 1, 1, 1, 1, 1, 1, 1, 1, 1, 1, 1, 1, 1, 1, 1, 1, 1, 0, 1, 1, 1, 1, 1, 1, 1, 1, 1, 1, 1, 0, 0, 0, 0, 0, 0, 0, 0, 0, 0, 0, 0, 0, 0, 0, 0, 0, 0, 0, 0, 0, 0, 0, 0, 0, 0, 0, 0, 0, 0, 0, 0, 0, 0, 0, 0, 0, 0, 0, 0, 0, 0, 0, 0, 0, 0, 0, 0], "davies_bouldin": 1.261869, "calinski_harabasz": 78.474886, "silhouette_coefficient": 0.30018, "cluster_acc": -1, "rand_index": 0.716625, "adjusted_rand_index": 0.461004, "mutual_info": 0.507342, "normalized_mutual_info": 0.598639, "adjusted_mutual_info": 0.59592, "homogeneity": 0.467149, "completeness": 0.833145, "v_measure": 0.598639, "h_c_v_m": [0.467149, 0.833145, 0.598639], "fowlkes_mallows_index": 0.716377}