{"center": [53, 148, 125], "label": [0, 0, 0, 0, 0, 0, 0, 0, 0, 0, 0, 0, 0, 0, 0, 0, 0, 0, 0, 0, 0, 0, 0, 0, 0, 0, 0, 0, 0, 0, 0, 0, 0, 0, 0, 0, 0, 0, 0, 0, 0, 0, 0, 0, 0, 0, 0, 0, 0, 0, 0, 0, 0, 0, 0, 0, 0, 0, 0, 2, 2, 1, 2, 2, 2, 2, 2, 2, 1, 2, 2, 0, 2, 0, 2, 2, 2, 2, 2, 0, 2, 2, 2, 1, 2, 2, 2, 2, 2, 2, 2, 2, 2, 2, 2, 2, 1, 2, 2, 2, 2, 2, 2, 2, 2, 2, 2, 2, 2, 2, 2, 2, 2, 2, 2, 2, 2, 2, 1, 2, 2, 0, 2, 0, 0, 2, 2, 2, 2, 2, 1, 1, 1, 1, 1, 1, 1, 1, 1, 1, 1, 1, 1, 1, 1, 1, 1, 1, 1, 1, 1, 1, 1, 1, 1, 1, 1, 1, 1, 1, 1, 1, 1, 1, 1, 1, 1, 1, 1, 1, 1, 1, 1, 1, 1, 1, 1, 1], "davies_bouldin": 1.347188, "calinski_harabasz": 78.571739, "silhouette_coefficient": 0.287429, "cluster_acc": 0.938202, "rand_index": 0.918492, "adjusted_rand_index": 0.817047, "mutual_info": 0.880586, "normalized_mutual_info": 0.807438, "adjusted_mutual_info": 0.805401, "homogeneity": 0.810824, "completeness": 0.80408, "v_measure": 0.807438, "h_c_v_m": [0.810824, 0.80408, 0.807438], "fowlkes_mallows_index": 0.878353}