{"center": [148, 56, 116], "label": [1, 1, 1, 1, 1, 1, 1, 1, 1, 1, 1, 1, 1, 1, 1, 1, 1, 1, 1, 1, 1, 1, 1, 1, 1, 1, 1, 1, 1, 1, 1, 1, 1, 1, 1, 1, 1, 1, 1, 1, 1, 1, 1, 1, 1, 1, 1, 1, 1, 1, 1, 1, 1, 1, 1, 1, 1, 1, 1, 2, 2, 0, 2, 2, 2, 2, 2, 2, 0, 2, 0, 2, 2, 1, 2, 2, 2, 2, 2, 1, 2, 2, 2, 0, 2, 2, 2, 2, 2, 2, 2, 2, 2, 2, 2, 1, 2, 2, 2, 2, 2, 2, 2, 2, 2, 2, 2, 2, 2, 2, 2, 2, 2, 2, 2, 2, 2, 2, 0, 2, 2, 2, 2, 1, 1, 2, 2, 2, 2, 2, 0, 0, 0, 0, 0, 0, 0, 0, 0, 0, 0, 0, 0, 0, 0, 0, 0, 0, 0, 0, 0, 0, 0, 0, 0, 0, 0, 0, 0, 0, 0, 0, 0, 0, 0, 0, 0, 0, 0, 0, 0, 0, 0, 0, 0, 0, 0, 0], "davies_bouldin": 1.33979, "calinski_harabasz": 80.161065, "silhouette_coefficient": 0.29267, "cluster_acc": 0.94382, "rand_index": 0.925728, "adjusted_rand_index": 0.83326, "mutual_info": 0.894425, "normalized_mutual_info": 0.819992, "adjusted_mutual_info": 0.818088, "homogeneity": 0.823566, "completeness": 0.816448, "v_measure": 0.819992, "h_c_v_m": [0.823566, 0.816448, 0.819992], "fowlkes_mallows_index": 0.889118}