{"center": [148, 56, 97], "label": [1, 1, 1, 1, 1, 1, 1, 1, 1, 1, 1, 1, 1, 1, 1, 1, 1, 1, 1, 1, 1, 1, 1, 1, 1, 1, 1, 1, 1, 1, 1, 1, 1, 1, 1, 1, 1, 1, 1, 1, 1, 1, 1, 1, 1, 1, 1, 1, 1, 1, 1, 1, 1, 1, 1, 1, 1, 1, 1, 2, 2, 0, 2, 2, 2, 2, 2, 2, 0, 2, 2, 1, 2, 1, 2, 2, 2, 2, 2, 1, 2, 2, 2, 0, 2, 2, 2, 2, 2, 2, 2, 2, 2, 2, 2, 1, 0, 2, 2, 2, 2, 2, 2, 2, 2, 2, 2, 2, 2, 2, 2, 2, 2, 2, 2, 2, 2, 2, 0, 2, 2, 1, 2, 1, 1, 2, 2, 2, 2, 2, 0, 0, 0, 0, 0, 0, 0, 0, 0, 0, 0, 0, 0, 0, 0, 0, 0, 0, 0, 0, 0, 0, 0, 0, 0, 0, 0, 0, 0, 0, 0, 0, 0, 0, 0, 0, 0, 0, 0, 0, 0, 0, 0, 0, 0, 0, 0, 0], "davies_bouldin": 1.338127, "calinski_harabasz": 79.0471, "silhouette_coefficient": 0.287635, "cluster_acc": 0.932584, "rand_index": 0.911382, "adjusted_rand_index": 0.801144, "mutual_info": 0.867602, "normalized_mutual_info": 0.795729, "adjusted_mutual_info": 0.793568, "homogeneity": 0.798868, "completeness": 0.792615, "v_measure": 0.795729, "h_c_v_m": [0.798868, 0.792615, 0.795729], "fowlkes_mallows_index": 0.86781}