{"center": [125, 131, 47], "label": [2, 0, 0, 0, 0, 0, 0, 0, 2, 2, 0, 0, 0, 0, 0, 0, 0, 0, 0, 0, 2, 0, 0, 0, 0, 0, 0, 0, 0, 2, 0, 0, 0, 0, 0, 0, 0, 0, 0, 0, 2, 0, 2, 0, 2, 0, 0, 2, 0, 0, 2, 0, 0, 0, 2, 0, 2, 0, 0, 0, 1, 1, 0, 2, 0, 0, 2, 0, 1, 0, 0, 0, 0, 0, 2, 0, 0, 0, 0, 0, 0, 0, 0, 1, 0, 0, 0, 0, 0, 0, 0, 0, 0, 0, 2, 0, 1, 0, 2, 0, 0, 0, 0, 0, 0, 0, 0, 0, 0, 0, 0, 0, 0, 0, 0, 0, 0, 0, 0, 0, 0, 0, 0, 0, 0, 0, 0, 0, 0, 0, 1, 1, 1, 1, 1, 1, 1, 1, 1, 1, 1, 1, 1, 1, 1, 1, 1, 1, 1, 1, 1, 1, 1, 1, 1, 1, 1, 1, 1, 1, 1, 1, 1, 1, 1, 1, 1, 1, 1, 1, 1, 1, 1, 1, 1, 1, 1, 1], "davies_bouldin": 2.056869, "calinski_harabasz": 42.886121, "silhouette_coefficient": 0.099716, "cluster_acc": 0.679775, "rand_index": 0.722846, "adjusted_rand_index": 0.432034, "mutual_info": 0.519695, "normalized_mutual_info": 0.52648, "adjusted_mutual_info": 0.520849, "homogeneity": 0.478524, "completeness": 0.585119, "v_measure": 0.52648, "h_c_v_m": [0.478524, 0.585119, 0.52648], "fowlkes_mallows_index": 0.662036}