{"center": [53, 148, 125], "label": [0, 0, 0, 0, 0, 0, 0, 0, 0, 0, 0, 0, 0, 0, 0, 0, 0, 0, 0, 0, 0, 2, 0, 0, 0, 0, 0, 0, 0, 0, 0, 0, 0, 0, 0, 0, 0, 0, 0, 0, 0, 2, 0, 2, 0, 2, 0, 0, 0, 0, 0, 0, 0, 0, 0, 0, 0, 0, 0, 2, 2, 1, 2, 2, 2, 2, 2, 2, 1, 2, 2, 0, 2, 0, 2, 2, 2, 2, 2, 2, 2, 2, 2, 1, 2, 2, 2, 2, 2, 2, 2, 2, 2, 2, 2, 2, 1, 2, 2, 2, 2, 2, 2, 2, 2, 2, 2, 2, 2, 2, 2, 2, 2, 2, 2, 2, 2, 2, 1, 2, 2, 2, 2, 2, 2, 2, 2, 2, 2, 2, 1, 1, 1, 1, 1, 1, 1, 1, 1, 1, 1, 1, 1, 1, 1, 1, 1, 1, 1, 1, 1, 1, 1, 1, 1, 1, 1, 1, 1, 1, 1, 1, 1, 1, 1, 1, 1, 1, 1, 1, 1, 1, 1, 1, 1, 1, 1, 1], "davies_bouldin": 1.34377, "calinski_harabasz": 79.116813, "silhouette_coefficient": 0.285677, "cluster_acc": 0.938202, "rand_index": 0.918492, "adjusted_rand_index": 0.81725, "mutual_info": 0.85886, "normalized_mutual_info": 0.788298, "adjusted_mutual_info": 0.786056, "homogeneity": 0.790819, "completeness": 0.785792, "v_measure": 0.788298, "h_c_v_m": [0.790819, 0.785792, 0.788298], "fowlkes_mallows_index": 0.878613}