{"center": [174, 35, 12], "label": [2, 2, 2, 2, 1, 2, 2, 2, 2, 2, 2, 2, 2, 2, 2, 2, 2, 2, 2, 1, 1, 1, 1, 1, 1, 2, 2, 2, 2, 1, 2, 2, 2, 2, 2, 1, 2, 2, 1, 1, 1, 1, 2, 1, 1, 2, 1, 1, 2, 2, 2, 2, 2, 2, 2, 2, 2, 2, 2, 1, 0, 0, 1, 1, 1, 1, 1, 1, 0, 1, 0, 1, 1, 2, 1, 1, 1, 1, 1, 1, 1, 1, 1, 0, 1, 1, 1, 1, 1, 1, 1, 1, 1, 1, 1, 2, 1, 1, 1, 1, 1, 1, 1, 1, 1, 1, 1, 1, 1, 1, 1, 1, 1, 1, 1, 1, 1, 1, 0, 1, 1, 1, 1, 1, 1, 1, 1, 1, 1, 1, 0, 0, 0, 0, 0, 0, 0, 0, 0, 0, 0, 0, 0, 0, 0, 0, 0, 0, 0, 0, 0, 0, 0, 0, 0, 0, 0, 0, 0, 0, 0, 0, 0, 0, 0, 0, 0, 0, 0, 0, 0, 0, 0, 0, 0, 0, 0, 0], "davies_bouldin": 1.417949, "calinski_harabasz": 70.197012, "silhouette_coefficient": 0.243525, "cluster_acc": 0.859551, "rand_index": 0.830318, "adjusted_rand_index": 0.624492, "mutual_info": 0.702034, "normalized_mutual_info": 0.652201, "adjusted_mutual_info": 0.648469, "homogeneity": 0.646417, "completeness": 0.65809, "v_measure": 0.652201, "h_c_v_m": [0.646417, 0.65809, 0.652201], "fowlkes_mallows_index": 0.754035}