{"center": [174, 56, 116], "label": [1, 1, 1, 1, 1, 1, 1, 1, 1, 1, 1, 1, 1, 1, 1, 1, 1, 1, 1, 1, 1, 1, 1, 1, 1, 1, 1, 1, 1, 1, 1, 1, 1, 1, 1, 1, 1, 1, 1, 1, 1, 1, 1, 1, 1, 1, 1, 1, 1, 1, 1, 1, 1, 1, 1, 1, 1, 1, 1, 2, 0, 0, 2, 2, 2, 2, 2, 2, 0, 2, 0, 2, 2, 1, 2, 2, 2, 2, 2, 2, 2, 2, 2, 0, 2, 2, 2, 2, 2, 2, 2, 2, 2, 2, 2, 1, 2, 2, 2, 2, 2, 2, 2, 2, 2, 2, 2, 2, 2, 2, 2, 2, 2, 2, 2, 2, 2, 2, 0, 2, 2, 2, 2, 1, 2, 2, 2, 2, 2, 2, 0, 0, 0, 0, 0, 0, 0, 0, 0, 0, 0, 0, 0, 0, 0, 0, 0, 0, 0, 0, 0, 0, 0, 0, 0, 0, 0, 0, 0, 0, 0, 0, 0, 0, 0, 0, 0, 0, 0, 0, 0, 0, 0, 0, 0, 0, 0, 0], "davies_bouldin": 1.314579, "calinski_harabasz": 82.222642, "silhouette_coefficient": 0.298606, "cluster_acc": 0.949438, "rand_index": 0.933917, "adjusted_rand_index": 0.851569, "mutual_info": 0.912731, "normalized_mutual_info": 0.836371, "adjusted_mutual_info": 0.834641, "homogeneity": 0.840422, "completeness": 0.832359, "v_measure": 0.836371, "h_c_v_m": [0.840422, 0.832359, 0.836371], "fowlkes_mallows_index": 0.901255}