{"label": [0, 0, 0, 0, 0, 0, 0, 0, 0, 0, 0, 0, 0, 0, 0, 0, 0, 0, 0, 0, 0, 0, 0, 0, 0, 0, 0, 0, 0, 0, 0, 0, 0, 0, 0, 0, 0, 0, 0, 0, 0, 0, 0, 0, 0, 0, 0, 0, 0, 0, 0, 0, 0, 0, 0, 0, 0, 0, 0, 0, 0, 2, 0, 0, 0, 0, 0, 0, 0, 1, 0, 0, 0, 0, 0, 0, 0, 0, 1, 0, 0, 0, 0, 2, 0, 0, 0, 0, 0, 0, 0, 0, 0, 0, 0, 1, 0, 0, 0, 0, 0, 0, 0, 0, 0, 0, 0, 0, 0, 0, 0, 0, 0, 0, 0, 0, 0, 0, 0, 0, 0, 0, 0, 0, 0, 0, 0, 0, 0, 0, 2, 2, 2, 2, 2, 2, 2, 2, 2, 2, 2, 2, 2, 2, 2, 2, 2, 2, 2, 2, 2, 2, 2, 2, 2, 2, 2, 2, 2, 2, 2, 2, 2, 2, 2, 2, 2, 2, 2, 2, 2, 2, 2, 2, 2, 2, 2, 2], "threshold": 0.6, "davies_bouldin": 1.237538, "calinski_harabasz": 41.025789, "silhouette_coefficient": 0.225737, "cluster_acc": 0.640449, "rand_index": 0.725386, "adjusted_rand_index": 0.474583, "mutual_info": 0.553204, "normalized_mutual_info": 0.628729, "adjusted_mutual_info": 0.623194, "homogeneity": 0.509378, "completeness": 0.821125, "v_measure": 0.628729, "h_c_v_m": [0.509378, 0.821125, 0.628729], "fowlkes_mallows_index": 0.721469}