{"label": [2, 2, 2, 2, 2, 2, 2, 2, 2, 2, 2, 2, 2, 2, 2, 2, 2, 2, 2, 2, 2, 2, 2, 2, 2, 2, 2, 2, 2, 2, 2, 2, 2, 2, 2, 2, 2, 2, 2, 2, 2, 2, 2, 2, 2, 2, 2, 2, 2, 2, 2, 2, 2, 2, 2, 2, 2, 2, 2, 0, 1, 1, 0, 0, 0, 0, 0, 0, 1, 0, 0, 0, 0, 0, 0, 0, 0, 0, 0, 0, 0, 0, 0, 1, 0, 0, 0, 0, 0, 0, 0, 0, 0, 0, 0, 0, 1, 0, 0, 0, 0, 0, 0, 0, 0, 0, 0, 0, 0, 0, 0, 0, 0, 0, 0, 0, 0, 0, 1, 0, 0, 0, 0, 0, 0, 0, 0, 0, 0, 0, 1, 1, 1, 1, 1, 1, 1, 1, 1, 1, 1, 1, 1, 1, 1, 1, 1, 1, 1, 1, 1, 1, 1, 1, 1, 1, 1, 1, 1, 1, 1, 1, 1, 1, 1, 1, 1, 1, 1, 1, 1, 1, 1, 1, 1, 1, 1, 1], "threshold": 0.2, "davies_bouldin": 1.319319, "calinski_harabasz": 80.882822, "silhouette_coefficient": 0.296497, "cluster_acc": 0.966292, "rand_index": 0.956961, "adjusted_rand_index": 0.903367, "mutual_info": 0.980213, "normalized_mutual_info": 0.898543, "adjusted_mutual_info": 0.89747, "homogeneity": 0.902558, "completeness": 0.894564, "v_measure": 0.898543, "h_c_v_m": [0.902558, 0.894564, 0.898543], "fowlkes_mallows_index": 0.935754}