{"label": [2, 2, 2, 2, 0, 2, 2, 2, 2, 2, 2, 2, 2, 2, 2, 2, 2, 2, 2, 2, 2, 2, 2, 2, 2, 0, 2, 2, 2, 2, 2, 2, 2, 2, 2, 2, 2, 2, 2, 2, 2, 2, 2, 2, 2, 2, 2, 2, 2, 2, 2, 2, 2, 2, 2, 2, 2, 2, 2, 1, 1, 1, 0, 0, 0, 2, 0, 0, 1, 0, 1, 0, 0, 0, 0, 0, 0, 0, 0, 0, 0, 2, 0, 1, 0, 0, 0, 0, 0, 0, 0, 0, 0, 0, 0, 0, 0, 0, 0, 0, 0, 0, 0, 0, 0, 0, 0, 0, 0, 0, 0, 0, 0, 0, 0, 0, 0, 0, 1, 0, 0, 0, 0, 0, 0, 0, 0, 0, 0, 0, 1, 1, 1, 1, 1, 1, 1, 1, 1, 1, 1, 1, 1, 1, 1, 1, 1, 1, 1, 1, 1, 1, 1, 1, 1, 1, 1, 1, 1, 1, 1, 1, 1, 1, 1, 1, 1, 1, 1, 1, 1, 1, 1, 1, 1, 1, 1, 1], "threshold": 0.3, "davies_bouldin": 1.345638, "calinski_harabasz": 79.591309, "silhouette_coefficient": 0.289907, "cluster_acc": 0.938202, "rand_index": 0.920015, "adjusted_rand_index": 0.820334, "mutual_info": 0.869192, "normalized_mutual_info": 0.796427, "adjusted_mutual_info": 0.794275, "homogeneity": 0.800333, "completeness": 0.792559, "v_measure": 0.796427, "h_c_v_m": [0.800333, 0.792559, 0.796427], "fowlkes_mallows_index": 0.88046}