{"label": [0, 0, 0, 0, 0, 0, 0, 0, 0, 0, 0, 0, 0, 0, 0, 0, 0, 0, 0, 0, 0, 0, 0, 0, 0, 0, 0, 0, 0, 0, 0, 0, 0, 0, 0, 0, 0, 0, 0, 0, 0, 0, 0, 0, 0, 0, 0, 0, 0, 0, 0, 0, 0, 0, 0, 0, 0, 0, 0, 1, 1, 1, 1, 0, 1, 0, 0, 0, 1, 0, 2, 0, 0, 0, 0, 1, 0, 1, 0, 0, 0, 0, 1, 2, 0, 0, 1, 1, 1, 1, 1, 1, 1, 0, 0, 0, 2, 0, 0, 0, 0, 1, 0, 1, 0, 1, 0, 1, 0, 0, 0, 0, 1, 1, 1, 1, 0, 0, 1, 1, 0, 0, 0, 0, 0, 0, 0, 1, 1, 1, 2, 2, 2, 2, 2, 2, 2, 2, 2, 2, 2, 2, 2, 2, 2, 2, 2, 2, 2, 2, 2, 2, 2, 2, 2, 2, 2, 2, 2, 2, 2, 2, 2, 2, 2, 2, 2, 2, 2, 2, 2, 2, 2, 2, 2, 2, 2, 2], "threshold": 0.4, "davies_bouldin": 1.429924, "calinski_harabasz": 62.765373, "silhouette_coefficient": 0.228311, "cluster_acc": 0.764045, "rand_index": 0.760046, "adjusted_rand_index": 0.489812, "mutual_info": 0.651865, "normalized_mutual_info": 0.630316, "adjusted_mutual_info": 0.626168, "homogeneity": 0.600223, "completeness": 0.663586, "v_measure": 0.630316, "h_c_v_m": [0.600223, 0.663586, 0.630316], "fowlkes_mallows_index": 0.681561}