{"center": [148, 56, 97], "label": [1, 1, 1, 1, 1, 1, 1, 1, 1, 1, 1, 1, 1, 1, 1, 1, 1, 1, 1, 1, 1, 1, 1, 1, 1, 1, 1, 1, 1, 1, 1, 1, 1, 1, 1, 1, 1, 1, 1, 1, 1, 1, 1, 1, 1, 1, 1, 1, 1, 1, 1, 1, 1, 1, 1, 1, 1, 1, 1, 2, 2, 2, 2, 2, 2, 2, 2, 2, 2, 2, 2, 2, 2, 1, 2, 2, 2, 2, 2, 1, 2, 2, 2, 0, 2, 2, 2, 2, 2, 2, 2, 2, 2, 2, 2, 2, 0, 2, 2, 1, 2, 2, 2, 2, 2, 2, 2, 2, 2, 2, 2, 2, 2, 2, 2, 1, 2, 2, 0, 1, 2, 1, 1, 2, 2, 2, 2, 2, 2, 1, 0, 0, 0, 0, 2, 2, 0, 0, 0, 0, 0, 0, 0, 0, 0, 0, 0, 0, 0, 0, 0, 0, 0, 0, 2, 0, 0, 0, 0, 0, 0, 0, 0, 0, 0, 0, 0, 0, 0, 0, 0, 0, 0, 0, 0, 0, 0, 0], "davies_bouldin": 1.480934, "calinski_harabasz": 66.8356, "silhouette_coefficient": 0.257388, "cluster_acc": 0.921348, "rand_index": 0.898051, "adjusted_rand_index": 0.771841, "mutual_info": 0.817571, "normalized_mutual_info": 0.751843, "adjusted_mutual_info": 0.749209, "homogeneity": 0.752801, "completeness": 0.750886, "v_measure": 0.751843, "h_c_v_m": [0.752801, 0.750886, 0.751843], "fowlkes_mallows_index": 0.848723}