{"center": [125, 148, 56], "label": [2, 2, 2, 2, 0, 2, 0, 2, 0, 2, 2, 2, 2, 2, 2, 2, 2, 2, 2, 0, 2, 0, 0, 0, 0, 0, 2, 2, 0, 0, 2, 2, 2, 2, 2, 0, 2, 2, 2, 0, 2, 0, 2, 0, 2, 0, 0, 2, 2, 2, 2, 2, 2, 2, 2, 2, 2, 2, 2, 0, 0, 0, 0, 0, 0, 0, 0, 0, 0, 0, 0, 0, 0, 0, 0, 0, 0, 0, 0, 0, 0, 0, 0, 0, 0, 0, 0, 0, 0, 0, 0, 0, 0, 0, 0, 0, 1, 0, 0, 0, 0, 0, 0, 0, 0, 0, 0, 0, 0, 0, 0, 0, 0, 0, 0, 0, 0, 0, 1, 0, 0, 0, 0, 0, 0, 0, 0, 0, 0, 0, 1, 1, 1, 1, 0, 0, 1, 1, 0, 1, 1, 1, 1, 0, 1, 1, 0, 1, 1, 1, 1, 1, 1, 1, 0, 1, 1, 1, 1, 1, 1, 1, 1, 1, 1, 0, 1, 1, 1, 1, 1, 1, 1, 1, 1, 1, 1, 1], "davies_bouldin": 1.472652, "calinski_harabasz": 54.233468, "silhouette_coefficient": 0.191987, "cluster_acc": 0.853933, "rand_index": 0.809814, "adjusted_rand_index": 0.588575, "mutual_info": 0.660863, "normalized_mutual_info": 0.626666, "adjusted_mutual_info": 0.622569, "homogeneity": 0.608508, "completeness": 0.645941, "v_measure": 0.626666, "h_c_v_m": [0.608508, 0.645941, 0.626666], "fowlkes_mallows_index": 0.737881}