{"center": [53, 148, 125], "label": [0, 0, 0, 0, 0, 0, 0, 0, 0, 0, 0, 0, 0, 0, 0, 0, 0, 0, 0, 0, 0, 2, 0, 0, 0, 0, 0, 0, 0, 0, 0, 0, 0, 0, 0, 0, 0, 0, 0, 0, 0, 2, 0, 2, 0, 2, 2, 0, 0, 0, 0, 0, 0, 0, 0, 0, 0, 0, 0, 2, 2, 2, 2, 2, 2, 2, 2, 2, 2, 2, 2, 2, 2, 0, 2, 2, 2, 2, 2, 0, 2, 2, 2, 1, 2, 2, 2, 2, 2, 2, 2, 2, 2, 2, 2, 2, 1, 2, 2, 0, 2, 2, 2, 2, 2, 2, 2, 2, 2, 2, 2, 2, 2, 2, 2, 0, 2, 2, 1, 0, 2, 0, 0, 2, 2, 2, 2, 2, 2, 0, 1, 1, 1, 1, 2, 2, 1, 1, 1, 1, 1, 1, 1, 1, 1, 1, 1, 1, 1, 1, 1, 1, 1, 1, 2, 1, 1, 1, 1, 1, 1, 1, 1, 1, 1, 1, 1, 1, 1, 1, 1, 1, 1, 1, 1, 1, 1, 1], "davies_bouldin": 1.57356, "calinski_harabasz": 62.137096, "silhouette_coefficient": 0.236345, "cluster_acc": 0.893258, "rand_index": 0.863455, "adjusted_rand_index": 0.694485, "mutual_info": 0.720946, "normalized_mutual_info": 0.663117, "adjusted_mutual_info": 0.659541, "homogeneity": 0.663831, "completeness": 0.662405, "v_measure": 0.663117, "h_c_v_m": [0.663831, 0.662405, 0.663117], "fowlkes_mallows_index": 0.797479}