{"center": [125, 148, 56], "label": [2, 2, 2, 2, 0, 2, 0, 2, 0, 2, 2, 2, 2, 2, 2, 2, 2, 2, 2, 0, 2, 0, 0, 0, 0, 0, 2, 2, 0, 0, 2, 2, 2, 2, 2, 0, 2, 2, 2, 0, 2, 0, 2, 0, 2, 0, 0, 2, 2, 2, 2, 2, 2, 2, 2, 2, 2, 2, 2, 0, 0, 0, 0, 0, 0, 0, 0, 0, 0, 0, 0, 0, 0, 0, 0, 0, 0, 0, 0, 0, 0, 0, 0, 1, 0, 0, 0, 0, 0, 0, 0, 0, 0, 0, 0, 0, 1, 0, 0, 0, 0, 0, 0, 0, 0, 0, 0, 0, 0, 0, 0, 0, 0, 0, 0, 0, 0, 0, 1, 0, 0, 0, 0, 0, 0, 0, 0, 0, 0, 0, 1, 1, 1, 1, 0, 0, 1, 1, 1, 1, 1, 1, 1, 1, 1, 1, 1, 1, 1, 1, 1, 1, 1, 1, 0, 1, 1, 1, 1, 1, 1, 1, 1, 1, 1, 1, 1, 1, 1, 1, 1, 1, 1, 1, 1, 1, 1, 1], "davies_bouldin": 1.441188, "calinski_harabasz": 62.229935, "silhouette_coefficient": 0.218565, "cluster_acc": 0.870787, "rand_index": 0.835016, "adjusted_rand_index": 0.639483, "mutual_info": 0.710529, "normalized_mutual_info": 0.667644, "adjusted_mutual_info": 0.664033, "homogeneity": 0.654239, "completeness": 0.68161, "v_measure": 0.667644, "h_c_v_m": [0.654239, 0.68161, 0.667644], "fowlkes_mallows_index": 0.767469}