{"label": [2, 2, 2, 2, 2, 2, 2, 2, 2, 2, 2, 2, 2, 2, 2, 2, 2, 2, 2, 2, 2, 2, 2, 2, 2, 1, 2, 2, 2, 2, 2, 2, 2, 2, 2, 2, 2, 2, 2, 2, 2, 2, 2, 2, 2, 2, 2, 2, 2, 2, 2, 2, 2, 2, 2, 2, 2, 2, 2, 1, 1, 1, 1, 1, 1, 1, 1, 1, 1, 1, 1, 1, 1, 2, 1, 1, 1, 1, 1, 1, 1, 1, 1, 0, 1, 1, 1, 1, 1, 1, 1, 1, 1, 1, 1, 2, 1, 1, 1, 1, 1, 1, 1, 1, 1, 1, 1, 1, 1, 1, 1, 1, 1, 1, 1, 1, 1, 1, 0, 1, 1, 1, 1, 1, 1, 1, 1, 1, 1, 1, 0, 0, 0, 0, 0, 0, 0, 0, 0, 0, 0, 0, 0, 0, 0, 0, 0, 0, 0, 0, 0, 0, 0, 0, 0, 0, 0, 0, 0, 0, 0, 0, 0, 0, 0, 0, 0, 0, 0, 0, 0, 0, 0, 0, 0, 0, 0, 0], "gamma": 1.5, "davies_bouldin": 1.312773, "calinski_harabasz": 82.646015, "silhouette_coefficient": 0.298754, "cluster_acc": 0.97191, "rand_index": 0.961341, "adjusted_rand_index": 0.913406, "mutual_info": 0.960319, "normalized_mutual_info": 0.882291, "adjusted_mutual_info": 0.881043, "homogeneity": 0.884241, "completeness": 0.88035, "v_measure": 0.882291, "h_c_v_m": [0.884241, 0.88035, 0.882291], "fowlkes_mallows_index": 0.942542}