{"label": [2, 2, 2, 2, 0, 2, 2, 2, 2, 2, 2, 2, 2, 2, 2, 2, 2, 2, 2, 2, 2, 2, 2, 2, 2, 0, 2, 2, 2, 2, 2, 2, 2, 2, 2, 2, 2, 2, 2, 2, 2, 2, 2, 2, 2, 2, 2, 2, 2, 2, 2, 2, 2, 2, 2, 2, 2, 2, 2, 0, 0, 0, 0, 0, 0, 0, 0, 0, 0, 0, 0, 0, 0, 0, 0, 0, 0, 0, 0, 0, 0, 0, 0, 1, 0, 0, 0, 0, 0, 0, 0, 0, 0, 0, 0, 0, 0, 0, 0, 0, 0, 0, 0, 0, 0, 0, 0, 0, 0, 0, 0, 0, 0, 0, 0, 0, 0, 0, 1, 0, 0, 0, 0, 0, 0, 0, 0, 0, 0, 0, 1, 1, 1, 1, 1, 1, 1, 1, 1, 1, 1, 1, 1, 1, 1, 1, 1, 1, 1, 1, 1, 1, 1, 1, 1, 1, 1, 1, 1, 1, 1, 1, 1, 1, 1, 1, 1, 1, 1, 1, 1, 1, 1, 1, 1, 1, 1, 1], "affinity": "euclidean", "linkage": "ward", "davies_bouldin": 1.318321, "calinski_harabasz": 81.33653, "silhouette_coefficient": 0.294834, "cluster_acc": 0.977528, "rand_index": 0.969149, "adjusted_rand_index": 0.931, "mutual_info": 0.98768, "normalized_mutual_info": 0.908641, "adjusted_mutual_info": 0.907671, "homogeneity": 0.909434, "completeness": 0.90785, "v_measure": 0.908641, "h_c_v_m": [0.909434, 0.90785, 0.908641], "fowlkes_mallows_index": 0.954282}