{"center": [99, 17, 112], "label": [1, 1, 1, 1, 1, 1, 1, 1, 1, 1, 1, 1, 1, 1, 1, 1, 1, 1, 1, 1, 1, 1, 1, 1, 1, 1, 1, 1, 1, 1, 1, 1, 1, 1, 1, 1, 1, 1, 1, 1, 1, 1, 1, 1, 1, 1, 1, 1, 1, 1, 0, 0, 0, 0, 2, 0, 0, 0, 0, 0, 0, 0, 0, 0, 0, 0, 0, 0, 2, 0, 2, 0, 2, 0, 0, 0, 0, 2, 0, 0, 0, 0, 0, 2, 0, 0, 0, 2, 0, 0, 0, 0, 0, 0, 0, 0, 0, 0, 0, 0, 2, 2, 2, 2, 2, 2, 0, 2, 2, 2, 2, 2, 2, 2, 2, 2, 2, 2, 2, 2, 2, 2, 2, 2, 2, 2, 2, 2, 2, 2, 2, 2, 2, 2, 2, 2, 2, 2, 2, 2, 2, 2, 2, 2, 2, 2, 2, 2, 2, 2], "davies_bouldin": 0.873132, "calinski_harabasz": 308.005562, "silhouette_coefficient": 0.447288, "cluster_acc": 0.946667, "rand_index": 0.934139, "adjusted_rand_index": 0.851169, "mutual_info": 0.926133, "normalized_mutual_info": 0.844853, "adjusted_mutual_info": 0.842906, "homogeneity": 0.843003, "completeness": 0.846711, "v_measure": 0.844853, "h_c_v_m": [0.843003, 0.846711, 0.844853], "fowlkes_mallows_index": 0.900363}