{"center": [78, 7, 147], "label": [1, 1, 1, 1, 1, 1, 1, 1, 1, 1, 1, 1, 1, 1, 1, 1, 1, 1, 1, 1, 1, 1, 1, 1, 1, 1, 1, 1, 1, 1, 1, 1, 1, 1, 1, 1, 1, 1, 1, 1, 1, 1, 1, 1, 1, 1, 1, 1, 1, 1, 0, 0, 0, 0, 0, 0, 0, 0, 0, 0, 0, 0, 0, 0, 0, 0, 0, 0, 0, 0, 0, 0, 0, 0, 0, 0, 0, 2, 0, 0, 0, 0, 0, 0, 0, 0, 0, 0, 0, 0, 0, 0, 0, 0, 0, 0, 0, 0, 0, 0, 2, 0, 2, 2, 0, 2, 0, 2, 0, 2, 2, 0, 2, 0, 0, 2, 2, 2, 2, 0, 2, 0, 2, 0, 2, 2, 0, 0, 0, 2, 2, 2, 0, 0, 0, 2, 2, 2, 0, 2, 2, 2, 0, 2, 2, 2, 0, 2, 2, 0], "davies_bouldin": 0.775601, "calinski_harabasz": 329.302227, "silhouette_coefficient": 0.48608, "cluster_acc": 0.86, "rand_index": 0.851544, "adjusted_rand_index": 0.671904, "mutual_info": 0.792231, "normalized_mutual_info": 0.737693, "adjusted_mutual_info": 0.734325, "homogeneity": 0.72112, "completeness": 0.755047, "v_measure": 0.737693, "h_c_v_m": [0.72112, 0.755047, 0.737693], "fowlkes_mallows_index": 0.785714}