{"center": [99, 0, 112], "label": [1, 1, 1, 1, 1, 1, 1, 1, 1, 1, 1, 1, 1, 1, 1, 1, 1, 1, 1, 1, 1, 1, 1, 1, 1, 1, 1, 1, 1, 1, 1, 1, 1, 1, 1, 1, 1, 1, 1, 1, 1, 1, 1, 1, 1, 1, 1, 1, 1, 1, 0, 0, 0, 0, 0, 0, 0, 0, 0, 0, 0, 0, 0, 0, 0, 0, 0, 0, 0, 0, 2, 0, 0, 0, 0, 0, 0, 2, 0, 0, 0, 0, 0, 0, 0, 0, 0, 0, 0, 0, 0, 0, 0, 0, 0, 0, 0, 0, 0, 0, 2, 2, 2, 2, 2, 2, 0, 2, 2, 2, 2, 2, 2, 2, 2, 2, 2, 2, 2, 0, 2, 2, 2, 2, 2, 2, 2, 2, 2, 2, 2, 2, 2, 0, 0, 2, 2, 2, 2, 2, 2, 2, 2, 2, 2, 2, 2, 2, 2, 2], "davies_bouldin": 0.80983, "calinski_harabasz": 339.508115, "silhouette_coefficient": 0.48167, "cluster_acc": 0.96, "rand_index": 0.94953, "adjusted_rand_index": 0.885697, "mutual_info": 0.949174, "normalized_mutual_info": 0.864186, "adjusted_mutual_info": 0.862485, "homogeneity": 0.863976, "completeness": 0.864395, "v_measure": 0.864186, "h_c_v_m": [0.863976, 0.864395, 0.864186], "fowlkes_mallows_index": 0.923307}