{
    "center": [
        9,
        101,
        122
    ],
    "label": [
        0,
        0,
        0,
        0,
        0,
        0,
        0,
        0,
        0,
        0,
        0,
        0,
        0,
        0,
        0,
        0,
        0,
        0,
        0,
        0,
        0,
        0,
        0,
        0,
        0,
        0,
        0,
        0,
        0,
        0,
        0,
        0,
        0,
        0,
        0,
        0,
        0,
        0,
        0,
        0,
        0,
        0,
        0,
        0,
        0,
        0,
        0,
        0,
        0,
        0,
        1,
        1,
        1,
        1,
        1,
        1,
        1,
        1,
        1,
        1,
        1,
        1,
        1,
        1,
        1,
        1,
        1,
        1,
        1,
        1,
        1,
        1,
        1,
        1,
        1,
        1,
        1,
        1,
        1,
        1,
        1,
        1,
        1,
        1,
        1,
        1,
        1,
        1,
        1,
        1,
        1,
        1,
        1,
        1,
        1,
        1,
        1,
        1,
        1,
        1,
        1,
        1,
        1,
        1,
        1,
        2,
        1,
        2,
        1,
        2,
        1,
        1,
        1,
        1,
        1,
        1,
        1,
        2,
        2,
        1,
        1,
        1,
        2,
        1,
        1,
        2,
        1,
        1,
        1,
        2,
        2,
        2,
        1,
        1,
        1,
        2,
        1,
        1,
        1,
        1,
        1,
        1,
        1,
        1,
        1,
        1,
        1,
        1,
        1,
        1
    ],
    "davies_bouldin": 0.75238,
    "calinski_harabasz": 244.83081,
    "silhouette_coefficient": 0.464418,
    "cluster_acc": 0.74,
    "rand_index": 0.787114,
    "adjusted_rand_index": 0.563766,
    "mutual_info": 0.691888,
    "normalized_mutual_info": 0.703805,
    "adjusted_mutual_info": 0.699523,
    "homogeneity": 0.629784,
    "completeness": 0.797543,
    "v_measure": 0.703805,
    "h_c_v_m": [
        0.629784,
        0.797543,
        0.703805
    ],
    "fowlkes_mallows_index": 0.742823
}