{"center": [99, 39, 140], "label": [1, 1, 1, 1, 1, 1, 1, 1, 1, 1, 1, 1, 1, 1, 1, 1, 1, 1, 1, 1, 1, 1, 1, 1, 1, 1, 1, 1, 1, 1, 1, 1, 1, 1, 1, 1, 1, 1, 1, 1, 1, 1, 1, 1, 1, 1, 1, 1, 1, 1, 2, 2, 2, 0, 2, 0, 2, 0, 2, 0, 0, 2, 0, 2, 0, 2, 2, 0, 2, 0, 2, 2, 2, 2, 2, 2, 2, 2, 2, 0, 0, 0, 0, 2, 2, 2, 2, 2, 0, 0, 0, 2, 0, 0, 0, 0, 0, 2, 0, 0, 2, 2, 2, 2, 2, 2, 0, 2, 2, 2, 2, 2, 2, 2, 2, 2, 2, 2, 2, 2, 2, 2, 2, 2, 2, 2, 2, 2, 2, 2, 2, 2, 2, 2, 2, 2, 2, 2, 2, 2, 2, 2, 2, 2, 2, 2, 2, 2, 2, 2], "davies_bouldin": 0.717856, "calinski_harabasz": 301.404169, "silhouette_coefficient": 0.450232, "cluster_acc": 0.813333, "rand_index": 0.819597, "adjusted_rand_index": 0.609625, "mutual_info": 0.74124, "normalized_mutual_info": 0.705099, "adjusted_mutual_info": 0.701217, "homogeneity": 0.674706, "completeness": 0.73836, "v_measure": 0.705099, "h_c_v_m": [0.674706, 0.73836, 0.705099], "fowlkes_mallows_index": 0.751487}