{"label": [0, 0, 0, 0, 0, 0, 0, 0, 0, 0, 0, 0, 0, 0, 0, -1, 0, 0, 0, 0, 0, 0, 0, 0, 0, 0, 0, 0, 0, 0, 0, 0, 0, 0, 0, 0, 0, 0, 0, 0, 0, -1, 0, 0, 0, 0, 0, 0, 0, 0, 1, 1, 1, 1, 1, 1, 1, 1, 1, 1, -1, 1, 1, 1, 1, 1, 1, 1, 1, 1, 1, 1, 1, 1, 1, 1, 1, 1, 1, 1, 1, 1, 1, 1, 1, 1, 1, 1, 1, 1, 1, 1, 1, 1, 1, 1, 1, 1, 1, 1, 1, 1, 1, 1, 1, 1, 1, 1, 1, 1, 1, 1, 1, 1, -1, 1, 1, -1, -1, 1, 1, 1, -1, 1, 1, 1, 1, 1, 1, 1, 1, -1, 1, 1, 1, 1, 1, 1, 1, 1, 1, 1, 1, 1, 1, 1, 1, 1, 1, 1], "eps": 0.2, "min_samples": 10, "davies_bouldin": 5.606082, "calinski_harabasz": 148.637166, "silhouette_coefficient": 0.514666, "cluster_acc": 0.68, "rand_index": 0.768054, "adjusted_rand_index": 0.534382, "mutual_info": 0.616794, "normalized_mutual_info": 0.645037, "adjusted_mutual_info": 0.639634, "homogeneity": 0.56143, "completeness": 0.757903, "v_measure": 0.645037, "h_c_v_m": [0.56143, 0.757903, 0.645037], "fowlkes_mallows_index": 0.733328}