{"label": [0, 0, 0, 0, 0, -1, 0, 0, -1, 0, 0, 0, 0, -1, -1, -1, -1, 0, -1, 0, 0, 0, -1, 0, 0, 0, 0, 0, 0, 0, 0, -1, -1, -1, 0, 0, 0, 0, 0, 0, 0, -1, 0, 0, 0, 0, 0, 0, 0, 0, -1, -1, -1, -1, -1, 1, -1, -1, -1, -1, -1, -1, -1, -1, 1, -1, -1, -1, -1, -1, -1, -1, -1, -1, -1, -1, -1, -1, -1, -1, -1, -1, 1, -1, -1, -1, -1, -1, 1, 1, 1, -1, 1, -1, 1, 1, 1, -1, -1, 1, -1, -1, -1, -1, -1, -1, -1, -1, -1, -1, -1, -1, -1, -1, -1, -1, -1, -1, -1, -1, -1, -1, -1, -1, -1, -1, -1, -1, -1, -1, -1, -1, -1, -1, -1, -1, -1, -1, -1, -1, -1, -1, -1, -1, -1, -1, -1, -1, -1, -1], "eps": 0.1, "min_samples": 7, "davies_bouldin": 1.551357, "calinski_harabasz": 69.980676, "silhouette_coefficient": 0.089013, "cluster_acc": 0.66, "rand_index": 0.650738, "adjusted_rand_index": 0.310786, "mutual_info": 0.446424, "normalized_mutual_info": 0.468843, "adjusted_mutual_info": 0.460897, "homogeneity": 0.406353, "completeness": 0.554046, "v_measure": 0.468843, "h_c_v_m": [0.406353, 0.554046, 0.468843], "fowlkes_mallows_index": 0.603896}