{"label": [0, 0, 0, 0, 0, -1, 0, 0, -1, 0, -1, 0, 0, -1, -1, -1, -1, 0, -1, 0, 0, 0, -1, -1, 0, 0, 0, 0, 0, 0, 0, -1, -1, -1, 0, 0, 0, 0, 0, 0, 0, -1, 0, -1, -1, 0, 0, 0, 0, 0, -1, -1, -1, -1, -1, -1, -1, -1, -1, -1, -1, -1, -1, -1, -1, -1, -1, -1, -1, -1, -1, -1, -1, -1, -1, -1, -1, -1, -1, -1, -1, -1, -1, -1, -1, -1, -1, -1, -1, -1, -1, -1, -1, -1, -1, -1, -1, -1, -1, -1, -1, -1, -1, -1, -1, -1, -1, -1, -1, -1, -1, -1, -1, -1, -1, -1, -1, -1, -1, -1, -1, -1, -1, -1, -1, -1, -1, -1, -1, -1, -1, -1, -1, -1, -1, -1, -1, -1, -1, -1, -1, -1, -1, -1, -1, -1, -1, -1, -1, -1], "eps": 0.1, "min_samples": 10, "davies_bouldin": 0.610832, "calinski_harabasz": 108.252271, "silhouette_coefficient": 0.431681, "cluster_acc": -1, "rand_index": 0.58443, "adjusted_rand_index": 0.244883, "mutual_info": 0.326261, "normalized_mutual_info": 0.399382, "adjusted_mutual_info": 0.39433, "homogeneity": 0.296975, "completeness": 0.609586, "v_measure": 0.399382, "h_c_v_m": [0.296975, 0.609586, 0.399382], "fowlkes_mallows_index": 0.607373}