{"label": [0, 0, 0, 0, 0, 0, 0, 0, 0, 0, 0, 0, 0, 0, 0, 0, 0, 0, 0, 0, 0, 0, 0, 0, 0, 0, 0, 0, 0, 0, 0, 0, 0, 0, 0, 0, 0, 0, 0, 0, 0, -1, 0, 0, 0, 0, 0, 0, 0, 0, 1, 1, 1, 1, 1, 1, 1, 1, 1, 1, 1, 1, 1, 1, 1, 1, 1, 1, 1, 1, 1, 1, 1, 1, 1, 1, 1, 1, 1, 1, 1, 1, 1, 1, 1, 1, 1, 1, 1, 1, 1, 1, 1, 1, 1, 1, 1, 1, 1, 1, 1, 1, 1, 1, 1, 1, 1, 1, 1, 1, 1, 1, 1, 1, 1, 1, 1, -1, 1, 1, 1, 1, 1, 1, 1, 1, 1, 1, 1, 1, 1, -1, 1, 1, 1, 1, 1, 1, 1, 1, 1, 1, 1, 1, 1, 1, 1, 1, 1, 1], "eps": 0.2, "min_samples": 6, "davies_bouldin": 3.117993, "calinski_harabasz": 163.992738, "silhouette_coefficient": 0.555068, "cluster_acc": 0.673333, "rand_index": 0.772081, "adjusted_rand_index": 0.553582, "mutual_info": 0.633162, "normalized_mutual_info": 0.695616, "adjusted_mutual_info": 0.690372, "homogeneity": 0.576329, "completeness": 0.877171, "v_measure": 0.695616, "h_c_v_m": [0.576329, 0.877171, 0.695616], "fowlkes_mallows_index": 0.756041}