{
    "label": [
        0,
        0,
        0,
        0,
        0,
        -1,
        0,
        0,
        -1,
        0,
        -1,
        0,
        0,
        -1,
        -1,
        -1,
        -1,
        0,
        -1,
        0,
        0,
        0,
        -1,
        0,
        0,
        0,
        0,
        0,
        0,
        0,
        0,
        -1,
        -1,
        -1,
        0,
        0,
        0,
        0,
        0,
        0,
        0,
        -1,
        0,
        0,
        -1,
        0,
        0,
        0,
        0,
        0,
        -1,
        -1,
        -1,
        -1,
        -1,
        1,
        -1,
        -1,
        -1,
        -1,
        -1,
        -1,
        -1,
        -1,
        1,
        -1,
        -1,
        -1,
        -1,
        -1,
        -1,
        -1,
        -1,
        -1,
        -1,
        -1,
        -1,
        -1,
        -1,
        -1,
        -1,
        -1,
        1,
        -1,
        -1,
        -1,
        -1,
        -1,
        1,
        -1,
        -1,
        -1,
        1,
        -1,
        1,
        1,
        1,
        -1,
        -1,
        1,
        -1,
        -1,
        -1,
        -1,
        -1,
        -1,
        -1,
        -1,
        -1,
        -1,
        -1,
        -1,
        -1,
        -1,
        -1,
        -1,
        -1,
        -1,
        -1,
        -1,
        -1,
        -1,
        -1,
        -1,
        -1,
        -1,
        -1,
        -1,
        -1,
        -1,
        -1,
        -1,
        -1,
        -1,
        -1,
        -1,
        -1,
        -1,
        -1,
        -1,
        -1,
        -1,
        -1,
        -1,
        -1,
        -1,
        -1,
        -1,
        -1,
        -1
    ],
    "eps": 0.1,
    "min_samples": 9,
    "davies_bouldin": 1.751375,
    "calinski_harabasz": 61.003184,
    "silhouette_coefficient": 0.037512,
    "cluster_acc": 0.633333,
    "rand_index": 0.62443,
    "adjusted_rand_index": 0.272846,
    "mutual_info": 0.406203,
    "normalized_mutual_info": 0.436872,
    "adjusted_mutual_info": 0.428119,
    "homogeneity": 0.369742,
    "completeness": 0.533785,
    "v_measure": 0.436872,
    "h_c_v_m": [
        0.369742,
        0.533785,
        0.436872
    ],
    "fowlkes_mallows_index": 0.590542
}