{"label": [0, 0, 0, 0, 0, 0, 0, 0, 0, 0, 0, 0, 0, 0, 1, 2, 0, 0, 3, 0, 0, 0, 4, 0, 0, 0, 0, 0, 0, 0, 0, 0, 5, 6, 0, 0, 0, 0, 0, 0, 0, 7, 0, 0, 0, 0, 0, 0, 0, 0, 8, 8, 8, 9, 8, 9, 8, 10, 8, 11, 12, 8, 13, 8, 9, 8, 8, 9, 14, 9, 15, 8, 16, 8, 8, 8, 8, 17, 8, 9, 9, 9, 9, 18, 8, 8, 8, 14, 9, 9, 9, 8, 9, 10, 9, 9, 9, 8, 10, 9, 19, 20, 21, 22, 23, 24, 25, 26, 27, 28, 22, 15, 29, 20, 30, 31, 22, 32, 33, 34, 29, 20, 24, 15, 35, 36, 15, 15, 23, 37, 26, 38, 23, 39, 40, 41, 19, 22, 15, 29, 29, 29, 20, 29, 29, 29, 15, 22, 19, 15], "eps": 0.1, "min_samples": 1, "davies_bouldin": 0.590151, "calinski_harabasz": 56.979633, "silhouette_coefficient": 0.052612, "cluster_acc": -1, "rand_index": 0.789172, "adjusted_rand_index": 0.429714, "mutual_info": 1.078518, "normalized_mutual_info": 0.556275, "adjusted_mutual_info": 0.47153, "homogeneity": 0.981709, "completeness": 0.388092, "v_measure": 0.556275, "h_c_v_m": [0.981709, 0.388092, 0.556275], "fowlkes_mallows_index": 0.599101}