{"label": [0, 0, 0, 0, 0, 0, 0, 0, 0, 0, 0, 0, 0, 0, -1, -1, -1, 0, -1, 0, 0, 0, -1, 0, 0, 0, 0, 0, 0, 0, 0, 0, -1, -1, 0, 0, 0, 0, 0, 0, 0, -1, 0, 0, 0, 0, 0, 0, 0, 0, -1, 2, 2, 1, 2, 1, -1, -1, 2, -1, -1, 2, -1, 2, 1, 2, 2, 1, -1, 1, 6, 2, -1, 2, 2, 2, 2, -1, 2, 1, 1, 1, 1, -1, -1, -1, 2, -1, 1, 1, 1, 2, 1, -1, 1, 1, 1, 2, -1, 1, -1, 3, -1, 4, -1, -1, -1, -1, -1, -1, -1, 5, -1, 3, -1, -1, 4, -1, -1, -1, 7, 3, -1, 5, -1, -1, 5, 6, -1, -1, -1, -1, -1, -1, -1, -1, -1, 4, 6, -1, 7, -1, 3, 7, 7, 7, 5, 4, -1, 6], "eps": 0.1, "min_samples": 4, "davies_bouldin": 3.208952, "calinski_harabasz": 28.161197, "silhouette_coefficient": 0.134192, "cluster_acc": -1, "rand_index": 0.753378, "adjusted_rand_index": 0.393767, "mutual_info": 0.742728, "normalized_mutual_info": 0.527478, "adjusted_mutual_info": 0.505443, "homogeneity": 0.67606, "completeness": 0.432438, "v_measure": 0.527478, "h_c_v_m": [0.67606, 0.432438, 0.527478], "fowlkes_mallows_index": 0.566338}