{"label": [0, 0, 0, 0, 0, 0, 0, 0, 0, 0, 0, 0, 0, 0, 0, 0, 0, 0, 0, 0, 0, 0, 0, 0, 0, 0, 0, 0, 0, 0, 0, 0, 0, 0, 0, 0, 0, 0, 0, 0, 0, 0, 0, 0, 0, 0, 0, 0, 0, 0, 1, 1, 1, 1, 1, 1, 1, 1, 1, 1, 1, 1, 1, 1, 1, 1, 1, 1, 1, 1, 1, 1, 1, 1, 1, 1, 1, 1, 1, 1, 1, 1, 1, 1, 1, 1, 1, 1, 1, 1, 1, 1, 1, 1, 1, 1, 1, 1, 1, 1, 1, 1, 1, 1, 1, 1, 1, 1, 1, 1, 1, 1, 1, 1, 1, 1, 1, 1, 1, 1, 1, 1, 1, 1, 1, 1, 1, 1, 1, 1, 1, 1, 1, 1, 1, 1, 1, 1, 1, 1, 1, 1, 1, 1, 1, 1, 1, 1, 1, 1], "eps": 0.4, "min_samples": 3, "davies_bouldin": 0.487922, "calinski_harabasz": 353.078554, "silhouette_coefficient": 0.629304, "cluster_acc": -1, "rand_index": 0.776286, "adjusted_rand_index": 0.568116, "mutual_info": 0.636514, "normalized_mutual_info": 0.73368, "adjusted_mutual_info": 0.731585, "homogeneity": 0.57938, "completeness": 1.0, "v_measure": 0.73368, "h_c_v_m": [0.57938, 1.0, 0.73368], "fowlkes_mallows_index": 0.771454}