{"label": [0, 0, 0, 0, 0, 0, 0, 0, 0, 0, 0, 0, 0, 0, 0, 0, 0, 0, 0, 0, 0, 0, 0, 0, 0, 0, 0, 0, 0, 0, 0, 0, 0, 0, 0, 0, 0, 0, 0, 0, 0, -1, 0, 0, 0, 0, 0, 0, 0, 0, 1, 1, 1, 1, 1, 1, 1, 1, 1, 1, -1, 1, 1, 1, 1, 1, 1, 1, 1, 1, 1, 1, 1, 1, 1, 1, 1, 1, 1, 1, 1, 1, 1, 1, 1, 1, 1, 1, 1, 1, 1, 1, 1, 1, 1, 1, 1, 1, 1, 1, 1, 1, 1, 1, 1, 1, 1, 1, 1, 1, 1, 1, 1, 1, 1, 1, 1, -1, 1, 1, 1, 1, 1, 1, 1, 1, 1, 1, 1, 1, 1, -1, 1, 1, 1, 1, 1, 1, 1, 1, 1, 1, 1, 1, 1, 1, 1, 1, 1, 1], "eps": 0.2, "min_samples": 7, "davies_bouldin": 4.835507, "calinski_harabasz": 162.549409, "silhouette_coefficient": 0.552589, "cluster_acc": 0.666667, "rand_index": 0.771723, "adjusted_rand_index": 0.550345, "mutual_info": 0.622686, "normalized_mutual_info": 0.675863, "adjusted_mutual_info": 0.670418, "homogeneity": 0.566793, "completeness": 0.836913, "v_measure": 0.675863, "h_c_v_m": [0.566793, 0.836913, 0.675863], "fowlkes_mallows_index": 0.751525}