{"label": [0, 0, 0, 0, 0, 0, 0, 0, 0, 0, 0, 0, 0, 0, 0, 0, 0, 0, 0, 0, 0, 0, 0, 0, 0, 0, 0, 0, 0, 0, 0, 0, 0, 0, 0, 0, 0, 0, 0, 0, 0, -1, 0, 0, 0, 0, 0, 0, 0, 0, 1, 1, 1, 1, 1, 1, 1, 1, 1, 1, 1, 1, 1, 1, 1, 1, 1, 1, 1, 1, 1, 1, 1, 1, 1, 1, 1, 1, 1, 1, 1, 1, 1, 1, 1, 1, 1, 1, 1, 1, 1, 1, 1, 1, 1, 1, 1, 1, 1, 1, 1, 1, 1, 1, 1, 1, 1, 1, 1, 1, 1, 1, 1, 1, 1, 1, 1, 2, 1, 1, 1, 1, 1, 1, 1, 1, 1, 1, 1, 1, 1, 2, 1, 1, 1, 1, 1, 1, 1, 1, 1, 1, 1, 1, 1, 1, 1, 1, 1, 1], "eps": 0.2, "min_samples": 2, "davies_bouldin": 0.448206, "calinski_harabasz": 133.202379, "silhouette_coefficient": 0.387992, "cluster_acc": -1, "rand_index": 0.77226, "adjusted_rand_index": 0.553879, "mutual_info": 0.645892, "normalized_mutual_info": 0.704674, "adjusted_mutual_info": 0.697181, "homogeneity": 0.587916, "completeness": 0.879299, "v_measure": 0.704674, "h_c_v_m": [0.587916, 0.879299, 0.704674], "fowlkes_mallows_index": 0.756169}