{"label": [0, 0, 0, 0, 0, -1, 0, 0, -1, 0, 0, 0, 0, -1, -1, -1, -1, 0, -1, 0, 0, 0, -1, 0, 0, 0, 0, 0, 0, 0, 0, 0, -1, -1, 0, 0, 0, 0, 0, 0, 0, -1, 0, 0, 0, 0, 0, 0, 0, 0, -1, -1, -1, 1, -1, 1, -1, -1, -1, -1, -1, -1, -1, 2, 1, -1, -1, 1, -1, 1, -1, 2, -1, 2, 2, -1, -1, -1, -1, 1, 1, 1, 1, -1, -1, -1, -1, -1, 1, 1, 1, 2, 1, -1, 1, 1, 1, 2, -1, 1, -1, -1, -1, -1, -1, -1, -1, -1, -1, -1, -1, -1, -1, -1, -1, -1, -1, -1, -1, -1, -1, -1, -1, -1, -1, -1, -1, -1, -1, -1, -1, -1, -1, -1, -1, -1, -1, -1, -1, -1, -1, -1, -1, -1, -1, -1, -1, -1, -1, -1], "eps": 0.1, "min_samples": 6, "davies_bouldin": 2.130127, "calinski_harabasz": 53.106618, "silhouette_coefficient": 0.057192, "cluster_acc": -1, "rand_index": 0.700313, "adjusted_rand_index": 0.366987, "mutual_info": 0.545012, "normalized_mutual_info": 0.510013, "adjusted_mutual_info": 0.499848, "homogeneity": 0.496091, "completeness": 0.524738, "v_measure": 0.510013, "h_c_v_m": [0.496091, 0.524738, 0.510013], "fowlkes_mallows_index": 0.605784}