{"label": [0, 0, 0, 0, 0, 0, 0, 0, 0, 0, 0, 0, 0, 0, 0, 0, 0, 0, 0, 0, 0, 0, 0, 0, 0, 0, 0, 0, 0, 0, 0, 0, 0, 0, 0, 0, 0, 0, 0, 0, 0, -1, 0, 0, 0, 0, 0, 0, 0, 0, 1, 1, 1, 1, 1, 1, 1, 1, 1, 1, -1, 1, 1, 1, 1, 1, 1, 1, 1, 1, 1, 1, 1, 1, 1, 1, 1, 1, 1, 1, 1, 1, 1, 1, 1, 1, 1, 1, 1, 1, 1, 1, 1, 1, 1, 1, 1, 1, 1, 1, 1, 1, 1, 1, 1, 1, 1, 1, 1, 1, 1, 1, 1, 1, 1, 1, 1, -1, -1, 1, 1, 1, -1, 1, 1, 1, 1, 1, 1, 1, 1, -1, 1, 1, 1, 1, 1, 1, 1, 1, 1, 1, 1, 1, 1, 1, 1, 1, 1, 1], "eps": 0.2, "min_samples": 9, "davies_bouldin": 3.955283, "calinski_harabasz": 163.7688, "silhouette_coefficient": 0.522778, "cluster_acc": 0.68, "rand_index": 0.77226, "adjusted_rand_index": 0.546422, "mutual_info": 0.625232, "normalized_mutual_info": 0.664389, "adjusted_mutual_info": 0.659058, "homogeneity": 0.569111, "completeness": 0.797984, "v_measure": 0.664389, "h_c_v_m": [0.569111, 0.797984, 0.664389], "fowlkes_mallows_index": 0.744219}