{"label": [0, 0, 0, 0, 0, 0, 0, 0, 0, 0, 0, 0, 0, 0, -1, -1, 0, 0, -1, 0, 0, 0, -1, 0, 0, 0, 0, 0, 0, 0, 0, 0, -1, -1, 0, 0, 0, 0, 0, 0, 0, -1, 0, 0, 0, 0, 0, 0, 0, 0, 1, 1, 1, 2, 1, 2, 1, 3, 1, -1, -1, 1, -1, 1, 2, 1, 1, 2, -1, 2, 4, 1, -1, 1, 1, 1, 1, -1, 1, 2, 2, 2, 2, -1, 1, 1, 1, -1, 2, 2, 2, 1, 2, 3, 2, 2, 2, 1, 3, 2, 9, 5, -1, 6, 8, -1, -1, -1, -1, -1, 6, 4, 7, 5, -1, -1, 6, -1, -1, -1, 7, 5, -1, 4, -1, -1, 4, 4, 8, -1, -1, -1, 8, -1, -1, -1, 9, 6, 4, 7, 7, 7, 5, 7, 7, 7, 4, 6, 9, 4], "eps": 0.1, "min_samples": 3, "davies_bouldin": 4.604629, "calinski_harabasz": 29.61469, "silhouette_coefficient": 0.202799, "cluster_acc": -1, "rand_index": 0.778434, "adjusted_rand_index": 0.428689, "mutual_info": 0.85008, "normalized_mutual_info": 0.552757, "adjusted_mutual_info": 0.528728, "homogeneity": 0.773776, "completeness": 0.429947, "v_measure": 0.552757, "h_c_v_m": [0.773776, 0.429947, 0.552757], "fowlkes_mallows_index": 0.587269}