{"label": [0, 0, 0, 0, 0, -1, 0, 0, -1, 0, -1, 0, 0, -1, -1, -1, -1, 0, -1, 0, 0, 0, -1, 0, 0, 0, 0, 0, 0, 0, 0, -1, -1, -1, 0, 0, 0, 0, 0, 0, 0, -1, 0, 0, -1, 0, 0, 0, 0, 0, -1, -1, -1, -1, -1, 1, -1, -1, -1, -1, -1, -1, -1, -1, 1, -1, -1, -1, -1, -1, -1, -1, -1, -1, -1, -1, -1, -1, -1, -1, -1, -1, 1, -1, -1, -1, -1, -1, 1, 1, 1, -1, 1, -1, 1, 1, 1, -1, -1, 1, -1, -1, -1, -1, -1, -1, -1, -1, -1, -1, -1, -1, -1, -1, -1, -1, -1, -1, -1, -1, -1, -1, -1, -1, -1, -1, -1, -1, -1, -1, -1, -1, -1, -1, -1, -1, -1, -1, -1, -1, -1, -1, -1, -1, -1, -1, -1, -1, -1, -1], "eps": 0.1, "min_samples": 8, "davies_bouldin": 1.652062, "calinski_harabasz": 61.854279, "silhouette_coefficient": 0.062725, "cluster_acc": 0.646667, "rand_index": 0.630515, "adjusted_rand_index": 0.276562, "mutual_info": 0.418944, "normalized_mutual_info": 0.443129, "adjusted_mutual_info": 0.434735, "homogeneity": 0.381339, "completeness": 0.528815, "v_measure": 0.443129, "h_c_v_m": [0.381339, 0.528815, 0.443129], "fowlkes_mallows_index": 0.586974}