{"label": [0, 0, 0, 0, 0, 0, 0, 0, 0, 0, 0, 0, 0, 0, -1, -1, -1, 0, -1, 0, 0, 0, -1, 0, 0, 0, 0, 0, 0, 0, 0, 0, -1, -1, 0, 0, 0, 0, 0, 0, 0, -1, 0, 0, 0, 0, 0, 0, 0, 0, -1, 1, 1, 3, 1, 3, -1, -1, 1, -1, -1, 2, -1, 2, 3, 1, -1, 3, -1, 3, -1, 2, -1, 2, 1, 1, 1, -1, 2, 3, 3, 3, 3, -1, -1, -1, 1, -1, 3, 3, 3, 2, 3, -1, 3, 3, 3, 2, -1, 3, -1, -1, -1, -1, -1, -1, -1, -1, -1, -1, -1, -1, -1, -1, -1, -1, -1, -1, -1, -1, 4, -1, -1, -1, -1, -1, -1, -1, -1, -1, -1, -1, -1, -1, -1, -1, -1, -1, -1, -1, 4, -1, -1, 4, 4, 4, -1, -1, -1, -1], "eps": 0.1, "min_samples": 5, "davies_bouldin": 2.203237, "calinski_harabasz": 44.019576, "silhouette_coefficient": 0.057452, "cluster_acc": -1, "rand_index": 0.756779, "adjusted_rand_index": 0.441407, "mutual_info": 0.689981, "normalized_mutual_info": 0.555835, "adjusted_mutual_info": 0.542145, "homogeneity": 0.628048, "completeness": 0.498516, "v_measure": 0.555835, "h_c_v_m": [0.628048, 0.498516, 0.555835], "fowlkes_mallows_index": 0.620306}