{"label": [0, 0, 0, 0, 0, 0, 0, 0, 0, 0, 0, 0, 0, 0, 0, 0, 0, 0, 0, 0, 0, 0, 0, 0, 0, 0, 0, 0, 0, 0, 0, 0, 0, 0, 0, 0, 0, 0, 0, 0, 0, 0, 0, 0, 0, 0, 0, 0, 0, 0, 1, 1, 1, 1, 1, 1, 1, 1, 1, 1, 1, 1, 1, 1, 1, 1, 1, 1, 1, 1, 1, 1, 1, 1, 1, 1, 1, 1, 1, 1, 1, 1, 1, 1, 1, 1, 1, 1, 1, 1, 1, 1, 1, 1, 1, 1, 1, 1, 1, 1, 1, 1, 1, 1, 1, 1, 1, 1, 1, 1, 1, 1, 1, 1, 1, 1, 1, 1, 1, 1, 1, 1, 1, 1, 1, 1, 1, 1, 1, 1, 1, -1, 1, 1, 1, 1, 1, 1, 1, 1, 1, 1, 1, 1, 1, 1, 1, 1, 1, 1], "eps": 0.3, "min_samples": 10, "davies_bouldin": 0.466084, "calinski_harabasz": 184.771986, "silhouette_coefficient": 0.467456, "cluster_acc": 0.673333, "rand_index": 0.776376, "adjusted_rand_index": 0.565747, "mutual_info": 0.641169, "normalized_mutual_info": 0.723479, "adjusted_mutual_info": 0.718994, "homogeneity": 0.583617, "completeness": 0.951503, "v_measure": 0.723479, "h_c_v_m": [0.583617, 0.951503, 0.723479], "fowlkes_mallows_index": 0.767344}