{
    "label": [
        1,
        1,
        1,
        1,
        1,
        1,
        1,
        1,
        1,
        1,
        1,
        1,
        1,
        1,
        1,
        1,
        1,
        1,
        1,
        1,
        1,
        1,
        1,
        1,
        1,
        1,
        1,
        1,
        1,
        1,
        1,
        1,
        1,
        1,
        1,
        1,
        1,
        1,
        1,
        1,
        1,
        1,
        1,
        1,
        1,
        1,
        1,
        1,
        1,
        1,
        0,
        0,
        0,
        2,
        0,
        2,
        0,
        2,
        0,
        2,
        2,
        2,
        2,
        2,
        2,
        0,
        2,
        2,
        0,
        2,
        0,
        2,
        0,
        2,
        2,
        0,
        0,
        0,
        2,
        2,
        2,
        2,
        2,
        0,
        2,
        0,
        0,
        0,
        2,
        2,
        2,
        2,
        2,
        2,
        2,
        2,
        2,
        2,
        2,
        2,
        0,
        0,
        0,
        0,
        0,
        0,
        2,
        0,
        0,
        0,
        0,
        0,
        0,
        0,
        0,
        0,
        0,
        0,
        0,
        0,
        0,
        0,
        0,
        0,
        0,
        0,
        0,
        0,
        0,
        0,
        0,
        0,
        0,
        0,
        0,
        0,
        0,
        0,
        0,
        0,
        0,
        0,
        0,
        0,
        0,
        0,
        0,
        0,
        0,
        0
    ],
    "affinity": "euclidean",
    "linkage": "ward",
    "davies_bouldin": 0.762378,
    "calinski_harabasz": 323.908868,
    "silhouette_coefficient": 0.461865,
    "cluster_acc": 0.88,
    "rand_index": 0.867919,
    "adjusted_rand_index": 0.706006,
    "mutual_info": 0.817513,
    "normalized_mutual_info": 0.756087,
    "adjusted_mutual_info": 0.75298,
    "homogeneity": 0.744132,
    "completeness": 0.768432,
    "v_measure": 0.756087,
    "h_c_v_m": [
        0.744132,
        0.768432,
        0.756087
    ],
    "fowlkes_mallows_index": 0.8064
}