{"center": [9, 101, 96], "label": [0, 0, 0, 0, 0, 0, 0, 0, 0, 0, 0, 0, 0, 0, 0, 0, 0, 0, 0, 0, 0, 0, 0, 0, 0, 0, 0, 0, 0, 0, 0, 0, 0, 0, 0, 0, 0, 0, 0, 0, 0, 0, 0, 0, 0, 0, 0, 0, 0, 0, 2, 2, 2, 2, 2, 2, 2, 2, 2, 2, 2, 2, 1, 2, 2, 2, 2, 2, 1, 2, 1, 2, 2, 2, 2, 2, 2, 1, 2, 2, 2, 2, 2, 2, 2, 2, 2, 1, 2, 2, 2, 2, 2, 2, 2, 2, 2, 2, 2, 2, 1, 1, 1, 1, 1, 1, 2, 1, 1, 1, 1, 1, 1, 1, 1, 1, 1, 1, 1, 1, 1, 1, 1, 1, 1, 1, 1, 1, 1, 1, 1, 1, 1, 2, 2, 1, 1, 1, 1, 1, 1, 1, 1, 1, 1, 1, 1, 1, 1, 1], "davies_bouldin": 0.890041, "calinski_harabasz": 302.04725, "silhouette_coefficient": 0.449111, "cluster_acc": 0.946667, "rand_index": 0.934139, "adjusted_rand_index": 0.850839, "mutual_info": 0.914062, "normalized_mutual_info": 0.832217, "adjusted_mutual_info": 0.830117, "homogeneity": 0.832015, "completeness": 0.832419, "v_measure": 0.832217, "h_c_v_m": [0.832015, 0.832419, 0.832217], "fowlkes_mallows_index": 0.899919}