{"center": [47, 96, 142], "label": [0, 0, 0, 0, 0, 0, 0, 0, 0, 0, 0, 0, 0, 0, 0, 0, 0, 0, 0, 0, 0, 0, 0, 0, 0, 0, 0, 0, 0, 0, 0, 0, 0, 0, 0, 0, 0, 0, 0, 0, 0, 0, 0, 0, 0, 0, 0, 0, 0, 0, 2, 2, 2, 1, 2, 1, 2, 1, 2, 1, 1, 2, 1, 2, 1, 2, 1, 1, 1, 1, 2, 2, 2, 2, 2, 2, 2, 2, 2, 1, 1, 1, 1, 2, 1, 2, 2, 1, 1, 1, 1, 2, 1, 1, 1, 1, 1, 2, 1, 1, 2, 2, 2, 2, 2, 2, 1, 2, 2, 2, 2, 2, 2, 2, 2, 2, 2, 2, 2, 1, 2, 2, 2, 2, 2, 2, 2, 2, 2, 2, 2, 2, 2, 2, 2, 2, 2, 2, 2, 2, 2, 2, 2, 2, 2, 2, 2, 2, 2, 2], "davies_bouldin": 0.746135, "calinski_harabasz": 318.311156, "silhouette_coefficient": 0.463395, "cluster_acc": 0.833333, "rand_index": 0.832215, "adjusted_rand_index": 0.631184, "mutual_info": 0.751986, "normalized_mutual_info": 0.703922, "adjusted_mutual_info": 0.700097, "homogeneity": 0.684487, "completeness": 0.724492, "v_measure": 0.703922, "h_c_v_m": [0.684487, 0.724492, 0.703922], "fowlkes_mallows_index": 0.760557}