{"center": [47, 99, 140], "label": [0, 0, 0, 0, 0, 0, 0, 0, 0, 0, 0, 0, 0, 0, 0, 0, 0, 0, 0, 0, 0, 0, 0, 0, 0, 0, 0, 0, 0, 0, 0, 0, 0, 0, 0, 0, 0, 0, 0, 0, 0, 0, 0, 0, 0, 0, 0, 0, 0, 0, 1, 1, 1, 1, 1, 1, 1, 1, 1, 1, 1, 1, 1, 1, 1, 1, 1, 1, 1, 1, 1, 1, 1, 1, 1, 1, 1, 1, 1, 1, 1, 1, 1, 1, 1, 1, 1, 1, 1, 1, 1, 1, 1, 1, 1, 1, 1, 1, 1, 1, 2, 1, 2, 1, 1, 2, 1, 2, 1, 2, 1, 1, 2, 1, 1, 2, 1, 2, 2, 1, 2, 1, 2, 1, 2, 2, 1, 1, 1, 2, 2, 2, 1, 1, 1, 2, 2, 1, 1, 2, 2, 2, 1, 2, 2, 2, 1, 1, 2, 1], "davies_bouldin": 0.749052, "calinski_harabasz": 320.940919, "silhouette_coefficient": 0.495421, "cluster_acc": 0.833333, "rand_index": 0.832215, "adjusted_rand_index": 0.635697, "mutual_info": 0.780355, "normalized_mutual_info": 0.739667, "adjusted_mutual_info": 0.736255, "homogeneity": 0.71031, "completeness": 0.771556, "v_measure": 0.739667, "h_c_v_m": [0.71031, 0.771556, 0.739667], "fowlkes_mallows_index": 0.76725}