{"center": [34, 101, 19], "label": [0, 0, 0, 0, 0, 2, 0, 0, 0, 0, 2, 0, 0, 0, 2, 2, 2, 0, 2, 2, 0, 2, 0, 0, 0, 0, 0, 0, 0, 0, 0, 0, 2, 2, 0, 0, 0, 0, 0, 0, 0, 0, 0, 0, 2, 0, 2, 0, 2, 0, 1, 1, 1, 1, 1, 1, 1, 1, 1, 1, 1, 1, 1, 1, 1, 1, 1, 1, 1, 1, 1, 1, 1, 1, 1, 1, 1, 1, 1, 1, 1, 1, 1, 1, 1, 1, 1, 1, 1, 1, 1, 1, 1, 1, 1, 1, 1, 1, 1, 1, 1, 1, 1, 1, 1, 1, 1, 1, 1, 1, 1, 1, 1, 1, 1, 1, 1, 1, 1, 1, 1, 1, 1, 1, 1, 1, 1, 1, 1, 1, 1, 1, 1, 1, 1, 1, 1, 1, 1, 1, 1, 1, 1, 1, 1, 1, 1, 1, 1, 1], "davies_bouldin": 0.663207, "calinski_harabasz": 195.676154, "silhouette_coefficient": 0.513817, "cluster_acc": 0.58, "rand_index": 0.733244, "adjusted_rand_index": 0.469946, "mutual_info": 0.636514, "normalized_mutual_info": 0.66092, "adjusted_mutual_info": 0.655948, "homogeneity": 0.57938, "completeness": 0.769171, "v_measure": 0.66092, "h_c_v_m": [0.57938, 0.769171, 0.66092], "fowlkes_mallows_index": 0.698228}