{"center": [99, 39, 112], "label": [1, 1, 1, 1, 1, 1, 1, 1, 1, 1, 1, 1, 1, 1, 1, 1, 1, 1, 1, 1, 1, 1, 1, 1, 1, 1, 1, 1, 1, 1, 1, 1, 1, 1, 1, 1, 1, 1, 1, 1, 1, 1, 1, 1, 1, 1, 1, 1, 1, 1, 2, 2, 2, 0, 2, 0, 2, 0, 2, 0, 0, 2, 2, 2, 0, 2, 2, 0, 2, 0, 2, 2, 2, 2, 2, 2, 2, 2, 2, 0, 0, 0, 0, 2, 2, 2, 2, 2, 0, 0, 0, 2, 0, 0, 0, 0, 0, 2, 0, 0, 2, 2, 2, 2, 2, 2, 0, 2, 2, 2, 2, 2, 2, 2, 2, 2, 2, 2, 2, 2, 2, 2, 2, 2, 2, 2, 2, 2, 2, 2, 2, 2, 2, 2, 2, 2, 2, 2, 2, 2, 2, 2, 2, 2, 2, 2, 2, 2, 2, 2], "davies_bouldin": 0.725462, "calinski_harabasz": 291.198673, "silhouette_coefficient": 0.439716, "cluster_acc": 0.806667, "rand_index": 0.815749, "adjusted_rand_index": 0.602694, "mutual_info": 0.734709, "normalized_mutual_info": 0.701512, "adjusted_mutual_info": 0.697565, "homogeneity": 0.668761, "completeness": 0.737636, "v_measure": 0.701512, "h_c_v_m": [0.668761, 0.737636, 0.701512], "fowlkes_mallows_index": 0.748194}