{"center": [99, 39, 112], "label": [1, 1, 1, 1, 1, 1, 1, 1, 1, 1, 1, 1, 1, 1, 1, 1, 1, 1, 1, 1, 1, 1, 1, 1, 1, 1, 1, 1, 1, 1, 1, 1, 1, 1, 1, 1, 1, 1, 1, 1, 1, 1, 1, 1, 1, 1, 1, 1, 1, 1, 2, 2, 2, 0, 0, 0, 2, 0, 2, 0, 0, 0, 0, 0, 0, 2, 0, 0, 0, 0, 2, 2, 0, 0, 2, 2, 2, 2, 0, 0, 0, 0, 0, 0, 0, 2, 2, 0, 0, 0, 0, 0, 0, 0, 0, 0, 0, 2, 0, 0, 2, 2, 2, 2, 2, 2, 0, 2, 2, 2, 2, 2, 2, 2, 2, 2, 2, 2, 2, 0, 2, 2, 2, 2, 2, 2, 2, 2, 2, 2, 2, 2, 2, 0, 0, 2, 2, 2, 2, 2, 2, 2, 2, 2, 2, 2, 2, 2, 2, 2], "davies_bouldin": 0.798296, "calinski_harabasz": 328.028181, "silhouette_coefficient": 0.460076, "cluster_acc": 0.873333, "rand_index": 0.862282, "adjusted_rand_index": 0.69061, "mutual_info": 0.785802, "normalized_mutual_info": 0.720602, "adjusted_mutual_info": 0.717076, "homogeneity": 0.715268, "completeness": 0.726017, "v_measure": 0.720602, "h_c_v_m": [0.715268, 0.726017, 0.720602], "fowlkes_mallows_index": 0.794108}