{"center": [125, 131, 47], "label": [2, 0, 0, 0, 0, 0, 2, 0, 2, 2, 0, 0, 0, 0, 0, 0, 0, 0, 0, 0, 2, 0, 2, 0, 0, 0, 0, 0, 0, 2, 0, 0, 0, 0, 0, 0, 0, 0, 0, 0, 2, 0, 2, 0, 2, 0, 0, 2, 0, 0, 0, 0, 0, 0, 2, 0, 2, 0, 0, 0, 1, 1, 0, 2, 0, 0, 2, 0, 1, 0, 0, 2, 0, 0, 2, 0, 0, 0, 0, 0, 0, 0, 0, 1, 0, 0, 0, 0, 0, 0, 0, 0, 0, 0, 2, 0, 1, 0, 2, 0, 0, 0, 0, 0, 0, 0, 0, 0, 0, 0, 0, 0, 0, 0, 0, 0, 0, 0, 1, 0, 0, 0, 0, 0, 0, 0, 0, 0, 0, 0, 1, 1, 1, 1, 1, 1, 1, 1, 1, 1, 1, 1, 1, 1, 1, 1, 1, 1, 1, 1, 1, 1, 1, 1, 1, 1, 1, 1, 1, 1, 1, 1, 1, 1, 1, 1, 1, 1, 1, 1, 1, 1, 1, 1, 1, 1, 1, 1], "davies_bouldin": 2.171613, "calinski_harabasz": 43.632983, "silhouette_coefficient": 0.103431, "cluster_acc": 0.674157, "rand_index": 0.719292, "adjusted_rand_index": 0.419117, "mutual_info": 0.509297, "normalized_mutual_info": 0.509788, "adjusted_mutual_info": 0.504048, "homogeneity": 0.468949, "completeness": 0.558418, "v_measure": 0.509788, "h_c_v_m": [0.468949, 0.558418, 0.509788], "fowlkes_mallows_index": 0.649409}