{"center": [148, 35, 12], "label": [1, 2, 2, 2, 2, 2, 1, 2, 1, 1, 2, 2, 2, 2, 2, 2, 2, 2, 2, 1, 1, 1, 1, 1, 1, 2, 2, 2, 2, 1, 2, 2, 2, 2, 2, 1, 2, 2, 2, 1, 1, 1, 1, 1, 1, 1, 1, 1, 2, 2, 1, 2, 2, 2, 1, 2, 1, 2, 2, 1, 0, 0, 1, 1, 1, 1, 1, 1, 0, 1, 1, 1, 1, 2, 1, 1, 1, 1, 1, 2, 1, 1, 1, 0, 1, 1, 1, 1, 1, 1, 1, 1, 1, 1, 1, 1, 0, 1, 1, 2, 1, 1, 1, 1, 1, 1, 1, 1, 1, 1, 1, 1, 1, 1, 1, 2, 1, 1, 0, 1, 1, 2, 2, 1, 1, 1, 1, 1, 1, 1, 0, 0, 0, 0, 0, 0, 0, 0, 0, 0, 0, 0, 0, 0, 0, 0, 0, 0, 0, 0, 0, 0, 0, 0, 0, 0, 0, 0, 0, 0, 0, 0, 0, 0, 0, 0, 0, 0, 0, 0, 0, 0, 0, 0, 0, 0, 0, 0], "davies_bouldin": 1.835721, "calinski_harabasz": 54.104858, "silhouette_coefficient": 0.188148, "cluster_acc": 0.797753, "rand_index": 0.777947, "adjusted_rand_index": 0.511198, "mutual_info": 0.603896, "normalized_mutual_info": 0.563904, "adjusted_mutual_info": 0.559198, "homogeneity": 0.556054, "completeness": 0.57198, "v_measure": 0.563904, "h_c_v_m": [0.556054, 0.57198, 0.563904], "fowlkes_mallows_index": 0.681671}