{"center": [35, 148, 57], "label": [0, 2, 0, 2, 2, 2, 0, 2, 0, 0, 0, 2, 2, 2, 2, 2, 0, 0, 2, 0, 0, 0, 0, 0, 0, 2, 2, 2, 2, 0, 0, 0, 2, 2, 2, 0, 2, 2, 2, 0, 0, 0, 0, 0, 0, 0, 0, 0, 0, 0, 0, 2, 2, 2, 0, 0, 0, 2, 0, 0, 1, 1, 0, 0, 0, 2, 0, 0, 1, 2, 0, 0, 0, 2, 0, 0, 0, 0, 2, 2, 0, 0, 0, 1, 0, 0, 0, 0, 0, 0, 0, 0, 0, 0, 0, 2, 1, 0, 0, 2, 0, 0, 0, 0, 0, 0, 0, 0, 0, 0, 0, 0, 0, 2, 0, 2, 0, 0, 1, 0, 0, 2, 2, 0, 0, 0, 0, 0, 0, 0, 1, 1, 1, 1, 1, 1, 1, 1, 1, 1, 1, 1, 1, 1, 1, 1, 1, 1, 1, 1, 1, 1, 1, 1, 1, 1, 1, 1, 1, 1, 1, 1, 1, 1, 1, 1, 1, 1, 1, 1, 1, 1, 1, 1, 1, 1, 1, 1], "davies_bouldin": 2.654235, "calinski_harabasz": 44.722781, "silhouette_coefficient": 0.147105, "cluster_acc": 0.713483, "rand_index": 0.731289, "adjusted_rand_index": 0.414719, "mutual_info": 0.525931, "normalized_mutual_info": 0.4963, "adjusted_mutual_info": 0.4908, "homogeneity": 0.484266, "completeness": 0.508947, "v_measure": 0.4963, "h_c_v_m": [0.484266, 0.508947, 0.4963], "fowlkes_mallows_index": 0.623283}