{"center": [35, 148, 81], "label": [0, 0, 0, 0, 0, 0, 0, 0, 0, 0, 0, 0, 0, 0, 0, 0, 0, 0, 0, 0, 0, 0, 0, 0, 0, 0, 0, 0, 0, 0, 0, 0, 0, 0, 0, 0, 0, 0, 0, 0, 0, 0, 0, 0, 0, 0, 0, 0, 0, 0, 0, 0, 0, 0, 0, 0, 0, 0, 0, 2, 1, 1, 2, 2, 2, 0, 2, 2, 1, 0, 2, 2, 2, 0, 2, 2, 2, 2, 0, 0, 2, 2, 2, 1, 2, 2, 2, 2, 2, 2, 2, 2, 2, 2, 2, 0, 1, 2, 2, 0, 2, 2, 2, 2, 2, 2, 2, 2, 2, 2, 2, 2, 2, 0, 2, 0, 2, 2, 1, 2, 2, 0, 0, 2, 2, 2, 2, 2, 2, 2, 1, 1, 1, 1, 1, 1, 1, 1, 1, 1, 1, 1, 1, 1, 1, 1, 1, 1, 1, 1, 1, 1, 1, 1, 1, 1, 1, 1, 1, 1, 1, 1, 1, 1, 1, 1, 1, 1, 1, 1, 1, 1, 1, 1, 1, 1, 1, 1], "davies_bouldin": 1.430186, "calinski_harabasz": 71.552365, "silhouette_coefficient": 0.264747, "cluster_acc": 0.904494, "rand_index": 0.878055, "adjusted_rand_index": 0.726902, "mutual_info": 0.809184, "normalized_mutual_info": 0.743468, "adjusted_mutual_info": 0.740748, "homogeneity": 0.745079, "completeness": 0.741864, "v_measure": 0.743468, "h_c_v_m": [0.745079, 0.741864, 0.743468], "fowlkes_mallows_index": 0.818799}