{"center": [125, 148, 47], "label": [2, 0, 2, 2, 0, 2, 0, 2, 0, 2, 2, 2, 2, 2, 2, 2, 2, 2, 2, 2, 2, 0, 0, 0, 0, 0, 2, 0, 0, 0, 2, 2, 0, 2, 0, 0, 0, 0, 0, 2, 2, 0, 2, 0, 2, 0, 0, 2, 2, 2, 2, 2, 2, 2, 2, 2, 2, 2, 2, 0, 0, 0, 0, 0, 0, 0, 0, 0, 0, 1, 0, 0, 0, 0, 0, 0, 0, 0, 1, 0, 0, 0, 0, 1, 0, 0, 0, 0, 0, 0, 0, 0, 0, 0, 0, 1, 1, 0, 0, 0, 0, 0, 0, 0, 0, 0, 0, 0, 0, 0, 0, 0, 0, 0, 0, 0, 0, 0, 1, 0, 0, 0, 0, 0, 0, 0, 0, 0, 0, 0, 1, 1, 1, 1, 0, 0, 1, 1, 1, 1, 1, 1, 1, 1, 1, 1, 1, 1, 1, 1, 1, 1, 1, 1, 0, 1, 1, 1, 1, 1, 1, 1, 1, 1, 1, 1, 1, 1, 1, 1, 1, 1, 1, 1, 1, 1, 1, 1], "davies_bouldin": 1.453265, "calinski_harabasz": 56.818534, "silhouette_coefficient": 0.204085, "cluster_acc": 0.825843, "rand_index": 0.790516, "adjusted_rand_index": 0.544884, "mutual_info": 0.631984, "normalized_mutual_info": 0.597474, "adjusted_mutual_info": 0.593071, "homogeneity": 0.581917, "completeness": 0.613886, "v_measure": 0.597474, "h_c_v_m": [0.581917, 0.613886, 0.597474], "fowlkes_mallows_index": 0.708267}