{"ACC": [0.967742, 0.925806, 0.853226, 0.933226, 0.93871, 0.926774, 0.970645], "AMI": [0.954936, 0.950042, 0.935182, 0.948764, 0.950803, 0.948848, 0.957957], "ARI": [0.935256, 0.90411, 0.843732, 0.905219, 0.909929, 0.90327, 0.940812], "NMI": [0.957014, 0.95236, 0.938162, 0.951134, 0.953037, 0.95122, 0.959895], "FMI": [0.937325, 0.907528, 0.851545, 0.908647, 0.913323, 0.906707, 0.942704], "FILE_NAME": ["dcp_0.6__dem_1.json", "dcp_0.7__dem_1.json", "dcp_0.8__dem_1.json", "dcp_0.9__dem_1.json", "dcp_1.0__dem_1.json", "dcp_1.1__dem_1.json", "dcp_1.2__dem_1.json"], "cluster_acc": 0.970645, "adjusted_mutual_info": 0.957957, "adjusted_rand_index": 0.940812, "fowlkes_mallows_index": 0.942704, "normalized_mutual_info": 0.959895, "file_name": "dcp_1.2__dem_1.json"}