{"label": [-1, -1, 0, 1, 0, 0, 2, 2, 2, 3, 6, 6, 6, 3, 1, 1, -1, 4, 4, 5, 5, 5, 7, 7, 7, 30, -1, 30, -1, 12, 12, 12, 29, 29, 29, 29, 28, 28, 24, 24, 8, 8, 9, 9, 10, 11, 11, 10, 10, 10, 25, 25, 25, 27, 27, 25, 25, -1, 13, 13, 14, 14, -1, 17, 17, 16, 16, -1, 15, 15, 18, 18, -1, 26, 26, 26, -1, 19, 20, 20, 20, 20, 20, 19, 21, 21, 21, 22, 22, 19, 19, -1, -1, 23, 23, 23, 23, 113, 113, 92, 92, 92, -1, 31, 31, 32, 32, 34, 34, -1, -1, 38, 38, -1, -1, -1, 33, 33, 33, -1, -1, -1, 35, 35, 35, -1, 36, 36, -1, 37, 37, 37, -1, 39, 39, 39, 39, 91, 91, 91, -1, 39, -1, 40, 40, -1, 41, 41, 41, -1, -1, 47, 47, 48, 47, 42, 42, 42, 42, 48, 48, 45, 45, 43, 43, 43, 49, 49, 50, 50, 50, 44, 44, -1, -1, 51, 51, 65, 65, 51, 51, -1, 46, 46, -1, 52, -1, 52, 52, 66, 66, 55, 55, 54, 55, 54, 54, -1, 53, 53, 57, 57, 57, -1, -1, -1, 56, 56, -1, 58, 58, -1, 59, -1, 59, -1, 60, 60, 60, 60, -1, -1, -1, 64, 64, 64, 63, 63, 61, 61, 61, -1, -1, -1, 62, 62, 62, 90, 90, 90, 89, 89, 86, 85, 67, 67, 68, 68, 88, 88, 88, 86, 86, 85, 84, 84, -1, 87, 87, 87, 87, -1, 69, 69, 70, 70, 71, -1, -1, 71, 71, 71, 71, 71, 82, 83, 83, 82, 82, 73, 73, 73, 72, 72, 72, 74, 74, 75, 75, 76, 76, 76, 76, 76, 77, 77, 78, 78, -1, -1, 80, 80, 79, 79, 79, 81, 81, 85, -1, 93, 93, 93, 93, -1, 94, 94, -1, 94, 95, 95, 103, 103, -1, 96, 96, 96, -1, 97, -1, 97, 98, 98, -1, -1, -1, 99, 99, 105, -1, 105, 104, 104, -1, 102, 102, 100, -1, 100, 101, 101, -1, 101, 101, 106, 106, 106, 106, 106, 106, 109, 109, 107, 107, 108, 108, 112, 112, 110, 110, 110, -1, 111, 111], "eps": 0.4, "min_samples": 2, "davies_bouldin": 1.0699, "calinski_harabasz": 12.814996, "silhouette_coefficient": 0.236174, "cluster_acc": -1, "rand_index": 0.403701, "adjusted_rand_index": 0.015403, "mutual_info": 0.488159, "normalized_mutual_info": 0.200098, "adjusted_mutual_info": 0.133395, "homogeneity": 0.851767, "completeness": 0.113365, "v_measure": 0.200098, "h_c_v_m": [0.851767, 0.113365, 0.200098], "fowlkes_mallows_index": 0.181984}