{"label": [-1, -1, -1, -1, -1, -1, 0, 0, 0, 0, 0, 0, 0, 0, -1, 0, 0, 0, 0, 0, 0, 0, 0, 0, 0, -1, -1, -1, 0, -1, 1, 1, -1, -1, -1, -1, -1, -1, -1, -1, 1, 1, 1, 1, 1, 1, 1, 1, 1, 1, -1, -1, -1, -1, -1, -1, -1, -1, 1, -1, -1, 2, 2, 2, 2, 2, 2, 2, 2, 2, -1, -1, 2, -1, -1, -1, -1, 3, -1, -1, -1, -1, -1, 3, 3, 3, 3, 3, 3, 3, 3, -1, -1, -1, -1, -1, -1, -1, -1, -1, -1, -1, -1, -1, -1, -1, -1, 4, 4, 4, 4, -1, -1, 4, 4, 4, 4, 4, 4, 4, 4, 4, 4, 4, 4, 4, 4, 4, 4, -1, -1, -1, -1, -1, -1, -1, -1, -1, -1, -1, 5, 5, 5, 5, 5, 5, 5, 5, 5, -1, -1, 6, 6, 6, 6, 6, 6, 6, 6, 6, 6, 6, 6, 6, 6, 6, 6, 6, 6, 6, -1, 6, 6, 6, -1, -1, -1, -1, -1, -1, -1, -1, 6, 6, -1, -1, 7, -1, -1, -1, -1, 7, 7, 7, 7, 7, 7, 7, 7, 7, -1, -1, -1, -1, -1, 7, 7, 7, 7, 7, 7, 7, 7, 7, 7, 7, 7, 7, 7, 7, 7, -1, -1, -1, -1, -1, -1, -1, -1, 7, 7, 7, 7, 7, 7, 7, 7, -1, -1, -1, -1, 8, 8, 8, -1, -1, -1, -1, 8, 8, 8, 8, 8, 8, 8, 8, 8, 8, 8, 8, 8, -1, -1, -1, -1, -1, -1, -1, -1, -1, -1, -1, -1, -1, -1, -1, -1, -1, -1, -1, -1, -1, -1, -1, -1, -1, -1, -1, -1, -1, -1, 9, 9, 9, 9, 9, 9, 9, 9, 9, 9, 9, 9, 9, 9, 9, 9, 8, -1, 10, 10, 10, 10, 10, 10, 10, 10, 10, 10, 10, 10, -1, 10, 10, 11, 11, 11, 11, 11, 11, 11, 11, 11, 11, 11, 11, 11, -1, -1, -1, -1, -1, -1, 11, 11, 11, 11, 11, 11, 11, 11, 11, 11, -1, -1, -1, -1, -1, -1, 12, 12, 12, 12, 12, 12, 12, 12, 12, 12, 12, 12, 12, 12], "eps": 0.7, "min_samples": 9, "davies_bouldin": 1.298755, "calinski_harabasz": 36.947331, "silhouette_coefficient": 0.039163, "cluster_acc": -1, "rand_index": 0.439923, "adjusted_rand_index": 0.017415, "mutual_info": 0.32425, "normalized_mutual_info": 0.237514, "adjusted_mutual_info": 0.226987, "homogeneity": 0.56577, "completeness": 0.150307, "v_measure": 0.237514, "h_c_v_m": [0.56577, 0.150307, 0.237514], "fowlkes_mallows_index": 0.358924}