{"label": [-1, 0, 0, 0, 0, 0, 1, 1, 1, 1, -1, -1, -1, 1, 0, 0, -1, 1, 1, 2, 2, 2, 3, 3, 3, -1, 13, -1, -1, -1, -1, -1, 13, 13, 13, 13, 13, 13, -1, 11, 4, 4, 4, 4, 4, 4, 4, 4, 4, 4, 11, 11, 11, -1, 13, 11, 11, -1, -1, 5, 5, 5, 5, 6, 6, 6, 6, 6, 6, -1, -1, -1, -1, 12, 12, 12, 9, -1, 7, 7, 7, 7, 7, 8, -1, 9, 9, 9, 9, 8, 8, -1, -1, 10, 10, 10, 10, -1, -1, 37, 37, 37, -1, -1, -1, -1, -1, 14, 14, -1, -1, -1, -1, 14, 14, 14, 14, 14, 14, -1, 15, 15, 15, 15, 15, 15, -1, -1, -1, -1, -1, -1, -1, 16, 16, 16, 16, 36, 36, 36, -1, 16, 17, -1, 17, 17, 17, 17, 17, -1, -1, -1, -1, -1, -1, 18, 18, 18, 18, -1, -1, -1, -1, 19, 19, 19, 20, 20, 20, 20, 20, -1, -1, -1, 21, 21, 21, -1, -1, 21, 21, 21, -1, -1, -1, -1, -1, -1, -1, -1, -1, 22, 22, -1, 22, -1, -1, -1, -1, -1, -1, -1, -1, -1, -1, -1, -1, -1, -1, 23, 23, 23, 23, 23, 23, -1, 24, 24, 24, 24, -1, -1, -1, 26, 26, 26, 26, -1, -1, -1, -1, 24, 24, 24, 25, 25, 25, 35, 35, 35, 35, 35, -1, 32, -1, -1, -1, -1, 34, 34, 34, -1, -1, 32, 32, 32, 32, 33, 33, 33, 33, -1, -1, -1, -1, -1, -1, -1, -1, 27, 27, 27, 27, 27, 31, 31, 31, 31, 31, 28, 28, 28, 28, -1, -1, -1, -1, -1, -1, 29, 29, 29, 29, 29, -1, 30, 30, 30, -1, -1, -1, -1, 30, 30, 30, -1, -1, 32, -1, 38, 38, 38, 38, -1, 39, 39, -1, 39, -1, -1, -1, -1, -1, 40, 40, 40, -1, 41, -1, 41, 41, 41, 41, -1, -1, -1, -1, 43, 43, 43, 43, 43, 43, -1, -1, -1, -1, -1, -1, 42, -1, 42, 42, 44, 44, 44, 44, 44, 44, 45, 45, 45, 45, 45, 45, -1, -1, 46, 46, 46, -1, 46, 46], "eps": 0.3, "min_samples": 3, "davies_bouldin": 1.095653, "calinski_harabasz": 14.785271, "silhouette_coefficient": -0.008561, "cluster_acc": -1, "rand_index": 0.460016, "adjusted_rand_index": 0.067444, "mutual_info": 0.404021, "normalized_mutual_info": 0.22572, "adjusted_mutual_info": 0.191455, "homogeneity": 0.704958, "completeness": 0.134372, "v_measure": 0.22572, "h_c_v_m": [0.704958, 0.134372, 0.22572], "fowlkes_mallows_index": 0.370781}