{"label": [-1, -1, 0, 0, 0, 0, -1, -1, -1, -1, -1, 1, 1, -1, 0, 0, -1, 1, 1, 1, 1, 1, 1, -1, -1, -1, 6, 6, -1, 2, 2, 2, 6, 6, 6, 6, 6, 6, -1, -1, -1, 2, 2, 2, 2, 2, 2, 2, 2, 2, 5, 5, 5, -1, 6, 5, 5, 5, 2, -1, -1, -1, -1, 3, 3, 3, 3, 3, 3, -1, -1, -1, 3, -1, -1, -1, -1, -1, 4, 4, 4, 4, 4, 4, 4, -1, -1, -1, -1, 4, 4, -1, -1, -1, -1, -1, -1, -1, -1, -1, -1, -1, -1, -1, -1, -1, 8, -1, -1, 8, -1, 9, 9, 7, 7, 7, 7, 7, 7, -1, 8, 8, 8, 8, 8, 8, 8, -1, 9, 9, 9, 9, 9, 9, 9, 9, 9, -1, -1, -1, -1, 9, -1, -1, 10, 10, 10, 10, 10, -1, -1, 11, 11, 11, 11, 11, 11, 11, 11, 11, 11, 11, 11, 11, 11, 11, 12, 12, 12, 12, 12, 11, 11, -1, -1, -1, -1, -1, -1, -1, -1, -1, 11, -1, -1, -1, 13, -1, -1, -1, -1, 13, 13, 13, 13, 13, 13, 13, 13, -1, -1, -1, -1, -1, -1, -1, 13, 13, 13, -1, -1, -1, -1, -1, -1, -1, -1, 14, 14, 14, -1, -1, -1, -1, -1, -1, -1, -1, -1, -1, -1, 14, 14, -1, -1, -1, -1, -1, -1, -1, -1, -1, 15, 15, -1, -1, -1, -1, 15, 15, 15, 15, 15, 15, 15, 15, 15, 15, 15, 15, 15, -1, -1, -1, -1, -1, -1, -1, -1, -1, -1, -1, -1, -1, -1, -1, -1, -1, -1, -1, -1, -1, -1, -1, -1, -1, -1, -1, -1, 16, 16, 16, 16, 16, 16, -1, -1, -1, -1, -1, -1, -1, -1, -1, -1, -1, -1, 15, 17, 17, 17, 17, 17, 17, 17, 17, 17, 17, 17, -1, -1, -1, -1, -1, -1, 18, 18, 18, 18, 18, 18, 18, 18, 18, -1, -1, -1, 19, 19, 19, 19, 19, 19, -1, -1, -1, -1, -1, -1, -1, -1, -1, -1, -1, -1, -1, -1, -1, -1, 20, 20, 20, 20, 20, -1, -1, -1, 21, 21, 21, 21, 21, -1], "eps": 0.7, "min_samples": 5, "davies_bouldin": 1.11139, "calinski_harabasz": 19.151153, "silhouette_coefficient": -0.120479, "cluster_acc": -1, "rand_index": 0.479403, "adjusted_rand_index": 0.062508, "mutual_info": 0.31767, "normalized_mutual_info": 0.22838, "adjusted_mutual_info": 0.209176, "homogeneity": 0.554288, "completeness": 0.143819, "v_measure": 0.22838, "h_c_v_m": [0.554288, 0.143819, 0.22838], "fowlkes_mallows_index": 0.441416}