{"label": [-1, -1, -1, -1, -1, -1, -1, -1, 0, 0, 0, 0, 0, 0, -1, -1, 0, 0, 0, 0, 0, 0, 0, 0, 0, -1, 3, 3, 0, -1, 1, 1, 3, 3, 3, 3, 3, 3, -1, -1, 1, 1, 1, 1, 1, 1, 1, 1, 1, 1, -1, -1, -1, -1, -1, -1, -1, -1, 1, -1, -1, -1, -1, -1, -1, -1, -1, -1, -1, -1, -1, -1, -1, -1, -1, -1, -1, 2, 2, 2, 2, 2, 2, 2, 2, 2, 2, 2, 2, 2, 2, 2, -1, 2, 2, 2, -1, -1, -1, -1, -1, -1, -1, -1, -1, -1, -1, 4, 4, 4, 4, -1, -1, 4, 4, 4, 4, 4, 4, 4, 4, 4, 4, 4, 4, 4, 4, 4, 4, -1, -1, -1, -1, -1, -1, -1, 5, 5, -1, -1, 5, 5, 5, 5, 5, 5, 5, 5, 5, -1, -1, -1, -1, -1, 6, -1, 6, 6, 6, 6, -1, 6, 6, 6, 6, 6, -1, -1, -1, -1, -1, 6, 6, -1, -1, -1, -1, -1, -1, -1, -1, -1, -1, -1, -1, -1, 7, -1, -1, -1, -1, 7, 7, 7, 7, 7, 7, 7, 7, 7, -1, -1, -1, -1, -1, 7, 7, 7, 7, 7, 7, 7, 7, 7, 7, 7, 7, 7, 7, 7, 7, -1, -1, -1, -1, -1, -1, -1, -1, 7, 7, 7, 7, 7, 7, 7, 7, -1, -1, -1, -1, 8, 8, 8, -1, -1, -1, -1, 8, 8, 8, 8, 8, 8, 8, 8, 8, 8, 8, 8, 8, -1, 9, 9, 9, 9, 9, 9, 9, 9, 9, 9, 9, 9, 9, -1, 9, 9, 9, 9, 9, 9, 9, 9, 9, 9, 9, 9, 9, 9, 9, 9, 9, 9, 9, 9, 9, 9, 9, 9, 9, 9, 9, 9, 9, 9, 9, 8, -1, 10, 10, 10, 10, 10, 10, 10, 10, 10, 10, 10, 10, -1, 10, 10, -1, 11, 11, 11, 11, 11, 11, 11, 11, 11, -1, -1, -1, 12, 12, 12, 12, 12, 12, -1, -1, -1, -1, -1, -1, -1, -1, -1, -1, 12, 12, -1, -1, -1, 13, 13, 13, 13, 13, 13, 13, 13, 13, 13, 13, 13, 13, 13, 13], "eps": 0.8, "min_samples": 8, "davies_bouldin": 1.350247, "calinski_harabasz": 47.828858, "silhouette_coefficient": 0.068956, "cluster_acc": -1, "rand_index": 0.440312, "adjusted_rand_index": 0.028776, "mutual_info": 0.349725, "normalized_mutual_info": 0.247249, "adjusted_mutual_info": 0.236359, "homogeneity": 0.610219, "completeness": 0.155033, "v_measure": 0.247249, "h_c_v_m": [0.610219, 0.155033, 0.247249], "fowlkes_mallows_index": 0.345091}