{"label": [-1, -1, -1, -1, -1, -1, -1, -1, -1, 0, 0, 0, 0, 0, -1, -1, 0, 0, 0, 0, 0, 0, 0, 0, -1, -1, -1, -1, 0, -1, -1, -1, -1, -1, -1, -1, -1, -1, -1, -1, 1, 1, 1, 1, 1, 1, 1, 1, 1, 1, -1, -1, -1, -1, -1, -1, -1, -1, 1, -1, -1, 2, 2, 2, 2, 2, 2, 2, 2, 2, -1, -1, 2, -1, -1, -1, 2, 3, 3, 3, 3, 3, 3, 3, 3, 3, 3, 3, 3, 3, 3, 3, -1, 3, 3, 3, -1, -1, -1, -1, -1, -1, -1, -1, -1, -1, -1, 4, 4, 4, 4, -1, -1, 4, 4, 4, 4, 4, 4, 4, 4, 4, 4, 4, 4, 4, 4, 4, 4, -1, -1, -1, -1, -1, -1, -1, -1, -1, -1, -1, -1, -1, -1, -1, -1, -1, -1, -1, -1, -1, -1, -1, -1, -1, 5, -1, 5, 5, 5, -1, -1, 5, 5, 5, 5, 5, -1, -1, -1, -1, -1, 5, -1, -1, -1, -1, -1, -1, -1, -1, -1, -1, -1, -1, -1, -1, -1, -1, -1, -1, -1, -1, -1, -1, -1, -1, 6, 6, 6, -1, -1, -1, -1, -1, -1, -1, 6, 6, 6, 6, 6, 6, 6, 6, 6, 6, 6, 6, -1, -1, -1, -1, -1, -1, -1, 7, -1, -1, -1, -1, -1, -1, -1, -1, -1, -1, -1, -1, -1, -1, -1, 7, 7, 7, 7, -1, -1, -1, 7, 7, 7, 7, 7, 7, 7, 7, 7, 7, 7, 7, 7, -1, -1, -1, -1, -1, -1, -1, -1, -1, -1, -1, -1, -1, -1, -1, -1, -1, -1, -1, -1, -1, -1, -1, -1, -1, -1, -1, -1, -1, -1, -1, -1, -1, -1, -1, -1, -1, -1, -1, -1, -1, -1, -1, -1, -1, -1, 7, -1, -1, -1, -1, -1, -1, -1, -1, -1, -1, -1, -1, -1, -1, -1, -1, 8, 8, 8, 8, 8, 8, 8, 8, 8, 8, 8, 8, 8, -1, -1, -1, -1, -1, -1, 8, 8, 8, 8, 8, 8, 8, 8, 8, 8, -1, -1, -1, 9, 9, 9, 9, 9, 9, 9, 9, 9, 9, 9, 9, 9, 9, 9, 9, 9], "eps": 0.3, "min_samples": 10, "davies_bouldin": 1.289455, "calinski_harabasz": 27.929514, "silhouette_coefficient": -0.144316, "cluster_acc": -1, "rand_index": 0.522341, "adjusted_rand_index": 0.106029, "mutual_info": 0.284677, "normalized_mutual_info": 0.257006, "adjusted_mutual_info": 0.247292, "homogeneity": 0.496721, "completeness": 0.173349, "v_measure": 0.257006, "h_c_v_m": [0.496721, 0.173349, 0.257006], "fowlkes_mallows_index": 0.524521}