{"label": [-1, -1, -1, -1, -1, -1, -1, -1, -1, -1, 0, 0, 0, -1, -1, -1, -1, -1, 0, 0, 0, 0, 0, -1, -1, -1, 5, 5, -1, -1, 1, 1, 5, 5, 5, 5, 5, 5, -1, -1, 1, 1, 1, 1, 1, 1, 1, 1, 1, 1, 4, 4, 4, -1, 5, 4, 4, 4, 1, 1, 1, 2, 2, 2, 2, 2, 2, 2, 2, 2, -1, 3, 2, -1, -1, -1, -1, 3, 3, 3, 3, -1, 3, 3, -1, -1, -1, -1, -1, 3, 3, -1, -1, -1, -1, -1, -1, -1, -1, -1, -1, -1, -1, -1, -1, 7, -1, -1, -1, 7, -1, -1, -1, -1, 6, 6, 6, 6, 6, 6, 7, 7, 7, 7, 7, 7, 7, -1, -1, -1, -1, -1, -1, -1, -1, -1, -1, -1, -1, -1, -1, -1, 8, 8, 8, 8, 8, 8, 8, -1, -1, -1, -1, -1, 9, 9, 9, 9, 9, -1, -1, 9, 9, 9, 9, 9, 10, 10, 10, 10, 10, 9, 9, -1, 10, -1, -1, -1, -1, -1, -1, -1, -1, -1, -1, -1, 11, -1, -1, -1, -1, 11, 11, 11, 11, 11, 11, 11, 11, 11, -1, -1, -1, -1, -1, -1, 11, 11, 11, 11, -1, -1, -1, -1, -1, 11, 12, 12, 12, 12, 12, 13, 13, 13, 13, 13, 13, 13, -1, -1, 12, 12, 12, -1, 12, -1, -1, -1, -1, -1, -1, 14, 14, 14, -1, -1, -1, -1, 14, 14, 14, 14, 14, 14, 14, 14, 14, 14, 14, 14, 14, 14, -1, -1, 15, 15, 15, -1, 16, 15, 15, 15, 15, -1, -1, -1, -1, -1, -1, -1, -1, -1, -1, -1, 15, -1, -1, -1, -1, 16, 16, 16, 16, 16, 16, 16, -1, -1, 16, -1, -1, -1, -1, -1, -1, -1, -1, 14, -1, 17, 17, 17, 17, -1, 17, 17, 17, 17, 17, -1, -1, -1, -1, -1, -1, 18, 18, 18, 18, 18, 18, 18, 18, 18, -1, -1, -1, 20, 20, 20, 20, 20, 20, 19, 19, 19, 19, 19, 19, 19, 19, 19, 19, -1, -1, -1, -1, -1, -1, 21, 21, 21, 21, 21, 21, -1, -1, -1, -1, -1, -1, -1, -1], "eps": 0.7, "min_samples": 6, "davies_bouldin": 1.203247, "calinski_harabasz": 21.122819, "silhouette_coefficient": -0.071266, "cluster_acc": -1, "rand_index": 0.456643, "adjusted_rand_index": 0.03618, "mutual_info": 0.324451, "normalized_mutual_info": 0.222544, "adjusted_mutual_info": 0.204344, "homogeneity": 0.56612, "completeness": 0.138493, "v_measure": 0.222544, "h_c_v_m": [0.56612, 0.138493, 0.222544], "fowlkes_mallows_index": 0.395822}