{"label": [0, 3, 4, 4, -1, -1, -1, 1, 5, 2, 6, -1, -1, 5, -1, -1, -1, 0, -1, 6, -1, 6, -1, -1, -1, 3, -1, 0, -1, 4, -1, -1, -1, -1, 2, -1, -1, 2, 5, 1, 0, -1, -1, -1, 6, 3, 6, 4, 6, 1, 10, -1, 10, -1, -1, 9, -1, 7, -1, -1, 7, 11, -1, 11, -1, 10, -1, -1, -1, 8, 14, -1, -1, -1, -1, 10, -1, -1, 11, -1, 8, 8, 9, -1, -1, -1, 10, -1, 9, -1, 9, 11, -1, 7, 9, 9, 9, -1, 7, 9, 15, 16, -1, 12, -1, -1, -1, 17, -1, -1, 12, -1, -1, 16, -1, -1, 12, -1, -1, -1, 13, 16, -1, -1, -1, 17, -1, 14, -1, 17, 17, -1, -1, -1, -1, -1, 15, 12, 14, -1, 13, -1, 16, 13, 13, 13, -1, 12, 15, 14], "eps": 0.3, "min_samples": 3, "davies_bouldin": 1.551381, "calinski_harabasz": 6.481448, "silhouette_coefficient": -0.143333, "cluster_acc": -1, "rand_index": 0.595436, "adjusted_rand_index": 0.03198, "mutual_info": 0.534577, "normalized_mutual_info": 0.33241, "adjusted_mutual_info": 0.263231, "homogeneity": 0.486593, "completeness": 0.252425, "v_measure": 0.33241, "h_c_v_m": [0.486593, 0.252425, 0.33241], "fowlkes_mallows_index": 0.315379}