{"label": [0, 1, 1, 1, 0, -1, 0, 0, 1, 1, 2, 0, 1, 1, -1, -1, -1, 0, -1, 2, 0, 2, -1, 0, 0, 1, 0, 0, 0, 1, 1, -1, -1, -1, 1, 0, -1, 1, 1, 0, 0, -1, 1, -1, 2, 1, 2, 1, 2, 0, -1, -1, 4, -1, -1, 3, -1, -1, 4, -1, -1, 4, -1, 4, -1, 4, -1, -1, -1, -1, 7, -1, -1, -1, 4, 4, 4, -1, 4, -1, -1, -1, -1, -1, -1, -1, 4, -1, 3, -1, 3, 4, -1, -1, 3, 3, 3, 4, -1, 3, -1, 8, -1, 5, -1, -1, -1, -1, -1, -1, -1, -1, -1, 8, -1, -1, 5, -1, -1, -1, 6, 8, -1, -1, -1, -1, -1, 7, -1, -1, -1, -1, -1, -1, -1, -1, -1, 5, 7, -1, 6, -1, 8, 6, 6, -1, -1, 5, -1, 7], "eps": 1.0, "min_samples": 4, "davies_bouldin": 2.613831, "calinski_harabasz": 18.499214, "silhouette_coefficient": -0.119287, "cluster_acc": -1, "rand_index": 0.637673, "adjusted_rand_index": 0.156773, "mutual_info": 0.56241, "normalized_mutual_info": 0.404786, "adjusted_mutual_info": 0.372911, "homogeneity": 0.511927, "completeness": 0.334731, "v_measure": 0.404786, "h_c_v_m": [0.511927, 0.334731, 0.404786], "fowlkes_mallows_index": 0.419466}