{"label": [0, 1, -1, 1, 0, -1, -1, 0, -1, 1, -1, 0, 1, -1, -1, -1, -1, 0, -1, -1, 0, -1, -1, -1, -1, 1, 0, 0, 0, -1, 1, -1, -1, -1, 1, 1, -1, 1, 1, 0, 0, -1, 1, -1, -1, 1, -1, 1, -1, 0, -1, -1, -1, -1, -1, 2, -1, -1, -1, -1, -1, -1, -1, -1, 2, -1, -1, -1, -1, -1, -1, -1, -1, -1, -1, -1, -1, -1, -1, -1, -1, -1, -1, -1, -1, -1, -1, -1, 2, -1, -1, -1, -1, -1, 2, 2, 2, -1, -1, 2, -1, -1, 3, -1, 3, -1, -1, -1, -1, -1, -1, -1, 3, -1, -1, 3, -1, -1, -1, -1, 3, -1, -1, -1, 3, -1, -1, -1, -1, -1, -1, -1, -1, -1, -1, -1, -1, -1, -1, 3, 3, 3, -1, 3, 3, 3, -1, -1, -1, -1], "eps": 0.3, "min_samples": 7, "davies_bouldin": 2.370214, "calinski_harabasz": 21.110818, "silhouette_coefficient": -0.214465, "cluster_acc": -1, "rand_index": 0.534944, "adjusted_rand_index": 0.081618, "mutual_info": 0.339327, "normalized_mutual_info": 0.322698, "adjusted_mutual_info": 0.303371, "homogeneity": 0.308869, "completeness": 0.337824, "v_measure": 0.322698, "h_c_v_m": [0.308869, 0.337824, 0.322698], "fowlkes_mallows_index": 0.463033}