{"label": [0, 1, 1, 1, 0, -1, -1, 0, -1, 1, -1, 0, 1, -1, -1, -1, -1, 0, -1, -1, 0, 1, -1, -1, 0, 1, 0, 0, 0, 1, 1, -1, -1, -1, 1, 1, 0, 1, 1, 0, 0, -1, 1, -1, -1, 1, -1, 1, 0, 0, -1, -1, -1, -1, -1, -1, -1, -1, -1, -1, -1, -1, -1, -1, -1, -1, -1, -1, -1, -1, -1, -1, -1, -1, -1, -1, -1, -1, -1, -1, -1, -1, -1, -1, -1, -1, -1, -1, -1, -1, -1, -1, -1, -1, -1, -1, -1, -1, -1, -1, -1, -1, 2, -1, 2, -1, -1, -1, -1, -1, 2, -1, 2, -1, -1, 2, -1, -1, -1, -1, 2, -1, -1, -1, 2, -1, -1, -1, -1, -1, -1, -1, -1, -1, -1, -1, -1, 2, -1, 2, 2, 2, -1, 2, 2, 2, -1, 2, -1, -1], "eps": 0.4, "min_samples": 9, "davies_bouldin": 0.996807, "calinski_harabasz": 39.452313, "silhouette_coefficient": -0.010588, "cluster_acc": -1, "rand_index": 0.577718, "adjusted_rand_index": 0.160502, "mutual_info": 0.385052, "normalized_mutual_info": 0.375334, "adjusted_mutual_info": 0.362235, "homogeneity": 0.35049, "completeness": 0.40397, "v_measure": 0.375334, "h_c_v_m": [0.35049, 0.40397, 0.375334], "fowlkes_mallows_index": 0.507742}