{"label": [-1, 1, 1, 1, -1, -1, -1, 0, -1, 1, -1, 0, 1, -1, -1, -1, -1, 0, -1, -1, 0, -1, -1, -1, 0, 1, 0, 0, 0, 1, 1, -1, -1, -1, 1, 1, 0, 1, 1, 0, 0, -1, 1, -1, -1, 1, -1, 1, 0, 0, -1, -1, -1, -1, -1, -1, -1, -1, -1, -1, -1, 2, -1, -1, 2, -1, -1, 2, -1, 2, -1, 2, -1, -1, -1, -1, -1, -1, -1, 2, -1, -1, 2, -1, -1, -1, -1, -1, 2, -1, -1, -1, 2, -1, 2, 2, 2, -1, -1, 2, -1, -1, -1, -1, -1, -1, -1, -1, -1, -1, -1, -1, -1, -1, -1, -1, -1, -1, -1, -1, -1, -1, -1, -1, -1, -1, -1, -1, -1, -1, -1, -1, -1, -1, -1, -1, -1, -1, -1, -1, -1, -1, -1, -1, -1, -1, -1, -1, -1, -1], "eps": 0.5, "min_samples": 10, "davies_bouldin": 1.871787, "calinski_harabasz": 25.648806, "silhouette_coefficient": -0.094109, "cluster_acc": -1, "rand_index": 0.547562, "adjusted_rand_index": 0.125109, "mutual_info": 0.33762, "normalized_mutual_info": 0.340204, "adjusted_mutual_info": 0.325762, "homogeneity": 0.307315, "completeness": 0.380978, "v_measure": 0.340204, "h_c_v_m": [0.307315, 0.380978, 0.340204], "fowlkes_mallows_index": 0.501376}