{"label": [0, 1, -1, 1, 0, -1, -1, 0, -1, 1, -1, 0, 1, -1, -1, -1, -1, 0, -1, -1, 0, -1, -1, -1, -1, 1, 0, 0, 0, 1, 1, -1, -1, -1, 1, 0, -1, 1, 1, 0, 0, -1, 1, -1, -1, 1, -1, 1, -1, 0, -1, -1, -1, -1, -1, 2, -1, -1, -1, -1, -1, -1, -1, 3, 2, -1, -1, -1, -1, -1, -1, -1, -1, 3, 3, -1, -1, -1, 3, -1, -1, -1, 2, -1, -1, -1, -1, -1, 2, -1, -1, 3, -1, -1, 2, 2, 2, 3, -1, 2, -1, -1, -1, 4, -1, -1, -1, -1, -1, -1, -1, 4, -1, -1, -1, -1, -1, -1, -1, -1, -1, -1, -1, -1, -1, -1, 4, 4, 4, -1, -1, -1, -1, -1, -1, -1, -1, -1, 4, -1, -1, -1, -1, -1, -1, -1, 4, -1, -1, -1], "eps": 0.6, "min_samples": 6, "davies_bouldin": 3.179395, "calinski_harabasz": 13.954248, "silhouette_coefficient": -0.268248, "cluster_acc": -1, "rand_index": 0.544519, "adjusted_rand_index": 0.082603, "mutual_info": 0.362842, "normalized_mutual_info": 0.328548, "adjusted_mutual_info": 0.304979, "homogeneity": 0.330273, "completeness": 0.326842, "v_measure": 0.328548, "h_c_v_m": [0.330273, 0.326842, 0.328548], "fowlkes_mallows_index": 0.452419}