{"label": [0, 6, 7, 7, -1, 11, -1, 2, 8, 5, 9, 3, -1, 8, -1, -1, 11, 1, -1, 10, -1, 10, -1, 4, 3, 6, 4, 0, 2, 7, 7, -1, 12, 12, 5, -1, -1, 5, 8, 2, 1, -1, -1, -1, -1, 6, 10, 7, 9, 2, -1, 22, -1, 17, -1, 16, 22, 13, -1, -1, 13, 20, -1, 20, -1, 19, 21, -1, 33, 14, 30, 18, -1, -1, 18, 19, -1, -1, 20, -1, 14, 14, 15, -1, 21, -1, -1, 33, 16, 17, -1, 20, 15, 13, 16, 16, 16, 18, 13, 16, 31, 32, -1, 23, 28, 35, -1, 34, -1, -1, 24, 29, 25, 32, -1, 31, 23, 36, -1, 33, 27, 32, 35, 29, -1, -1, 29, 30, 28, -1, 34, 36, 28, -1, -1, 35, 31, 23, 30, 25, 27, 26, 32, 27, -1, 26, -1, 24, 31, 30], "eps": 0.8, "min_samples": 2, "davies_bouldin": 1.422567, "calinski_harabasz": 6.832445, "silhouette_coefficient": 0.055032, "cluster_acc": -1, "rand_index": 0.648949, "adjusted_rand_index": 0.032046, "mutual_info": 0.743086, "normalized_mutual_info": 0.353906, "adjusted_mutual_info": 0.239613, "homogeneity": 0.676386, "completeness": 0.239649, "v_measure": 0.353906, "h_c_v_m": [0.676386, 0.239649, 0.353906], "fowlkes_mallows_index": 0.212486}