{"label": [0, 1, 1, 1, 0, -1, -1, 0, -1, 1, -1, 0, 1, -1, -1, -1, -1, 0, -1, -1, 0, 1, -1, -1, -1, 1, 0, 0, 0, 1, 1, -1, -1, -1, 1, -1, -1, 1, 1, 0, 0, -1, 1, -1, -1, 1, -1, 1, -1, 0, -1, -1, -1, -1, -1, 2, -1, -1, -1, -1, -1, 2, -1, -1, 2, -1, 2, 2, -1, 2, -1, 2, -1, -1, -1, -1, -1, -1, -1, 2, 2, 2, 2, -1, -1, -1, -1, -1, 2, 2, 2, -1, 2, -1, 2, 2, 2, -1, -1, 2, -1, -1, 3, -1, 3, -1, -1, -1, -1, -1, 3, -1, 3, -1, -1, 3, -1, -1, -1, -1, 3, -1, -1, -1, 3, -1, -1, -1, -1, -1, -1, -1, 3, -1, -1, -1, -1, -1, -1, 3, 3, 3, -1, 3, 3, 3, -1, 3, -1, -1], "eps": 0.6, "min_samples": 8, "davies_bouldin": 1.951454, "calinski_harabasz": 25.294231, "silhouette_coefficient": -0.079804, "cluster_acc": -1, "rand_index": 0.595705, "adjusted_rand_index": 0.125838, "mutual_info": 0.455402, "normalized_mutual_info": 0.390463, "adjusted_mutual_info": 0.375374, "homogeneity": 0.414525, "completeness": 0.369042, "v_measure": 0.390463, "h_c_v_m": [0.414525, 0.369042, 0.390463], "fowlkes_mallows_index": 0.439533}