{"label": [0, 1, 1, 1, 0, -1, 0, 0, -1, 1, -1, 0, 1, -1, -1, -1, -1, 0, -1, -1, 0, -1, -1, -1, 0, 1, 0, 0, 0, 1, 1, -1, -1, -1, 1, 0, -1, 1, 1, 0, 0, -1, 1, -1, -1, 1, -1, 1, -1, 0, -1, -1, -1, -1, 4, 2, -1, -1, 4, -1, -1, -1, -1, 3, 2, 4, -1, -1, -1, -1, -1, -1, -1, 3, 3, 4, -1, -1, -1, -1, -1, -1, 2, -1, -1, -1, 4, -1, 2, -1, 2, 3, -1, -1, 2, 2, 2, 3, -1, 2, -1, -1, -1, -1, -1, -1, -1, -1, -1, -1, -1, -1, -1, -1, -1, -1, -1, -1, -1, -1, -1, -1, -1, -1, -1, -1, -1, -1, -1, -1, -1, -1, -1, -1, -1, -1, -1, -1, -1, -1, -1, -1, -1, -1, -1, -1, -1, -1, -1, -1], "eps": 0.9, "min_samples": 5, "davies_bouldin": 3.202065, "calinski_harabasz": 16.453956, "silhouette_coefficient": -0.212199, "cluster_acc": -1, "rand_index": 0.572796, "adjusted_rand_index": 0.135826, "mutual_info": 0.393562, "normalized_mutual_info": 0.356484, "adjusted_mutual_info": 0.33361, "homogeneity": 0.358236, "completeness": 0.35475, "v_measure": 0.356484, "h_c_v_m": [0.358236, 0.35475, 0.356484], "fowlkes_mallows_index": 0.482943}